Name	Completeness	Contamination	Completeness_Model_Used	Translation_Table_Used	Coding_Density	Contig_N50	Average_Gene_Length	Genome_Size	GC_Content	Total_Coding_Sequences	Total_Contigs	Max_Contig_Length	Additional_Notes
INF002	100.0	0.77	Neural Network (Specific Model)	11	0.878	5425360	319.27531461761856	5627296	0.57	5165	3	5425360	None
INF004	100.0	0.19	Neural Network (Specific Model)	11	0.874	5266612	319.7279591836735	5366531	0.57	4900	3	5266612	None
INF005	100.0	0.83	Neural Network (Specific Model)	11	0.872	5570501	311.1570587185436	5985226	0.57	5603	8	5570501	None
INF006	100.0	0.63	Neural Network (Specific Model)	11	0.876	5301918	316.6333913716386	5594491	0.57	5169	4	5301918	None
INF007	100.0	0.18	Neural Network (Specific Model)	11	0.872	5243601	314.60181607418855	5590104	0.57	5176	3	5243601	None
INF008	100.0	0.21	Neural Network (Specific Model)	11	0.877	5325685	316.93869209809264	5562892	0.57	5138	2	5325685	None
INF011	100.0	0.03	Neural Network (Specific Model)	11	0.875	5305410	317.1946920182214	5480623	0.57	5049	3	5305410	None
INF012	100.0	0.06	Neural Network (Specific Model)	11	0.879	5310414	318.4180294358136	5310414	0.57	4892	1	5310414	None
INF014	100.0	0.07	Neural Network (Specific Model)	11	0.876	5348706	318.5781803859787	5528502	0.57	5078	4	5348706	None
INF016	100.0	0.55	Neural Network (Specific Model)	11	0.873	5194052	308.0324056423942	5544953	0.57	5246	5	5194052	None
INF017	100.0	0.21	Neural Network (Specific Model)	11	0.877	5313584	318.1695730607336	5424616	0.57	4989	2	5313584	None
INF019	100.0	0.58	Neural Network (Specific Model)	11	0.872	5330523	309.16059602649005	5769326	0.57	5436	3	5330523	None
INF023	100.0	0.6	Neural Network (Specific Model)	11	0.877	5281715	315.4412342767296	5480651	0.57	5088	3	5281715	None
INF024	100.0	0.57	Neural Network (Specific Model)	11	0.873	5280118	308.9648991784914	5678198	0.57	5356	5	5280118	None
INF025	100.0	0.3	Neural Network (Specific Model)	11	0.872	5120583	312.7241719242902	5445572	0.57	5072	3	5120583	None
INF027	100.0	0.09	Neural Network (Specific Model)	11	0.876	5311909	318.3270142180095	5508201	0.57	5064	2	5311909	None
INF028	100.0	0.06	Neural Network (Specific Model)	11	0.874	5283163	316.9059760956175	5452935	0.57	5020	2	5283163	None
INF030	100.0	0.35	Neural Network (Specific Model)	11	0.875	5231104	312.6777408637874	5479628	0.57	5117	4	5231104	None
INF033	100.0	0.73	Neural Network (Specific Model)	11	0.874	5226329	310.3914378959493	5540704	0.57	5209	4	5226329	None
INF034	100.0	0.1	Neural Network (Specific Model)	11	0.877	5369948	318.32258702531647	5498261	0.57	5056	2	5369948	None
INF035	100.0	5.32	Neural Network (Specific Model)	11	0.878	5123688	318.4239547566148	5378601	0.58	4951	10	5123688	None
INF036	100.0	0.15	Neural Network (Specific Model)	11	0.878	5512260	314.89676665368137	5512260	0.58	5134	1	5512260	None
INF038	100.0	0.03	Neural Network (Specific Model)	11	0.878	5281190	316.93820339676694	5281190	0.58	4887	1	5281190	None
INF039	100.0	0.05	Neural Network (Specific Model)	11	0.879	5233614	318.8874584717608	5233614	0.58	4816	1	5233614	None
INF040	100.0	0.14	Neural Network (Specific Model)	11	0.877	5357722	311.2382651145325	5661409	0.57	5326	3	5357722	None
INF041	100.0	0.4	Neural Network (Specific Model)	11	0.876	5262330	316.8268998793727	5390571	0.57	4974	3	5262330	None
INF045	100.0	0.34	Neural Network (Specific Model)	11	0.875	5258393	312.4476923076923	5563734	0.57	5200	4	5258393	None
INF046	100.0	0.09	Neural Network (Specific Model)	11	0.873	5360578	314.4718951766046	5680946	0.57	5266	4	5360578	None
INF047	100.0	0.5	Neural Network (Specific Model)	11	0.88	5479294	317.41655385805456	5586301	0.57	5171	2	5479294	None
INF048	100.0	0.74	Neural Network (Specific Model)	11	0.878	5576981	314.25037230081904	5755387	0.57	5372	2	5576981	None
INF051	100.0	0.08	Neural Network (Specific Model)	11	0.879	5249916	320.2887733887734	5249916	0.58	4810	1	5249916	None
INF052	100.0	0.09	Neural Network (Specific Model)	11	0.878	5343665	315.7940346634422	5343665	0.57	4962	1	5343665	None
INF053	100.0	0.66	Neural Network (Specific Model)	11	0.875	5280992	316.2058365758755	5563966	0.57	5140	5	5280992	None
INF054	100.0	0.26	Neural Network (Specific Model)	11	0.877	5315156	315.9524361948956	5582999	0.57	5172	5	5315156	None
INF055	100.0	0.06	Neural Network (Specific Model)	11	0.877	5281850	318.89560995346955	5381688	0.57	4943	3	5281850	None
INF056	100.0	0.05	Neural Network (Specific Model)	11	0.873	5365855	314.36008468052347	5601366	0.57	5196	2	5365855	None
INF062	100.0	1.07	Neural Network (Specific Model)	11	0.874	5537724	309.78033205619414	5815831	0.57	5481	3	5537724	None
INF063	100.0	0.14	Neural Network (Specific Model)	11	0.876	5296344	313.1454724409449	5437984	0.57	5080	2	5296344	None
INF066	100.0	0.1	Neural Network (Specific Model)	11	0.879	5280133	318.65515114127084	5280133	0.58	4863	1	5280133	None
INF068	100.0	0.19	Neural Network (Specific Model)	11	0.875	5259842	315.2938286163522	5491207	0.57	5088	2	5259842	None
INF070	100.0	0.71	Neural Network (Specific Model)	11	0.875	5228905	315.67507163323785	5656328	0.57	5235	3	5228905	None
INF071	100.0	0.58	Neural Network (Specific Model)	11	0.876	5309911	314.7868344627299	5557593	0.57	5165	3	5309911	None
INF072	100.0	0.12	Neural Network (Specific Model)	11	0.877	5362697	315.16391237509606	5602433	0.57	5204	2	5362697	None
INF074	100.0	5.45	Neural Network (Specific Model)	11	0.874	5282075	310.1079677708147	5933570	0.57	5585	13	5282075	None
INF077	100.0	0.1	Neural Network (Specific Model)	11	0.875	5345091	316.1212305201376	5345091	0.57	4941	1	5345091	None
INF080	99.99	0.32	Neural Network (Specific Model)	11	0.875	5503677	311.4437593423019	5706614	0.57	5352	2	5503677	None
INF081	100.0	0.15	Neural Network (Specific Model)	11	0.874	5480114	316.4588324776573	5700940	0.57	5259	2	5480114	None
INF082	100.0	0.49	Neural Network (Specific Model)	11	0.875	5315182	310.1356981981982	5654691	0.57	5328	3	5315182	None
INF083	100.0	0.14	Neural Network (Specific Model)	11	0.876	5302829	317.2113483590352	5484834	0.57	5058	2	5302829	None
INF084	100.0	0.15	Neural Network (Specific Model)	11	0.874	5116465	317.65017308083895	5344839	0.57	4911	2	5116465	None
INF087	100.0	0.61	Neural Network (Specific Model)	11	0.878	5188784	316.01978630787494	5448026	0.57	5054	4	5188784	None
INF088	100.0	0.75	Neural Network (Specific Model)	11	0.873	5321153	310.1675634127594	5533885	0.57	5204	3	5321153	None
INF089	100.0	0.33	Neural Network (Specific Model)	11	0.875	5301454	319.22846889952154	5479625	0.58	5016	2	5301454	None
INF091	100.0	0.07	Neural Network (Specific Model)	11	0.875	5348836	315.01307692307694	5604333	0.57	5200	2	5348836	None
INF092	100.0	0.09	Neural Network (Specific Model)	11	0.878	5342855	316.5517380759903	5342855	0.57	4948	1	5342855	None
INF097	100.0	0.26	Neural Network (Specific Model)	11	0.877	5458111	315.61429678419216	5566424	0.57	5162	2	5458111	None
INF098	100.0	0.71	Neural Network (Specific Model)	11	0.878	5317468	314.9296164491894	5434556	0.57	5058	3	5317468	None
INF100	100.0	0.02	Neural Network (Specific Model)	11	0.873	5073547	315.6712915731483	5306810	0.57	4901	2	5073547	None
INF101	100.0	0.79	Neural Network (Specific Model)	11	0.878	5329919	320.8420844065782	5525351	0.57	5047	3	5329919	None
INF103	100.0	0.17	Neural Network (Specific Model)	11	0.877	5514456	312.0042490301127	5764594	0.57	5413	5	5514456	None
INF104	100.0	0.07	Neural Network (Specific Model)	11	0.875	5348837	315.63535589264876	5556783	0.57	5142	2	5348837	None
INF106	100.0	0.07	Neural Network (Specific Model)	11	0.879	5108881	318.6373648786457	5323826	0.57	4903	2	5108881	None
INF109	100.0	0.05	Neural Network (Specific Model)	11	0.879	5177297	321.5896675841626	5177297	0.58	4723	1	5177297	None
INF110	100.0	0.91	Neural Network (Specific Model)	11	0.876	5291815	316.0572496557151	5495432	0.57	5083	2	5291815	None
INF113	100.0	0.46	Neural Network (Specific Model)	11	0.875	5323523	316.29566563467495	5593361	0.57	5168	5	5323523	None
INF114	100.0	0.59	Neural Network (Specific Model)	11	0.876	5577312	318.6387665198238	5687816	0.57	5221	2	5577312	None
INF117	100.0	0.04	Neural Network (Specific Model)	11	0.879	5150294	319.0363099007811	5150294	0.58	4737	1	5150294	None
INF118	100.0	0.63	Neural Network (Specific Model)	11	0.873	5472606	304.94646374216654	5841966	0.57	5585	5	5472606	None
INF120	100.0	0.1	Neural Network (Specific Model)	11	0.874	5328182	313.606785644244	5477101	0.57	5099	2	5328182	None
INF123	100.0	0.06	Neural Network (Specific Model)	11	0.877	5488183	316.7881355932203	5488183	0.57	5074	1	5488183	None
INF128	100.0	0.39	Neural Network (Specific Model)	11	0.872	5237976	306.75790047221216	5799595	0.57	5506	8	5237976	None
INF129	100.0	0.11	Neural Network (Specific Model)	11	0.875	5235873	316.09166998804307	5430502	0.57	5018	2	5235873	None
INF130	100.0	0.38	Neural Network (Specific Model)	11	0.877	5201810	311.7669158878505	5694360	0.57	5350	6	5201810	None
INF131	100.0	0.14	Neural Network (Specific Model)	11	0.877	5328701	314.43320572234535	5328701	0.57	4963	1	5328701	None
INF132	100.0	0.13	Neural Network (Specific Model)	11	0.877	5152616	319.79868616232255	5152616	0.58	4719	1	5152616	None
INF136	100.0	1.07	Neural Network (Specific Model)	11	0.873	5660135	307.1990391214825	6140520	0.57	5828	6	5660135	None
INF137	100.0	0.07	Neural Network (Specific Model)	11	0.877	5264630	317.06210158338473	5264630	0.57	4863	1	5264630	None
INF138	100.0	0.19	Neural Network (Specific Model)	11	0.877	5212186	320.6871848739496	5212186	0.57	4760	1	5212186	None
INF139	100.0	0.16	Neural Network (Specific Model)	11	0.875	5439887	317.45253040408005	5537783	0.57	5098	2	5439887	None
INF143	100.0	0.91	Neural Network (Specific Model)	11	0.878	5347816	315.2608353033885	5457117	0.57	5076	2	5347816	None
INF149	100.0	0.09	Neural Network (Specific Model)	11	0.877	5312134	316.0609384521633	5312134	0.57	4923	1	5312134	None
INF150	100.0	0.07	Neural Network (Specific Model)	11	0.879	5306383	319.4902564102564	5306383	0.58	4875	1	5306383	None
INF152	100.0	0.21	Neural Network (Specific Model)	11	0.879	5439828	320.0425105273712	5439828	0.58	4987	1	5439828	None
INF153	100.0	0.14	Neural Network (Specific Model)	11	0.876	5302738	317.16903914590745	5484743	0.57	5058	2	5302738	None
INF155	100.0	0.5	Neural Network (Specific Model)	11	0.875	5253964	317.2806636381592	5501628	0.57	5063	3	5253964	None
INF159	100.0	0.18	Neural Network (Specific Model)	11	0.875	5363989	313.3888996325662	5546815	0.57	5171	2	5363989	None
INF162	100.0	0.67	Neural Network (Specific Model)	11	0.875	5203405	313.19317053801865	5398043	0.57	5037	2	5203405	None
INF165	100.0	0.38	Neural Network (Specific Model)	11	0.871	5339356	310.80788543797655	5747229	0.57	5377	3	5339356	None
INF166	100.0	0.01	Neural Network (Specific Model)	11	0.874	5230981	314.5202716197324	5395974	0.57	5007	2	5230981	None
INF167	100.0	0.35	Neural Network (Specific Model)	11	0.876	5308053	315.35157609746665	5573835	0.57	5171	2	5308053	None
INF169	100.0	0.14	Neural Network (Specific Model)	11	0.877	5551636	313.8613193403298	5717439	0.57	5336	3	5551636	None
INF170	100.0	0.36	Neural Network (Specific Model)	11	0.872	5327771	307.2921550946799	5853874	0.57	5545	3	5327771	None
INF172	100.0	0.26	Neural Network (Specific Model)	11	0.874	5092292	315.61500513874614	5264344	0.57	4865	2	5092292	None
INF173	100.0	0.23	Neural Network (Specific Model)	11	0.876	5218084	316.8538205980066	5218084	0.57	4816	1	5218084	None
INF175	100.0	0.13	Neural Network (Specific Model)	11	0.88	5322804	317.69063579118426	5322804	0.57	4923	1	5322804	None
INF180	100.0	0.13	Neural Network (Specific Model)	11	0.873	5070595	315.10085337470906	5576685	0.57	5156	3	5070595	None
INF183	100.0	0.14	Neural Network (Specific Model)	11	0.872	5270995	311.69739593233226	5634921	0.57	5261	3	5270995	None
INF184	100.0	0.24	Neural Network (Specific Model)	11	0.877	5168662	316.0641363913132	5317698	0.57	4927	2	5168662	None
INF186	100.0	0.08	Neural Network (Specific Model)	11	0.88	5109232	318.0040271301399	5109232	0.58	4718	1	5109232	None
INF187	100.0	1.04	Neural Network (Specific Model)	11	0.876	5459437	318.85730724971233	5683419	0.57	5214	2	5459437	None
INF189	100.0	0.11	Neural Network (Specific Model)	11	0.875	5430323	316.4188481675393	5581859	0.57	5157	2	5430323	None
INF191	100.0	0.28	Neural Network (Specific Model)	11	0.874	5226414	317.80611839491456	5480309	0.57	5034	3	5226414	None
INF195	100.0	0.01	Neural Network (Specific Model)	11	0.876	5087419	315.86685784514543	5269782	0.58	4882	2	5087419	None
INF196	100.0	0.69	Neural Network (Specific Model)	11	0.875	5416446	313.109977324263	5672371	0.57	5292	3	5416446	None
INF197	100.0	0.67	Neural Network (Specific Model)	11	0.873	5316143	305.757292239956	5719792	0.57	5451	5	5316143	None
INF198	100.0	1.93	Neural Network (Specific Model)	11	0.871	5344844	312.65881458966567	5656734	0.57	5264	3	5344844	None
INF199	100.0	0.04	Neural Network (Specific Model)	11	0.877	5251143	318.04509722796854	5251143	0.57	4834	1	5251143	None
INF200	100.0	0.08	Neural Network (Specific Model)	11	0.877	5182582	318.98066820760664	5182582	0.57	4759	1	5182582	None
INF202	100.0	0.08	Neural Network (Specific Model)	11	0.877	5182582	318.9724732086573	5182582	0.57	4759	1	5182582	None
INF203	100.0	0.39	Neural Network (Specific Model)	11	0.878	5642374	312.21056453076784	5868654	0.57	5509	2	5642374	None
INF204	100.0	0.11	Neural Network (Specific Model)	11	0.868	5149944	312.9056166763173	5594021	0.57	5181	4	5149944	None
INF205	100.0	0.48	Neural Network (Specific Model)	11	0.877	5213790	315.844502935817	5324840	0.57	4939	2	5213790	None
INF207	100.0	0.32	Neural Network (Specific Model)	11	0.877	5136894	314.3602214313958	5432257	0.58	5058	3	5136894	None
INF209	100.0	0.84	Neural Network (Specific Model)	11	0.873	5397980	310.59400037264766	5715403	0.57	5367	3	5397980	None
INF211	100.0	0.08	Neural Network (Specific Model)	11	0.874	5302281	311.9865642994242	5568505	0.57	5210	4	5302281	None
INF212	100.0	0.66	Neural Network (Specific Model)	11	0.874	5397980	311.5383141762452	5569917	0.57	5220	3	5397980	None
INF213	100.0	0.29	Neural Network (Specific Model)	11	0.875	5228684	316.65235294117645	5526624	0.57	5100	3	5228684	None
INF216	100.0	0.07	Neural Network (Specific Model)	11	0.88	5339494	319.38617641149284	5411185	0.58	4977	4	5339494	None
INF217	100.0	0.78	Neural Network (Specific Model)	11	0.875	5518623	312.5274126924521	5699102	0.57	5326	3	5518623	None
INF218	100.0	0.25	Neural Network (Specific Model)	11	0.875	5652041	310.62020529443544	5903727	0.57	5553	4	5652041	None
INF220	100.0	0.13	Neural Network (Specific Model)	11	0.878	5165259	318.9210740439382	5349232	0.58	4916	2	5165259	None
INF221	100.0	0.02	Neural Network (Specific Model)	11	0.876	5220699	317.31978155339806	5362514	0.58	4944	2	5220699	None
INF224	100.0	0.08	Neural Network (Specific Model)	11	0.876	5356959	311.0059058868356	5577522	0.57	5249	2	5356959	None
INF225	100.0	0.12	Neural Network (Specific Model)	11	0.876	5225182	317.8830596716059	5429643	0.57	4994	2	5225182	None
INF229	100.0	0.12	Neural Network (Specific Model)	11	0.876	5454650	313.37832588852206	5518833	0.57	5149	2	5454650	None
INF230	100.0	0.01	Neural Network (Specific Model)	11	0.879	5140504	319.2096640398175	5248055	0.58	4822	2	5140504	None
INF233	100.0	0.16	Neural Network (Specific Model)	11	0.877	5322555	319.0822658126501	5444821	0.57	4996	2	5322555	None
INF234	100.0	0.73	Neural Network (Specific Model)	11	0.876	5312458	315.5811072396438	5571396	0.57	5166	3	5312458	None
INF238	100.0	0.16	Neural Network (Specific Model)	11	0.879	5481454	316.90953025323796	5585038	0.57	5173	2	5481454	None
INF239	100.0	0.08	Neural Network (Specific Model)	11	0.878	5147685	319.8297285835454	5147685	0.58	4716	1	5147685	None
INF241	100.0	0.09	Neural Network (Specific Model)	11	0.874	5238076	318.91590275009963	5481865	0.57	5018	3	5238076	None
INF243	100.0	0.17	Neural Network (Specific Model)	11	0.875	5358020	315.6085769980507	5542131	0.57	5130	2	5358020	None
INF244	100.0	0.84	Neural Network (Specific Model)	11	0.873	5383447	310.4660067239447	5699678	0.57	5354	4	5383447	None
INF245	100.0	0.84	Neural Network (Specific Model)	11	0.874	5397980	310.2706976744186	5715403	0.57	5375	3	5397980	None
INF246	100.0	0.21	Neural Network (Specific Model)	11	0.872	5355101	311.9284238211535	5700299	0.57	5323	7	5355101	None
INF248	99.99	0.28	Neural Network (Specific Model)	11	0.877	5221932	321.16082301070753	5221932	0.57	4763	1	5221932	None
INF251	100.0	0.17	Neural Network (Specific Model)	11	0.875	5360125	313.6252162214107	5587854	0.57	5203	2	5360125	None
INF252	100.0	0.44	Neural Network (Specific Model)	11	0.876	5435104	312.4883275928052	5581923	0.57	5226	3	5435104	None
INF253	100.0	0.07	Neural Network (Specific Model)	11	0.874	5308777	314.47729941291584	5505425	0.57	5110	3	5308777	None
INF254	100.0	0.3	Neural Network (Specific Model)	11	0.875	5235376	317.95027955271564	5452971	0.57	5008	2	5235376	None
INF255	100.0	0.21	Neural Network (Specific Model)	11	0.873	5357250	312.09085778781036	5690260	0.57	5316	8	5357250	None
INF257	100.0	0.08	Neural Network (Specific Model)	11	0.875	5178307	318.5086575677327	5353078	0.57	4909	3	5178307	None
INF258	100.0	0.89	Neural Network (Specific Model)	11	0.874	5448177	312.92608036391204	5660299	0.57	5276	2	5448177	None
INF260	100.0	0.43	Neural Network (Specific Model)	11	0.877	5228897	318.7401451264954	5550992	0.57	5099	4	5228897	None
INF261	100.0	0.34	Neural Network (Specific Model)	11	0.874	5357255	313.0054727307039	5682663	0.57	5299	5	5357255	None
INF264	100.0	0.67	Neural Network (Specific Model)	11	0.877	5247378	313.048995215311	5589095	0.57	5225	4	5247378	None
INF265	100.0	0.75	Neural Network (Specific Model)	11	0.875	5343343	315.2994853523357	5452722	0.57	5052	2	5343343	None
INF267	100.0	0.16	Neural Network (Specific Model)	11	0.877	5536514	314.19454817027633	5747744	0.57	5356	2	5536514	None
INF268	100.0	0.11	Neural Network (Specific Model)	11	0.876	5305957	316.7135050741608	5546000	0.57	5124	2	5305957	None
INF269	100.0	0.86	Neural Network (Specific Model)	11	0.876	5381333	318.2898007496548	5516781	0.57	5069	3	5381333	None
INF273	100.0	0.27	Neural Network (Specific Model)	11	0.874	5266876	315.3186726880031	5502626	0.57	5093	3	5266876	None
INF275	100.0	0.28	Neural Network (Specific Model)	11	0.876	5255807	315.7909036023345	5366345	0.57	4969	2	5255807	None
INF280	100.0	0.13	Neural Network (Specific Model)	11	0.878	5165182	321.8884402889928	5165182	0.58	4706	1	5165182	None
INF282	100.0	0.23	Neural Network (Specific Model)	11	0.874	5356167	312.7168708765316	5683760	0.57	5305	3	5356167	None
INF283	100.0	0.1	Neural Network (Specific Model)	11	0.874	5271369	314.8267211201867	5545350	0.57	5142	5	5271369	None
INF284	100.0	0.16	Neural Network (Specific Model)	11	0.875	5358020	315.629044834308	5542131	0.57	5130	2	5358020	None
INF289	100.0	0.22	Neural Network (Specific Model)	11	0.875	5354962	312.8764172335601	5669698	0.57	5292	3	5354962	None
INF292	100.0	0.13	Neural Network (Specific Model)	11	0.873	5070592	315.00775494377666	5576681	0.57	5158	3	5070592	None
INF293	100.0	0.37	Neural Network (Specific Model)	11	0.875	5278175	309.0059523809524	5684812	0.57	5376	8	5278175	None
INF295	100.0	0.44	Neural Network (Specific Model)	11	0.872	5228922	315.4908256880734	5668940	0.57	5232	3	5228922	None
INF297	100.0	0.61	Neural Network (Specific Model)	11	0.874	5444149	311.5543050084412	5690538	0.57	5331	4	5444149	None
INF303	100.0	0.04	Neural Network (Specific Model)	11	0.876	5148779	316.8168550873587	5270855	0.57	4865	2	5148779	None
INF307	100.0	0.25	Neural Network (Specific Model)	11	0.873	5407396	316.16980088495575	5881784	0.57	5424	3	5407396	None
INF309	100.0	0.09	Neural Network (Specific Model)	11	0.876	5195520	318.0321614063124	5441414	0.58	5006	3	5195520	None
INF311	100.0	0.85	Neural Network (Specific Model)	11	0.872	5270046	308.5124587761085	5782616	0.57	5458	4	5270046	None
INF315	100.0	0.25	Neural Network (Specific Model)	11	0.877	5321799	320.0408624229979	5321799	0.57	4870	1	5321799	None
INF317	100.0	0.53	Neural Network (Specific Model)	11	0.876	5473073	317.4377343595816	5497035	0.57	5067	3	5473073	None
INF318	100.0	0.1	Neural Network (Specific Model)	11	0.876	5196654	318.0492943748758	5472209	0.58	5031	3	5196654	None
INF320	100.0	0.71	Neural Network (Specific Model)	11	0.876	5522001	314.0547050037341	5749931	0.57	5356	2	5522001	None
INF324	100.0	0.19	Neural Network (Specific Model)	11	0.88	5155837	321.2617734408146	5155837	0.58	4714	1	5155837	None
INF325	100.0	0.12	Neural Network (Specific Model)	11	0.874	5297394	316.44083481000195	5509633	0.57	5079	3	5297394	None
INF326	100.0	0.15	Neural Network (Specific Model)	11	0.875	5284194	318.05740482359977	5461791	0.57	5017	2	5284194	None
INF328	100.0	0.06	Neural Network (Specific Model)	11	0.872	5227668	313.4929713075294	5588929	0.57	5193	3	5227668	None
INF330	100.0	0.21	Neural Network (Specific Model)	11	0.876	5530449	315.8457023854601	5702167	0.57	5282	2	5530449	None
INF332	100.0	0.2	Neural Network (Specific Model)	11	0.878	5095397	319.85463498180263	5095397	0.58	4671	1	5095397	None
INF338	100.0	1.34	Neural Network (Specific Model)	11	0.872	5296967	311.8248050218756	5630036	0.57	5257	4	5296967	None
INF339	100.0	0.52	Neural Network (Specific Model)	11	0.874	5481295	316.307179584841	5693857	0.57	5251	4	5481295	None
INF340	100.0	0.12	Neural Network (Specific Model)	11	0.871	5277861	315.10211199379967	5590744	0.57	5161	4	5277861	None
INF349	100.0	0.1	Neural Network (Specific Model)	11	0.876	5560526	316.50084889643466	5734896	0.57	5301	3	5560526	None
INF351	100.0	0.2	Neural Network (Specific Model)	11	0.873	5284177	317.58193074095567	5629953	0.57	5169	3	5284177	None
INF353	100.0	0.62	Neural Network (Specific Model)	11	0.876	5243038	314.29277788592566	5521339	0.57	5137	3	5243038	None
INF356	100.0	0.12	Neural Network (Specific Model)	11	0.874	5070581	315.76938489280707	5403533	0.57	4991	2	5070581	None
INF360	100.0	0.31	Neural Network (Specific Model)	11	0.878	5232171	318.69663831510735	5369641	0.57	4938	2	5232171	None
KSB1_10A	100.0	0.05	Neural Network (Specific Model)	11	0.878	5295856	321.3246376811594	5295856	0.58	4830	1	5295856	None
KSB1_10C	100.0	0.13	Neural Network (Specific Model)	11	0.876	5342539	313.5845703125	5487756	0.57	5120	2	5342539	None
KSB1_10D	100.0	0.12	Neural Network (Specific Model)	11	0.875	5269919	312.7854766099041	5469718	0.57	5109	3	5269919	None
KSB1_10G	100.0	1.07	Neural Network (Specific Model)	11	0.874	5031183	311.1629146919431	5401321	0.57	5064	5	5031183	None
KSB1_10H	100.0	0.19	Neural Network (Specific Model)	11	0.875	5299512	319.5110346223932	5404907	0.57	4939	3	5299512	None
KSB1_1A	100.0	0.28	Neural Network (Specific Model)	11	0.878	5378919	316.12885771543085	5378919	0.57	4990	1	5378919	None
KSB1_1C	100.0	0.2	Neural Network (Specific Model)	11	0.871	5284781	309.7537397157816	5692514	0.57	5348	4	5284781	None
KSB1_1D	100.0	1.56	Neural Network (Specific Model)	11	0.87	5350358	310.3721229976063	5800527	0.57	5431	8	5350358	None
KSB1_1E	100.0	0.29	Neural Network (Specific Model)	11	0.873	5425639	312.7243756988446	5756325	0.57	5366	6	5425639	None
KSB1_1F	100.0	0.28	Neural Network (Specific Model)	11	0.879	5177176	319.83074440185595	5402576	0.58	4957	2	5177176	None
KSB1_1G	100.0	0.06	Neural Network (Specific Model)	11	0.876	5167697	317.4558051648121	5167697	0.57	4763	1	5167697	None
KSB1_2C	100.0	0.64	Neural Network (Specific Model)	11	0.876	5504668	311.35216502508825	5726754	0.57	5381	3	5504668	None
KSB1_2D	100.0	0.11	Neural Network (Specific Model)	11	0.879	5273825	318.5524907369288	5273825	0.58	4858	1	5273825	None
KSB1_2E	100.0	0.63	Neural Network (Specific Model)	11	0.872	5389523	311.2887129442092	5805273	0.57	5431	4	5389523	None
KSB1_2F	100.0	0.05	Neural Network (Specific Model)	11	0.878	5521048	318.45540275049115	5526780	0.57	5090	2	5521048	None
KSB1_2G	100.0	0.09	Neural Network (Specific Model)	11	0.88	5471630	318.12467840886603	5471630	0.58	5053	1	5471630	None
KSB1_2I	100.0	0.14	Neural Network (Specific Model)	11	0.878	5511550	312.67466150870405	5511550	0.57	5170	1	5511550	None
KSB1_2J	100.0	0.07	Neural Network (Specific Model)	11	0.876	5469579	318.4806926751592	5469579	0.57	5024	1	5469579	None
KSB1_3B	100.0	0.06	Neural Network (Specific Model)	11	0.877	5488182	316.7662593614505	5488182	0.57	5074	1	5488182	None
KSB1_3C	100.0	0.32	Neural Network (Specific Model)	11	0.878	5509194	316.4883279559689	5691267	0.57	5269	2	5509194	None
KSB1_3D	100.0	0.2	Neural Network (Specific Model)	11	0.873	5345372	305.0942015730748	5724158	0.57	5467	16	5345372	None
KSB1_3E	100.0	0.62	Neural Network (Specific Model)	11	0.873	5252895	304.6864054883553	5789317	0.57	5539	10	5252895	None
KSB1_3F	100.0	0.06	Neural Network (Specific Model)	11	0.877	5584118	317.86741835147745	5584118	0.57	5144	1	5584118	None
KSB1_3G	100.0	0.21	Neural Network (Specific Model)	11	0.876	5336169	314.9535341602678	5471431	0.57	5079	2	5336169	None
KSB1_3I	100.0	0.54	Neural Network (Specific Model)	11	0.876	5194752	316.90071886535844	5580290	0.58	5147	4	5194752	None
KSB1_3J	100.0	0.07	Neural Network (Specific Model)	11	0.873	5312862	315.4922503433392	5520296	0.57	5097	2	5312862	None
KSB1_4A	100.0	0.08	Neural Network (Specific Model)	11	0.877	5240084	316.8711808422791	5240084	0.57	4844	1	5240084	None
KSB1_4B	100.0	0.28	Neural Network (Specific Model)	11	0.876	5377403	308.45798240688754	5632225	0.57	5343	2	5377403	None
KSB1_4C	100.0	0.21	Neural Network (Specific Model)	11	0.876	5278695	315.99960575596293	5479335	0.57	5073	3	5278695	None
KSB1_4D	100.0	0.17	Neural Network (Specific Model)	11	0.875	5292281	314.85242076608984	5541518	0.57	5143	3	5292281	None
KSB1_4G	100.0	0.03	Neural Network (Specific Model)	11	0.877	5289778	319.41187384044525	5289778	0.58	4851	1	5289778	None
KSB1_4H	100.0	0.5	Neural Network (Specific Model)	11	0.875	5514675	314.56020652775214	5838119	0.57	5423	4	5514675	None
KSB1_4J	100.0	0.39	Neural Network (Specific Model)	11	0.877	5538198	315.89459614282987	5648185	0.57	5237	2	5538198	None
KSB1_5A	100.0	0.46	Neural Network (Specific Model)	11	0.874	5248517	314.62858794066653	5595319	0.57	5191	3	5248517	None
KSB1_5C	100.0	1.41	Neural Network (Specific Model)	11	0.874	5050302	308.15542857142856	5543040	0.57	5250	7	5050302	None
KSB1_5E	100.0	0.68	Neural Network (Specific Model)	11	0.873	5421771	312.9371396689604	5772722	0.57	5377	6	5421771	None
KSB1_5F	100.0	0.06	Neural Network (Specific Model)	11	0.878	5201606	318.4247806101128	5201606	0.58	4786	1	5201606	None
KSB1_6C	100.0	0.23	Neural Network (Specific Model)	11	0.874	5259892	309.31202093849316	5671922	0.57	5349	6	5259892	None
KSB1_6D	100.0	0.57	Neural Network (Specific Model)	11	0.876	5223215	313.7979499310073	5444368	0.58	5073	2	5223215	None
KSB1_6E	100.0	0.14	Neural Network (Specific Model)	11	0.875	5390486	313.2266283524904	5593236	0.57	5220	2	5390486	None
KSB1_6I	100.0	0.33	Neural Network (Specific Model)	11	0.871	5422779	306.87877697841725	5868466	0.57	5560	4	5422779	None
KSB1_7B	100.0	0.15	Neural Network (Specific Model)	11	0.878	5213147	320.6573588074743	5213147	0.58	4763	1	5213147	None
KSB1_7C	100.0	0.11	Neural Network (Specific Model)	11	0.874	5293883	315.64652805021575	5512701	0.57	5098	3	5293883	None
KSB1_7D	100.0	0.57	Neural Network (Specific Model)	11	0.875	5514545	311.94591125779243	5821033	0.57	5454	4	5514545	None
KSB1_7H	100.0	0.04	Neural Network (Specific Model)	11	0.878	5230277	317.0669698222406	5230277	0.58	4838	1	5230277	None
KSB1_8A	100.0	0.11	Neural Network (Specific Model)	11	0.876	5311508	315.1573854660348	5454728	0.57	5064	2	5311508	None
KSB1_8B	100.0	1.0	Neural Network (Specific Model)	11	0.876	5435254	308.77670257440207	5778858	0.57	5477	3	5435254	None
KSB1_8E	100.0	0.09	Neural Network (Specific Model)	11	0.881	5447806	318.7684964200477	5447806	0.58	5028	1	5447806	None
KSB1_8F	100.0	0.23	Neural Network (Specific Model)	11	0.873	5521124	311.3368888888889	6010874	0.57	5625	4	5521124	None
KSB1_8I	100.0	0.25	Neural Network (Specific Model)	11	0.875	5346258	316.7085624509034	5523066	0.57	5092	4	5346258	None
KSB1_9B	100.0	0.31	Neural Network (Specific Model)	11	0.877	5464135	314.42631077216396	5634374	0.57	5245	2	5464135	None
KSB1_9E	100.0	0.1	Neural Network (Specific Model)	11	0.872	5065026	309.9840613931523	5409900	0.57	5082	6	5065026	None
KSB2_10C	100.0	0.68	Neural Network (Specific Model)	11	0.875	5266441	315.77221674876847	5485123	0.57	5075	2	5266441	None
KSB2_1D	100.0	0.1	Neural Network (Specific Model)	11	0.878	5416792	320.0415155179363	5416792	0.58	4962	1	5416792	None
KSB2_3B	100.0	0.11	Neural Network (Specific Model)	11	0.877	5267848	317.47334797364744	5431143	0.57	5009	2	5267848	None
KSB2_3C	100.0	0.35	Neural Network (Specific Model)	11	0.878	5368227	316.4604707302354	5368227	0.57	4971	1	5368227	None
KSB2_4A	100.0	0.09	Neural Network (Specific Model)	11	0.875	5141367	317.86074429771907	5437010	0.58	4998	4	5141367	None
KSB2_4B	100.0	0.08	Neural Network (Specific Model)	11	0.877	5178707	318.0458126036484	5237179	0.57	4824	2	5178707	None
KSB2_4D	100.0	0.17	Neural Network (Specific Model)	11	0.877	5436264	319.9011254019293	5436264	0.57	4976	1	5436264	None
KSB2_6A	100.0	10.83	Neural Network (Specific Model)	11	0.875	5149818	313.4694789081886	6488464	0.57	6045	11	5149818	None
KSB2_6D	100.0	0.04	Neural Network (Specific Model)	11	0.878	5227717	316.64098326791986	5227717	0.58	4841	1	5227717	None
KSB2_7A	100.0	0.15	Neural Network (Specific Model)	11	0.877	5274360	319.70967073928347	5274360	0.57	4829	1	5274360	None
KSB2_7B	100.0	0.11	Neural Network (Specific Model)	11	0.877	5267849	317.5278498702336	5431144	0.57	5009	2	5267849	None
KSB2_7C	100.0	0.07	Neural Network (Specific Model)	11	0.879	5509779	318.4688176273854	5516043	0.57	5083	2	5509779	None
KSB2_8A	100.0	0.03	Neural Network (Specific Model)	11	0.876	5184119	317.7915760332213	5493062	0.57	5057	3	5184119	None
KSB2_8D	100.0	1.44	Neural Network (Specific Model)	11	0.874	5217596	308.88568755846586	5660214	0.57	5345	7	5217596	None
KSB2_9B	100.0	0.07	Neural Network (Specific Model)	11	0.873	5276850	312.91221008242286	5602715	0.57	5217	4	5276850	None
INF001	100.0	0.17	Neural Network (Specific Model)	11	0.877	5571684	317.37808848879524	5658607	0.57	5221	2	5571684	None
INF003	100.0	0.3	Neural Network (Specific Model)	11	0.875	5232791	317.04330785812266	5534757	0.57	5103	3	5232791	None
INF013	100.0	0.19	Neural Network (Specific Model)	11	0.876	5282748	316.58020897357096	5282748	0.57	4881	1	5282748	None
INF020	100.0	0.65	Neural Network (Specific Model)	11	0.875	5295211	309.61308307006135	5701558	0.57	5381	5	5295211	None
INF050	100.0	0.61	Neural Network (Specific Model)	11	0.875	5228916	316.3571844095404	5581830	0.57	5157	3	5228916	None
INF057	100.0	0.65	Neural Network (Specific Model)	11	0.869	5233048	305.4025837988827	6027236	0.56	5728	6	5233048	None
INF060	100.0	0.08	Neural Network (Specific Model)	11	0.875	5252804	315.3224572004028	5359179	0.57	4965	2	5252804	None
INF067	100.0	0.1	Neural Network (Specific Model)	11	0.876	5330567	316.8393987341772	5478237	0.57	5056	4	5330567	None
INF090	100.0	0.14	Neural Network (Specific Model)	11	0.878	5396249	315.798642985432	5396249	0.57	5011	1	5396249	None
INF093	100.0	0.57	Neural Network (Specific Model)	11	0.871	5228897	312.9979637171418	5812778	0.57	5402	4	5228897	None
INF099	100.0	0.2	Neural Network (Specific Model)	11	0.877	5337998	314.85673987507556	5338552	0.57	4963	2	5337998	None
INF107	100.0	0.22	Neural Network (Specific Model)	11	0.875	5184092	319.5042194092827	5184092	0.57	4740	1	5184092	None
INF108	100.0	0.28	Neural Network (Specific Model)	11	0.876	5229290	317.7999584545077	5229290	0.57	4814	1	5229290	None
INF112	100.0	0.22	Neural Network (Specific Model)	11	0.876	5492026	315.8766553159289	5710595	0.57	5286	2	5492026	None
INF126	100.0	0.12	Neural Network (Specific Model)	11	0.876	5340111	315.1748569173081	5457142	0.57	5067	3	5340111	None
INF147	100.0	0.12	Neural Network (Specific Model)	11	0.875	5405957	315.70659821258795	5680729	0.57	5259	3	5405957	None
INF160	100.0	0.28	Neural Network (Specific Model)	11	0.875	5183175	316.94673027231164	5458829	0.57	5031	3	5183175	None
INF176	100.0	0.76	Neural Network (Specific Model)	11	0.874	5391043	314.76177606177606	5589474	0.57	5180	3	5391043	None
INF181	100.0	0.18	Neural Network (Specific Model)	11	0.873	5426551	311.70481380563126	5888712	0.57	5505	3	5426551	None
INF193	100.0	0.84	Neural Network (Specific Model)	11	0.874	5397979	310.4199851135095	5717687	0.57	5374	3	5397979	None
INF219	100.0	0.05	Neural Network (Specific Model)	11	0.88	5449097	319.5228588540627	5449097	0.58	5009	1	5449097	None
INF226	100.0	0.08	Neural Network (Specific Model)	11	0.877	5356959	310.7710315949753	5577522	0.57	5254	2	5356959	None
INF227	100.0	0.12	Neural Network (Specific Model)	11	0.876	5225182	317.86323588305964	5429643	0.57	4994	2	5225182	None
INF256	100.0	0.36	Neural Network (Specific Model)	11	0.874	5281433	312.3026953655226	5518204	0.57	5157	2	5281433	None
INF259	100.0	0.98	Neural Network (Specific Model)	11	0.873	5469284	314.8244075387199	5788536	0.57	5359	4	5469284	None
INF271	100.0	0.51	Neural Network (Specific Model)	11	0.878	5315081	313.18353682552186	5426887	0.57	5078	2	5315081	None
INF286	100.0	0.11	Neural Network (Specific Model)	11	0.877	5150803	315.7307533964594	5236911	0.58	4858	2	5150803	None
INF287	100.0	0.44	Neural Network (Specific Model)	11	0.88	5450314	316.9722912287407	5648230	0.57	5233	3	5450314	None
INF288	100.0	0.23	Neural Network (Specific Model)	11	0.872	5627574	309.14019171516605	6202799	0.57	5842	3	5627574	None
INF301	100.0	0.16	Neural Network (Specific Model)	11	0.876	5208405	309.82183796386244	5451052	0.57	5147	3	5208405	None
INF306	100.0	0.16	Neural Network (Specific Model)	11	0.875	5284317	314.22543234994913	5284317	0.57	4915	1	5284317	None
INF308	100.0	0.26	Neural Network (Specific Model)	11	0.876	5318286	317.87037415661416	5318286	0.57	4891	1	5318286	None
INF312	100.0	0.12	Neural Network (Specific Model)	11	0.873	5588634	314.45707442888727	5853043	0.57	5428	2	5588634	None
INF314	100.0	0.21	Neural Network (Specific Model)	11	0.875	5358314	312.7866591080877	5666919	0.57	5292	4	5358314	None
INF336	100.0	2.41	Neural Network (Specific Model)	11	0.873	5415486	305.18327586206897	6070817	0.57	5800	7	5415486	None
INF337	100.0	0.19	Neural Network (Specific Model)	11	0.873	5153587	309.73705408515536	5540855	0.57	5214	5	5153587	None
INF342	100.0	0.19	Neural Network (Specific Model)	11	0.876	5491613	312.3692133985698	5678149	0.57	5314	2	5491613	None
INF347	100.0	0.24	Neural Network (Specific Model)	11	0.872	5414505	306.6107686729514	5805380	0.57	5516	2	5414505	None
KSB1_10F	100.0	0.23	Neural Network (Specific Model)	11	0.879	5500578	316.87435554706894	5651194	0.57	5237	2	5500578	None
KSB1_2A	100.0	0.1	Neural Network (Specific Model)	11	0.88	5455862	319.11489446435684	5455862	0.58	5022	1	5455862	None
KSB1_6B	100.0	0.71	Neural Network (Specific Model)	11	0.87	5569868	309.9249306518724	6151366	0.57	5768	4	5569868	None
KSB2_6B	100.0	0.11	Neural Network (Specific Model)	11	0.876	5133205	316.1229006125272	5467950	0.57	5061	4	5133205	None
KSB2_8C	100.0	0.09	Neural Network (Specific Model)	11	0.879	5203645	319.4856664574179	5203645	0.58	4779	1	5203645	None
KSB2_9C	99.99	0.03	Neural Network (Specific Model)	11	0.875	5184768	316.4293566775244	5318211	0.57	4912	2	5184768	None
