type	value	n_isolates	pct_isolates
K_locus	KL30	15	5.1
K_locus	KL28	13	4.42
K_locus	KL22	11	3.74
K_locus	KL10	11	3.74
K_locus	KL24	10	3.4
K_locus	KL21	9	3.06
K_locus	KL2	9	3.06
K_locus	KL63	8	2.72
K_locus	KL15	7	2.38
K_locus	KL16	7	2.38
K_locus	KL14	7	2.38
K_locus	KL55	7	2.38
K_locus	KL25	7	2.38
K_locus	KL53	6	2.04
K_locus	KL47	6	2.04
K_locus	KL13	6	2.04
K_locus	KL60	5	1.7
K_locus	KL54	5	1.7
K_locus	KL116	4	1.36
K_locus	KL39	4	1.36
K_locus	KL8	4	1.36
K_locus	KL20	4	1.36
K_locus	KL142	4	1.36
K_locus	KL46	4	1.36
K_locus	KL57	4	1.36
K_locus	KL51	4	1.36
K_locus	KL38	4	1.36
K_locus	KL6	4	1.36
K_locus	KL3	3	1.02
K_locus	KL102	3	1.02
K_locus	KL109	3	1.02
K_locus	KL35	3	1.02
K_locus	KL9	3	1.02
K_locus	KL134	3	1.02
K_locus	KL103	3	1.02
K_locus	KL58	3	1.02
K_locus	KL170	3	1.02
K_locus	KL71	2	0.68
K_locus	KL114	2	0.68
K_locus	KL139	2	0.68
K_locus	KL48	2	0.68
K_locus	KL105	2	0.68
K_locus	KL36	2	0.68
K_locus	KL127	2	0.68
K_locus	KL137	2	0.68
K_locus	KL52	2	0.68
K_locus	KL1	2	0.68
K_locus	KL123	2	0.68
K_locus	KL143	2	0.68
K_locus	KL144	2	0.68
K_locus	KL64	2	0.68
K_locus	KL19	2	0.68
K_locus	KL119	2	0.68
K_locus	KL62	2	0.68
K_locus	KL43	2	0.68
K_locus	KL117	2	0.68
K_locus	KL107	1	0.34
K_locus	KL158	1	0.34
K_locus	KL118	1	0.34
K_locus	KL7	1	0.34
K_locus	KL5	1	0.34
K_locus	KL120	1	0.34
K_locus	KL18	1	0.34
K_locus	KL167	1	0.34
K_locus	KL108	1	0.34
K_locus	KL166	1	0.34
K_locus	KL113	1	0.34
K_locus	KL11	1	0.34
K_locus	KL130	1	0.34
K_locus	KL131	1	0.34
K_locus	KL146	1	0.34
K_locus	KL132	1	0.34
K_locus	KL42	1	0.34
K_locus	KL169	1	0.34
K_locus	KL133	1	0.34
K_locus	KL168	1	0.34
K_locus	KL23	1	0.34
K_locus	KL122	1	0.34
K_locus	KL45	1	0.34
K_locus	KL124	1	0.34
K_locus	KL67	1	0.34
K_locus	KL17	1	0.34
K_locus	KL34	1	0.34
K_locus	KL125	1	0.34
K_locus	KL61	1	0.34
K_locus	KL155	1	0.34
K_locus	KL136	1	0.34
K_locus	KL56	1	0.34
K_locus	KL151	1	0.34
K_locus	KL149	1	0.34
K_locus	KL27	1	0.34
K_locus	KL31	1	0.34
K_locus	KL81	1	0.34
K_locus	KL135	1	0.34
K_locus	KL101	1	0.34
K_locus	KL121	1	0.34
O_locus	OL2α.1	80	27.21
O_locus	OL2α.2	65	22.11
O_locus	OL3α/β	49	16.67
O_locus	OL3γ	43	14.63
O_locus	OL5	23	7.82
O_locus	OL4	15	5.1
O_locus	OL13	11	3.74
O_locus	OL10	5	1.7
O_locus	OL12	2	0.68
O_locus	OL15	1	0.34
ST	ST323	8	2.72
ST	ST27	7	2.38
ST	ST45	6	2.04
ST	ST111	6	2.04
ST	ST29	6	2.04
ST	ST20	5	1.7
ST	ST37	5	1.7
ST	ST661	5	1.7
ST	ST681	5	1.7
ST	ST35	4	1.36
ST	ST215	4	1.36
ST	ST86	4	1.36
ST	ST461	4	1.36
ST	ST133	3	1.02
ST	ST360	3	1.02
ST	ST3072	3	1.02
ST	ST1548	3	1.02
ST	ST345	2	0.68
ST	ST641	2	0.68
ST	ST690	2	0.68
ST	ST1583	2	0.68
ST	ST25	2	0.68
ST	ST616	2	0.68
ST	ST882	2	0.68
ST	ST1322	2	0.68
ST	ST3046	2	0.68
ST	ST2989	2	0.68
ST	ST412	2	0.68
ST	ST629	2	0.68
ST	ST2116	2	0.68
ST	ST347	2	0.68
ST	ST414	2	0.68
ST	ST292	2	0.68
ST	ST336	2	0.68
ST	ST792	2	0.68
ST	ST3090	1	0.34
ST	ST1449	1	0.34
ST	ST221	1	0.34
ST	ST1393	1	0.34
ST	ST2997	1	0.34
ST	ST1138	1	0.34
ST	ST491	1	0.34
ST	ST3038	1	0.34
ST	ST15-1LV	1	0.34
ST	ST5872	1	0.34
ST	ST60	1	0.34
ST	ST2931	1	0.34
ST	ST1263	1	0.34
ST	ST1547	1	0.34
ST	ST182	1	0.34
ST	ST3077	1	0.34
ST	ST3071	1	0.34
ST	ST113	1	0.34
ST	ST268	1	0.34
ST	ST3042	1	0.34
ST	ST603	1	0.34
ST	ST230	1	0.34
ST	ST110	1	0.34
ST	ST3070	1	0.34
ST	ST584	1	0.34
ST	ST607	1	0.34
ST	ST1694	1	0.34
ST	ST3080	1	0.34
ST	ST3041	1	0.34
ST	ST3050	1	0.34
ST	ST3091	1	0.34
ST	ST185	1	0.34
ST	ST2415	1	0.34
ST	ST1307	1	0.34
ST	ST611	1	0.34
ST	ST22	1	0.34
ST	ST3087	1	0.34
ST	ST3064	1	0.34
ST	ST247	1	0.34
ST	ST229	1	0.34
ST	ST520	1	0.34
ST	ST2988	1	0.34
ST	ST321	1	0.34
ST	ST3045	1	0.34
ST	ST3073	1	0.34
ST	ST309	1	0.34
ST	ST1621	1	0.34
ST	ST1193	1	0.34
ST	ST1441	1	0.34
ST	ST3066	1	0.34
ST	ST3075	1	0.34
ST	ST3047	1	0.34
ST	ST458	1	0.34
ST	ST889	1	0.34
ST	ST280	1	0.34
ST	ST176	1	0.34
ST	ST3094	1	0.34
ST	ST12	1	0.34
ST	ST3056	1	0.34
ST	ST54	1	0.34
ST	ST2370	1	0.34
ST	ST17	1	0.34
ST	ST1688	1	0.34
ST	ST540	1	0.34
ST	ST256	1	0.34
ST	ST1165	1	0.34
ST	ST36	1	0.34
ST	ST3062	1	0.34
ST	ST480	1	0.34
ST	ST23	1	0.34
ST	ST3083	1	0.34
ST	ST66	1	0.34
ST	ST1010	1	0.34
ST	ST3088	1	0.34
ST	ST253	1	0.34
ST	ST3049	1	0.34
ST	ST1308	1	0.34
ST	ST281	1	0.34
ST	ST3079	1	0.34
ST	ST919	1	0.34
ST	ST3081	1	0.34
ST	ST594	1	0.34
ST	ST1877	1	0.34
ST	ST1822	1	0.34
ST	ST3068	1	0.34
ST	ST3093	1	0.34
ST	ST180	1	0.34
ST	ST134	1	0.34
ST	ST564	1	0.34
ST	ST3063	1	0.34
ST	ST2623	1	0.34
ST	ST485	1	0.34
ST	ST101	1	0.34
ST	ST3043	1	0.34
ST	ST1536	1	0.34
ST	ST3074	1	0.34
ST	ST3086	1	0.34
ST	ST1017	1	0.34
ST	ST1507	1	0.34
ST	ST3078	1	0.34
ST	ST3098	1	0.34
ST	ST13	1	0.34
ST	ST500	1	0.34
ST	ST1464	1	0.34
ST	ST3055	1	0.34
ST	ST3096	1	0.34
ST	ST3082	1	0.34
ST	ST3084	1	0.34
ST	ST3040	1	0.34
ST	ST3054	1	0.34
ST	ST3069	1	0.34
ST	ST1456	1	0.34
ST	ST1997	1	0.34
ST	ST240	1	0.34
ST	ST3057	1	0.34
ST	ST1142	1	0.34
ST	ST3058	1	0.34
ST	ST3048	1	0.34
ST	ST3089	1	0.34
ST	ST200	1	0.34
ST	ST3095	1	0.34
ST	ST34	1	0.34
ST	ST3099	1	0.34
ST	ST3085	1	0.34
ST	ST3051	1	0.34
ST	ST1109	1	0.34
ST	ST5062	1	0.34
ST	ST1966	1	0.34
ST	ST1728	1	0.34
ST	ST1986	1	0.34
ST	ST1800	1	0.34
ST	ST537	1	0.34
ST	ST857	1	0.34
ST	ST596	1	0.34
ST	ST3924	1	0.34
ST	ST128	1	0.34
ST	ST6935	1	0.34
ST	ST2594	1	0.34
ST	ST205	1	0.34
ST	ST2993	1	0.34
ST	ST355	1	0.34
ST	ST3198	1	0.34
ST	ST2136	1	0.34
ST	ST6936	1	0.34
ST	ST2089	1	0.34
ST	ST39	1	0.34
ST	ST152	1	0.34
ST	ST5142	1	0.34
ST	ST6934	1	0.34
ST	ST6938	1	0.34
ST	ST4595	1	0.34
ST	ST208	1	0.34
ST	ST2990	1	0.34
ST	ST3169	1	0.34
ST	ST6937	1	0.34
ST	ST1599	1	0.34
ST	ST4553	1	0.34
ST	ST252	1	0.34
ST	ST5168	1	0.34
ST	ST15	1	0.34
ST	ST2991	1	0.34
ST	ST2388	1	0.34
ST	ST2994	1	0.34
ST	ST2992	1	0.34
ST	ST127	1	0.34
ST	ST2996	1	0.34
ST	ST359	1	0.34
ST	ST2995	1	0.34
ST	ST310	1	0.34
ST	ST1191	1	0.34
ST	ST1731	1	0.34
ST	ST3692	1	0.34
ST	ST3573	1	0.34
ST	ST463	1	0.34
ST	ST2267	1	0.34
ST	ST643	1	0.34
ST	ST788	1	0.34
