isolate	library	morphology	resequenced	internal_qc_decision	external_qc_decision	external_mismatch_reason	final_qc_decision	remedy	read_prep	assembly_route	hybrid_species	hybrid_ST	hybrid_K_locus	hybrid_K_locus_confidence	hybrid_O_locus	reference_species	reference_ST	reference_K_locus	ont_species	ont_ST	ont_K_locus	illumina_species	illumina_ST	illumina_K_locus	matches_reference	species_ont_to_hybrid	K_locus_ont_to_hybrid	mlst_distance_ont_to_hybrid	mlst_distance_illumina_to_hybrid	mlst_distance_reference_to_hybrid	typing_concordant	hybrid_contigs	hybrid_total_len	hybrid_chromosome_len	hybrid_n_chromosomes	ont_contigs	ont_total_len	ont_chromosome_len	d_contigs	d_total_len	d_chromosome_len	has_chromosome	chromosome_preserved
INF001	INF001.1	1	False	PASS	PASS		PASS		standard	clinopore	Klebsiella variicola subsp. variicola	ST3090	KL3	Typeable	OL3α/β	Klebsiella variicola subsp. variicola	ST3090	KL3	Klebsiella variicola subsp. variicola	ST3090-1LV	KL3	Klebsiella variicola subsp. variicola	ST3090	KL3	True	True	True	0	0	0	True	2	5658607	5571684	1	2	5658601	5571678	0	6	6	True	True
INF002	INF002		False	PASS	PASS		PASS		standard	clinopore	Klebsiella pneumoniae	ST133	KL116	Typeable	OL2α.1	Klebsiella pneumoniae	ST133	KL116	Klebsiella pneumoniae	ST133	KL116	Klebsiella pneumoniae	ST133	KL116	True	True	True	0	0	0	True	3	5627296	5425360	1	4	5733472	5425252	-1	-106176	108	True	True
INF003	INF003		False	PASS	PASS		PASS		standard	clinopore	Klebsiella pneumoniae	ST323	KL21	Typeable	OL3γ	Klebsiella pneumoniae	ST323	KL21	Klebsiella pneumoniae	ST323	KL21	Klebsiella pneumoniae	ST323	KL21	True	True	True	0	0	0	True	3	5534757	5232791	1	3	5534700	5232856	0	57	-65	True	True
INF004	INF004		False	PASS	PASS		PASS		standard	clinopore	Klebsiella pneumoniae	ST345	KL15	Typeable	OL4	Klebsiella pneumoniae	ST345	KL15	Klebsiella pneumoniae	ST345	KL15	Klebsiella pneumoniae	ST345	KL15	True	True	True	0	0	0	True	3	5366531	5266612	1	3	5359970	5266566	0	6561	46	True	True
INF005	INF005		False	PASS	PASS		PASS		standard	clinopore	Klebsiella variicola subsp. variicola	ST641	KL60	Typeable	OL5	Klebsiella variicola subsp. variicola	ST641	KL60	Klebsiella variicola subsp. variicola	ST641	KL60	Klebsiella variicola subsp. variicola	ST641	KL60	True	True	True	0	0	0	True	8	5985226	5570501	1	8	5985259	5570473	0	-33	28	True	True
INF006	INF006		False	PASS	PASS		PASS		standard	clinopore	Klebsiella pneumoniae	ST35	KL22	Typeable	OL2α.1	Klebsiella pneumoniae	ST35	KL22	Klebsiella pneumoniae	ST35	KL22	Klebsiella pneumoniae	ST35	KL22	True	True	True	0	0	0	True	4	5594491	5301918	1	4	5619104	5301889	0	-24613	29	True	True
INF007	INF007		False	PASS	PASS		PASS		standard	clinopore	Klebsiella pneumoniae	ST1449	KL107	Typeable	OL2α.2	Klebsiella pneumoniae	ST1449	KL107	Klebsiella pneumoniae	ST1449-1LV	KL107	Klebsiella pneumoniae	ST1449	KL107	True	True	True	0	0	0	True	3	5590104	5243601	1	5	5612167	5243624	-2	-22063	-23	True	True
INF008	INF008		False	PASS	PASS		PASS		standard	clinopore	Klebsiella pneumoniae	ST221	KL39	Typeable	OL3γ	Klebsiella pneumoniae	ST221	KL39	Klebsiella pneumoniae	ST221	KL39	Klebsiella pneumoniae	ST221	KL39	True	True	True	0	0	0	True	2	5562892	5325685	1	3	5569047	5325627	-1	-6155	58	True	True
INF011	INF011		False	PASS	PASS		PASS		standard	clinopore	Klebsiella pneumoniae	ST1393	KL8	Typeable	OL2α.1	Klebsiella pneumoniae	ST1393	KL8	Klebsiella pneumoniae	ST1393	KL8	Klebsiella pneumoniae	ST1393	KL8	True	True	True	0	0	0	True	3	5480623	5305410	1	3	5480762	5305441	0	-139	-31	True	True
INF012	INF012		False	PASS	PASS		PASS		standard	clinopore	Klebsiella pneumoniae	ST690	KL30	Typeable	OL2α.2	Klebsiella pneumoniae	ST690	KL30	Klebsiella pneumoniae	ST690	KL30	Klebsiella pneumoniae	ST690	KL30	True	True	True	0	0	0	True	1	5310414	5310414	1	1	5310402	5310402	0	12	12	True	True
INF013	INF013		False	PASS	PASS		PASS		standard	clinopore	Klebsiella pneumoniae	ST1583	KL102	Typeable	OL2α.2	Klebsiella pneumoniae	ST1583	KL102	Klebsiella pneumoniae	ST1583	KL102	Klebsiella pneumoniae	ST1583	KL102	True	True	True	0	0	0	True	1	5282748	5282748	1	1	5282699	5282699	0	49	49	True	True
INF014	INF014		False	PASS	PASS		PASS		standard	clinopore	Klebsiella pneumoniae	ST25	KL2	Typeable	OL2α.2	Klebsiella pneumoniae	ST25	KL2	Klebsiella pneumoniae	ST25	KL2	Klebsiella pneumoniae	ST25	KL2	True	True	True	0	0	0	True	4	5528502	5348706	1	3	5523819	5348667	1	4683	39	True	True
INF016	INF016		False	PASS	PASS		PASS		standard	clinopore	Klebsiella pneumoniae	ST27	KL109	Typeable	OL2α.2	Klebsiella pneumoniae	ST27	KL109	Klebsiella pneumoniae	ST27	KL109	Klebsiella pneumoniae	ST27	KL109	True	True	True	0	0	0	True	5	5544953	5194052	1	5	5549717	5194021	0	-4764	31	True	True
INF017	INF017		False	PASS	PASS		PASS		standard	clinopore	Klebsiella pneumoniae	ST35	KL22	Typeable	OL2α.1	Klebsiella pneumoniae	ST35	KL22	Klebsiella pneumoniae	ST35	KL22	Klebsiella pneumoniae	ST35	KL22	True	True	True	0	0	0	True	2	5424616	5313584	1	2	5424574	5313543	0	42	41	True	True
INF019	INF019		False	PASS	PASS		PASS		standard	clinopore	Klebsiella pneumoniae	ST20	KL28	Typeable	OL2α.2	Klebsiella pneumoniae	ST20	KL28	Klebsiella pneumoniae	ST20	KL28	Klebsiella pneumoniae	ST20	KL28	True	True	True	0	0	0	True	3	5769326	5330523	1	3	5769276	5330475	0	50	48	True	True
INF020	INF020		False	PASS	PASS		PASS		standard	clinopore	Klebsiella pneumoniae	ST20	KL28	Typeable	OL2α.2	Klebsiella pneumoniae	ST20	KL28	Klebsiella pneumoniae	ST20	KL28	Klebsiella pneumoniae	ST20	KL28	True	True	True	0	0	0	True	5	5701558	5295211	1	4	5692714	5295200	1	8844	11	True	True
INF023	INF023		False	PASS	PASS		PASS		standard	clinopore	Klebsiella pneumoniae	ST2997	KL158	Typeable	OL13	Klebsiella pneumoniae	ST2997	KL158	Klebsiella pneumoniae	ST2997	KL158	Klebsiella pneumoniae	ST2997	KL158	True	True	True	0	0	0	True	3	5480651	5281715	1	3	5472348	5281709	0	8303	6	True	True
INF024	INF024		False	PASS	PASS		PASS		standard	clinopore	Klebsiella pneumoniae	ST1138	KL71	Typeable	OL5	Klebsiella pneumoniae	ST1138	KL71	Klebsiella pneumoniae	ST1138	KL71	Klebsiella pneumoniae	ST1138	KL71	True	True	True	0	0	0	True	5	5678198	5280118	1	5	5668651	5280112	0	9547	6	True	True
INF025	INF025		False	PASS	PASS		PASS		standard	clinopore	Klebsiella pneumoniae	ST491	KL118	Typeable	OL13	Klebsiella pneumoniae	ST491	KL118	Klebsiella pneumoniae	ST491	KL118	Klebsiella pneumoniae	ST491	KL118	True	True	True	0	0	0	True	3	5445572	5120583	1	3	5445559	5120569	0	13	14	True	True
INF027	INF027		False	PASS	PASS		PASS		standard	clinopore	Klebsiella pneumoniae	ST215	KL16	Typeable	OL2α.1	Klebsiella pneumoniae	ST215	KL16	Klebsiella pneumoniae	ST215	KL16	Klebsiella pneumoniae	ST215	KL16	True	True	True	0	0	0	True	2	5508201	5311909	1	2	5507936	5311651	0	265	258	True	True
INF028	INF028		False	PASS	PASS		PASS		standard	clinopore	Klebsiella pneumoniae	ST45	KL24	Typeable	OL2α.1	Klebsiella pneumoniae	ST45	KL24	Klebsiella pneumoniae	ST45	KL24	Klebsiella pneumoniae	ST45	KL24	True	True	True	0	0	0	True	2	5452935	5283163	1	2	5452926	5283154	0	9	9	True	True
INF030	INF030		False	PASS	PASS		PASS		standard	clinopore	Klebsiella pneumoniae	ST3038	KL24	Typeable	OL2α.1	Klebsiella pneumoniae	ST3038	KL24	Klebsiella pneumoniae	ST3038	KL24	Klebsiella pneumoniae	ST3038	KL24	True	True	True	0	0	0	True	4	5479628	5231104	1	4	5581765	5231211	0	-102137	-107	True	True
INF033	INF033		False	PASS	PASS_REFERENCE_MISMATCH	K locus ambiguous on fragmented reference assembly	PASS		standard	clinopore	Klebsiella pneumoniae	ST27	KL22	Typeable	OL2α.1	Klebsiella pneumoniae	ST27	KL37	Klebsiella pneumoniae	ST27	KL22	Klebsiella pneumoniae	ST27	KL22	False	True	True	0	0	0	True	4	5540704	5226329	1	4	5540700	5226327	0	4	2	True	True
INF034	INF034_v2		True	PASS	PASS_REFERENCE_MISMATCH	reference row describes a different strain	PASS		standard	clinopore	Klebsiella pneumoniae	ST15-1LV	KL24	Typeable	OL2α.1	Klebsiella quasipneumoniae subsp. similipneumoniae	ST3097-1LV	KL7	Klebsiella pneumoniae	ST15-1LV	KL24	Klebsiella pneumoniae	ST15-1LV	KL24	False	True	True	0	0	7	True	2	5498261	5369948	1	2	5500199	5369968	0	-1938	-20	True	True
INF035	INF035_v2		True	PASS	PASS		PASS		standard	clinopore	Klebsiella quasipneumoniae subsp. similipneumoniae	ST5872	KL7	Typeable	OL12	Klebsiella quasipneumoniae subsp. similipneumoniae	ST3097-1LV	KL7	Klebsiella quasipneumoniae subsp. similipneumoniae	ST5872	KL7	Klebsiella quasipneumoniae subsp. similipneumoniae	ST5872	KL7	True	True	True	0	0	0	True	10	5378601	5123688	1	3	5219425	5123688	7	159176	0	True	True
INF036	INF036		False	PASS	PASS		PASS		standard	clinopore	Klebsiella variicola subsp. variicola	ST360	KL53	Typeable	OL3α/β	Klebsiella variicola subsp. variicola	ST360	KL53	Klebsiella variicola subsp. variicola	ST360	KL53	Klebsiella variicola subsp. variicola	ST360	KL53	True	True	True	0	0	0	True	1	5512260	5512260	1	1	5512243	5512243	0	17	17	True	True
INF038	INF038		False	PASS	PASS		PASS		standard	clinopore	Klebsiella pneumoniae	ST60	KL5	Typeable	OL2α.1	Klebsiella pneumoniae	ST60	KL5	Klebsiella pneumoniae	ST60	KL5	Klebsiella pneumoniae	ST60	KL5	True	True	True	0	0	0	True	1	5281190	5281190	1	1	5281179	5281179	0	11	11	True	True
INF039	INF039		False	PASS	PASS		PASS		standard	clinopore	Klebsiella pneumoniae	ST2931	KL22	Typeable	OL3α/β	Klebsiella pneumoniae	ST2931	KL22	Klebsiella pneumoniae	ST2931	KL22	Klebsiella pneumoniae	ST2931	KL22	True	True	True	0	0	0	True	1	5233614	5233614	1	1	5233685	5233685	0	-71	-71	True	True
INF040	INF040		False	PASS	PASS		PASS		standard	clinopore	Klebsiella pneumoniae	ST20	KL28	Typeable	OL2α.2	Klebsiella pneumoniae	ST20	KL28	Klebsiella pneumoniae	ST20	KL28	Klebsiella pneumoniae	ST20	KL28	True	True	True	0	0	0	True	3	5661409	5357722	1	3	5661449	5357752	0	-40	-30	True	True
INF041	INF041		False	PASS	PASS		PASS		standard	clinopore	Klebsiella pneumoniae	ST1263	KL10	Typeable	OL3α/β	Klebsiella pneumoniae	ST1263	KL10	Klebsiella pneumoniae	ST1263	KL10	Klebsiella pneumoniae	ST1263	KL10	True	True	True	0	0	0	True	3	5390571	5262330	1	3	5390562	5262321	0	9	9	True	True
INF045	INF045		False	PASS	PASS		PASS		standard	clinopore	Klebsiella pneumoniae	ST1547	KL2	Typeable	OL2α.2	Klebsiella pneumoniae	ST1547	KL2	Klebsiella pneumoniae	ST1547	KL2	Klebsiella pneumoniae	ST1547	KL2	True	True	True	0	0	0	True	4	5563734	5258393	1	3	5562597	5258375	1	1137	18	True	True
INF046	INF046		False	PASS	PASS		PASS		standard	clinopore	Klebsiella pneumoniae	ST182	KL47	Typeable	OL13	Klebsiella pneumoniae	ST182	KL47	Klebsiella pneumoniae	ST182	KL47	Klebsiella pneumoniae	ST182	KL47	True	True	True	0	0	0	True	4	5680946	5360578	1	4	5680938	5360566	0	8	12	True	True
INF047	INF047		False	PASS	PASS		PASS		standard	clinopore	Klebsiella variicola subsp. variicola	ST3077	KL120	Typeable	OL5	Klebsiella variicola subsp. variicola	ST3077	KL120	Klebsiella variicola subsp. variicola	ST3077	KL120	Klebsiella variicola subsp. variicola	ST3077	KL120	True	True	True	0	0	0	True	2	5586301	5479294	1	2	5586162	5479155	0	139	139	True	True
INF048	INF048		False	PASS	PASS		PASS		standard	clinopore	Klebsiella variicola subsp. variicola	ST616	KL54	Typeable	OL5	Klebsiella variicola subsp. variicola	ST616	KL54	Klebsiella variicola subsp. variicola	ST616	KL54	Klebsiella variicola subsp. variicola	ST616	KL54	True	True	True	0	0	0	True	2	5755387	5576981	1	2	5755549	5577142	0	-162	-161	True	True
INF050	INF050		False	PASS_BORDERLINE_MAPPING	PASS		PASS		standard	clinopore	Klebsiella pneumoniae	ST323	KL21	Typeable	OL3γ	Klebsiella pneumoniae	ST323	KL21	Klebsiella pneumoniae	ST323	KL21	Klebsiella pneumoniae	ST323	KL21	True	True	True	0	0	0	True	3	5581830	5228916	1	4	5603387	5228931	-1	-21557	-15	True	True
INF051	INF051		False	PASS	PASS		PASS		standard	clinopore	Klebsiella pneumoniae	ST882	KL16	Typeable	OL2α.1	Klebsiella pneumoniae	ST882	KL16	Klebsiella pneumoniae	ST882	KL16	Klebsiella pneumoniae	ST882	KL16	True	True	True	0	0	0	True	1	5249916	5249916	1	1	5249905	5249905	0	11	11	True	True
INF052	INF052		False	PASS	PASS		PASS		standard	clinopore	Klebsiella pneumoniae	ST3071	KL35	Typeable	OL5	Klebsiella pneumoniae	ST3071	KL35	Klebsiella pneumoniae	ST3071	KL35	Klebsiella pneumoniae	ST3071	KL35	True	True	True	0	0	0	True	1	5343665	5343665	1	1	5343655	5343655	0	10	10	True	True
INF053	INF053		False	PASS	PASS		PASS		standard	clinopore	Klebsiella pneumoniae	ST113	KL114	Typeable	OL3α/β	Klebsiella pneumoniae	ST113	KL114	Klebsiella pneumoniae	ST113	KL114	Klebsiella pneumoniae	ST113	KL114	True	True	True	0	0	0	True	5	5563966	5280992	1	5	5564295	5280634	0	-329	358	True	True
INF054	INF054		False	PASS	PASS		PASS		standard	clinopore	Klebsiella pneumoniae	ST1322	KL139	Typeable	OL2α.1	Klebsiella pneumoniae	ST1322	KL139	Klebsiella pneumoniae	ST1322	KL139	Klebsiella pneumoniae	ST1322	KL139	True	True	True	0	0	0	True	5	5582999	5315156	1	4	5562342	5315139	1	20657	17	True	True
INF055	INF055		False	PASS	PASS		PASS		standard	clinopore	Klebsiella pneumoniae	ST268	KL20	Typeable	OL2α.1	Klebsiella pneumoniae	ST268	KL20	Klebsiella pneumoniae	ST268	KL20	Klebsiella pneumoniae	ST268	KL20	True	True	True	0	0	0	True	3	5381688	5281850	1	3	5381463	5281844	0	225	6	True	True
INF056	INF056		False	PASS	PASS		PASS		standard	clinopore	Klebsiella pneumoniae	ST3042	KL18	Typeable	OL2α.1	Klebsiella pneumoniae	ST3042	KL18	Klebsiella pneumoniae	ST3042	KL18	Klebsiella pneumoniae	ST3042	KL18	True	True	True	0	0	0	True	2	5601366	5365855	1	2	5601347	5365835	0	19	20	True	True
INF057	INF057		False	PASS	PASS		PASS		standard	clinopore	Klebsiella pneumoniae	ST27	KL142	Typeable	OL2α.1	Klebsiella pneumoniae	ST27	KL142	Klebsiella pneumoniae	ST27	KL142	Klebsiella pneumoniae	ST27	KL142	True	True	True	0	0	0	True	6	6027236	5233048	1	7	6035608	5233032	-1	-8372	16	True	True
INF060	INF060		False	PASS	PASS		PASS		standard	clinopore	Klebsiella pneumoniae	ST603	KL22	Typeable	OL3γ	Klebsiella pneumoniae	ST603	KL22	Klebsiella pneumoniae	ST603	KL22	Klebsiella pneumoniae	ST603	KL22	True	True	True	0	0	0	True	2	5359179	5252804	1	3	5365444	5252790	-1	-6265	14	True	True
INF062	INF062		False	PASS	PASS		PASS		standard	clinopore	Klebsiella pneumoniae	ST230	KL167	Typeable	OL13	Klebsiella pneumoniae	ST230	KL167	Klebsiella pneumoniae	ST230	KL167	Klebsiella pneumoniae	ST230	KL167	True	True	True	0	0	0	True	3	5815831	5537724	1	3	5815801	5537693	0	30	31	True	True
INF063	INF063		False	PASS	PASS		PASS		standard	clinopore	Klebsiella pneumoniae	ST110	KL108	Typeable	OL2α.2	Klebsiella pneumoniae	ST110	KL108	Klebsiella pneumoniae	ST110	KL108	Klebsiella pneumoniae	ST110	KL108	True	True	True	0	0	0	True	2	5437984	5296344	1	2	5438023	5296380	0	-39	-36	True	True
INF066	INF066		False	PASS	PASS		PASS		standard	clinopore	Klebsiella pneumoniae	ST3070	KL166	Typeable	OL3γ	Klebsiella pneumoniae	ST3070	KL166	Klebsiella pneumoniae	ST3070	KL166	Klebsiella pneumoniae	ST3070	KL166	True	True	True	0	0	0	True	1	5280133	5280133	1	1	5280130	5280130	0	3	3	True	True
INF067	INF067		False	PASS	PASS		PASS		standard	clinopore	Klebsiella pneumoniae	ST45	KL24	Typeable	OL2α.1	Klebsiella pneumoniae	ST45	KL24	Klebsiella pneumoniae	ST45	KL24	Klebsiella pneumoniae	ST45	KL24	True	True	True	0	0	0	True	4	5478237	5330567	1	4	5482599	5330559	0	-4362	8	True	True
INF068	INF068		False	PASS	PASS		PASS		standard	clinopore	Klebsiella pneumoniae	ST584	KL60	Typeable	OL3γ	Klebsiella pneumoniae	ST584	KL60	Klebsiella pneumoniae	ST584	KL60	Klebsiella pneumoniae	ST584	KL60	True	True	True	0	0	0	True	2	5491207	5259842	1	2	5491306	5259938	0	-99	-96	True	True
INF070	INF070		False	PASS	PASS		PASS		standard	clinopore	Klebsiella pneumoniae	ST323	KL21	Typeable	OL3γ	Klebsiella pneumoniae	ST323	KL21	Klebsiella pneumoniae	ST323	KL21	Klebsiella pneumoniae	ST323	KL21	True	True	True	0	0	0	True	3	5656328	5228905	1	3	5656370	5228950	0	-42	-45	True	True
INF071	INF071.1	1	False	PASS	PASS		PASS		standard	flye (03_assembly) > repolish	Klebsiella pneumoniae	ST607	KL48	Typeable	OL2α.1	Klebsiella pneumoniae	ST607	KL48	Klebsiella pneumoniae	ST607	KL48	Klebsiella pneumoniae	ST607	KL48	True	True	True	0	0	0	True	3	5557593	5309911	1	3	5557597	5309915	0	-4	-4	True	True
INF072	INF072		False	PASS	PASS		PASS		standard	clinopore	Klebsiella pneumoniae	ST133	KL116	Typeable	OL2α.1	Klebsiella pneumoniae	ST133	KL116	Klebsiella pneumoniae	ST133-1LV	KL116	Klebsiella pneumoniae	ST133	KL116	True	True	True	0	0	0	True	2	5602433	5362697	1	2	5608740	5369005	0	-6307	-6308	True	True
INF074	INF074		False	PASS	PASS		PASS		standard	flye (03_assembly) > repolish	Klebsiella pneumoniae	ST111	KL63	Typeable	OL2α.2	Klebsiella pneumoniae	ST111	KL63	Klebsiella pneumoniae	ST111	KL63	Klebsiella pneumoniae	ST111	KL63	True	True	True	0	0	0	True	13	5933570	5282075	1	13	5933812	5282280	0	-242	-205	True	True
INF077	INF077_v2		True	PASS	PASS		PASS		standard	clinopore	Klebsiella pneumoniae	ST37	KL14	Typeable	OL3γ	Klebsiella pneumoniae	ST37	KL14	Klebsiella pneumoniae	ST37	KL14	Klebsiella pneumoniae	ST37	KL14	True	True	True	0	0	0	True	1	5345091	5345091	1	1	5345083	5345083	0	8	8	True	True
INF080	INF080		False	PASS	PASS		PASS		standard	clinopore	Klebsiella pneumoniae	ST1694	KL63	Typeable	OL2α.2	Klebsiella pneumoniae	ST1694	KL63	Klebsiella pneumoniae	ST1694	KL63	Klebsiella pneumoniae	ST1694	KL63	True	True	True	0	0	0	True	2	5706614	5503677	1	2	5706591	5503653	0	23	24	True	True
INF081	INF081		False	PASS	PASS		PASS		standard	clinopore	Klebsiella variicola subsp. variicola	ST3080	KL105	Typeable	OL3α/β	Klebsiella variicola subsp. variicola	ST3080	KL105	Klebsiella variicola subsp. variicola	ST3080	KL105	Klebsiella variicola subsp. variicola	ST3080	KL105	True	True	True	0	0	0	True	2	5700940	5480114	1	2	5700919	5480093	0	21	21	True	True
INF082	INF082		False	PASS	PASS		PASS		standard	clinopore	Klebsiella pneumoniae	ST3041	KL30	Typeable	OL2α.2	Klebsiella pneumoniae	ST3041	KL30	Klebsiella pneumoniae	ST3041	KL30	Klebsiella pneumoniae	ST3041	KL30	True	True	True	0	0	0	True	3	5654691	5315182	1	3	5654671	5315165	0	20	17	True	True
INF083	INF083		False	PASS	PASS		PASS		standard	clinopore	Klebsiella pneumoniae	ST3046	KL22	Typeable	OL3γ	Klebsiella pneumoniae	ST3046	KL22	Klebsiella pneumoniae	ST3046	KL22	Klebsiella pneumoniae	ST3046	KL22	True	True	True	0	0	0	True	2	5484834	5302829	1	2	5484839	5302835	0	-5	-6	True	True
INF084	INF084_v2		True	PASS	PASS		PASS		standard	clinopore	Klebsiella pneumoniae	ST661	KL47	Typeable	OL13	Klebsiella pneumoniae	ST661	KL47	Klebsiella pneumoniae	ST661	KL47	Klebsiella pneumoniae	ST661	KL47	True	True	True	0	0	0	True	2	5344839	5116465	1	2	5344868	5116495	0	-29	-30	True	True
INF087	INF087		False	PASS	PASS		PASS		standard	clinopore	Klebsiella pneumoniae	ST3050	KL36	Typeable	OL4	Klebsiella pneumoniae	ST3050	KL36	Klebsiella pneumoniae	ST3050	KL36	Klebsiella pneumoniae	ST3050	KL36	True	True	True	0	0	0	True	4	5448026	5188784	1	4	5447766	5188797	0	260	-13	True	True
INF088	INF088		False	PASS	PASS		PASS		standard	clinopore	Klebsiella pneumoniae	ST111	KL113	Typeable	OL2α.2	Klebsiella pneumoniae	ST111	KL113	Klebsiella pneumoniae	ST111	KL113	Klebsiella pneumoniae	ST111	KL113	True	True	True	0	0	0	True	3	5533885	5321153	1	3	5533868	5321136	0	17	17	True	True
INF089	INF089		False	PASS	PASS		PASS		standard	clinopore	Klebsiella quasipneumoniae subsp. quasipneumoniae	ST3091	KL11	Typeable	OL3α/β	Klebsiella quasipneumoniae subsp. quasipneumoniae	ST3091	KL11	Klebsiella quasipneumoniae subsp. quasipneumoniae	ST3091	KL11	Klebsiella quasipneumoniae subsp. quasipneumoniae	ST3091	KL11	True	True	True	0	0	0	True	2	5479625	5301454	1	2	5479596	5301425	0	29	29	True	True
INF090	INF090		False	PASS	PASS		PASS		standard	clinopore	Klebsiella pneumoniae	ST185	KL130	Typeable	OL2α.2	Klebsiella pneumoniae	ST185	KL130	Klebsiella pneumoniae	ST185	KL130	Klebsiella pneumoniae	ST185	KL130	True	True	True	0	0	0	True	1	5396249	5396249	1	1	5396241	5396241	0	8	8	True	True
INF091	INF091.2	2	False	PASS	PASS		PASS		standard	clinopore	Klebsiella pneumoniae	ST45	KL24	Typeable	OL2α.1	Klebsiella pneumoniae	ST45	KL24	Klebsiella pneumoniae	ST45	KL24	Klebsiella pneumoniae	ST45	KL24	True	True	True	0	0	0	True	2	5604333	5348836	1	2	5600852	5348825	0	3481	11	True	True
INF092	INF092.1	1	False	PASS	PASS		PASS		standard	clinopore	Klebsiella pneumoniae	ST2415	KL131	Typeable	OL4	Klebsiella pneumoniae	ST2415	KL131	Klebsiella pneumoniae	ST2415	KL131	Klebsiella pneumoniae	ST2415	KL131	True	True	True	0	0	0	True	1	5342855	5342855	1	1	5340412	5340412	0	2443	2443	True	True
INF093	INF093.1	1	False	PASS	PASS		PASS		standard	clinopore	Klebsiella pneumoniae	ST323	KL21	Typeable	OL3γ	Klebsiella pneumoniae	ST323	KL21	Klebsiella pneumoniae	ST323	KL21	Klebsiella pneumoniae	ST323	KL21	True	True	True	0	0	0	True	4	5812778	5228897	1	5	5820577	5228965	-1	-7799	-68	True	True
INF097	INF097		False	PASS	PASS		PASS		standard	clinopore	Klebsiella pneumoniae	ST1307	KL127	Typeable	OL13	Klebsiella pneumoniae	ST1307	KL127	Klebsiella pneumoniae	ST1307	KL127	Klebsiella pneumoniae	ST1307	KL127	True	True	True	0	0	0	True	2	5566424	5458111	1	2	5512116	5458101	0	54308	10	True	True
INF098	INF098		False	PASS	PASS		PASS		standard	clinopore	Klebsiella pneumoniae	ST611	KL71	Typeable	OL3γ	Klebsiella pneumoniae	ST611	KL71	Klebsiella pneumoniae	ST611	KL71	Klebsiella pneumoniae	ST611	KL71	True	True	True	0	0	0	True	3	5434556	5317468	1	3	5438314	5317458	0	-3758	10	True	True
INF099	INF099		False	PASS	PASS		PASS		standard	clinopore	Klebsiella pneumoniae	ST1583	KL102	Typeable	OL2α.2	Klebsiella pneumoniae	ST1583	KL102	Klebsiella pneumoniae	ST1583	KL102	Klebsiella pneumoniae	ST1583	KL102	True	True	True	0	0	0	True	2	5338552	5337998	1	1	5338020	5338020	1	532	-22	True	True
INF100	INF100		False	PASS	PASS		PASS		standard	clinopore	Klebsiella pneumoniae	ST22	KL9	Typeable	OL2α.2	Klebsiella pneumoniae	ST22	KL9	Klebsiella pneumoniae	ST22	KL9	Klebsiella pneumoniae	ST22	KL9	True	True	True	0	0	0	True	2	5306810	5073547	1	2	5306798	5073538	0	12	9	True	True
INF101	INF101		False	PASS	PASS		PASS		standard	clinopore	Klebsiella pneumoniae	ST133	KL116	Typeable	OL2α.1	Klebsiella pneumoniae	ST133	KL116	Klebsiella pneumoniae	ST133	KL116	Klebsiella pneumoniae	ST133	KL116	True	True	True	0	0	0	True	3	5525351	5329919	1	3	5525336	5329904	0	15	15	True	True
INF103	INF103		False	PASS	PASS		PASS		standard	clinopore	Klebsiella variicola subsp. variicola	ST3087	KL46	Typeable	OL5	Klebsiella variicola subsp. variicola	ST3087	KL46	Klebsiella variicola subsp. variicola	ST3087	KL46	Klebsiella variicola subsp. variicola	ST3087	KL46	True	True	True	0	0	0	True	5	5764594	5514456	1	4	5763799	5514384	1	795	72	True	True
INF104	INF104.2	2	False	PASS	PASS		PASS		standard	clinopore	Klebsiella pneumoniae	ST45	KL24	Typeable	OL2α.1	Klebsiella pneumoniae	ST45	KL24	Klebsiella pneumoniae	ST45	KL24	Klebsiella pneumoniae	ST45	KL24	True	True	True	0	0	0	True	2	5556783	5348837	1	2	5556781	5348835	0	2	2	True	True
INF106	INF106		False	PASS	PASS		PASS		standard	clinopore	Klebsiella pneumoniae	ST690	KL30	Typeable	OL2α.2	Klebsiella pneumoniae	ST690	KL30	Klebsiella pneumoniae	ST690	KL30	Klebsiella pneumoniae	ST690	KL30	True	True	True	0	0	0	True	2	5323826	5108881	1	2	5323892	5108948	0	-66	-67	True	True
INF107	INF107		False	PASS	PASS		PASS		standard	clinopore	Klebsiella pneumoniae	ST3064	KL54	Typeable	OL2α.2	Klebsiella pneumoniae	ST3064	KL54	Klebsiella pneumoniae	ST3064	KL54	Klebsiella pneumoniae	ST3064	KL54	True	True	True	0	0	0	True	1	5184092	5184092	1	1	5184076	5184076	0	16	16	True	True
INF108	INF108		False	PASS	PASS		PASS		standard	clinopore	Klebsiella pneumoniae	ST247	KL10	Typeable	OL3γ	Klebsiella pneumoniae	ST247	KL10	Klebsiella pneumoniae	ST247	KL10	Klebsiella pneumoniae	ST247	KL10	True	True	True	0	0	0	True	1	5229290	5229290	1	1	5229284	5229284	0	6	6	True	True
INF109	INF109		False	PASS	PASS		PASS		standard	clinopore	Klebsiella pneumoniae	ST229	KL63	Typeable	OL2α.1	Klebsiella pneumoniae	ST229	KL63	Klebsiella pneumoniae	ST229	KL63	Klebsiella pneumoniae	ST229	KL63	True	True	True	0	0	0	True	1	5177297	5177297	1	1	5151592	5151592	0	25705	25705	True	True
INF110	INF110		False	PASS	PASS		PASS		standard	clinopore	Klebsiella pneumoniae	ST520	KL2	Typeable	OL2α.2	Klebsiella pneumoniae	ST520	KL2	Klebsiella pneumoniae	ST520	KL2	Klebsiella pneumoniae	ST520	KL2	True	True	True	0	0	0	True	2	5495432	5291815	1	2	5495428	5291810	0	4	5	True	True
INF112	INF112		False	PASS	PASS		PASS		standard	clinopore	Klebsiella variicola subsp. variicola	ST2988	KL137	Typeable	OL3α/β	Klebsiella variicola subsp. variicola	ST2988	KL137	Klebsiella variicola subsp. variicola	ST2988	KL137	Klebsiella variicola subsp. variicola	ST2988	KL137	True	True	True	0	0	0	True	2	5710595	5492026	1	2	5710613	5492044	0	-18	-18	True	True
INF113	INF113		False	PASS	PASS		PASS		standard	clinopore	Klebsiella pneumoniae	ST321	KL3	Typeable	OL2α.2	Klebsiella pneumoniae	ST321	KL3	Klebsiella pneumoniae	ST321	KL3	Klebsiella pneumoniae	ST321	KL3	True	True	True	0	0	0	True	5	5593361	5323523	1	5	5593497	5323646	0	-136	-123	True	True
INF114	INF114		False	PASS	PASS		PASS		standard	clinopore	Klebsiella variicola subsp. variicola	ST2989	KL55	Typeable	OL3α/β	Klebsiella variicola subsp. variicola	ST2989	KL55	Klebsiella variicola subsp. variicola	ST2989	KL55	Klebsiella variicola subsp. variicola	ST2989	KL55	True	True	True	0	0	0	True	2	5687816	5577312	1	2	5693391	5582887	0	-5575	-5575	True	True
INF117	INF117.1	1	False	PASS	PASS		PASS		standard	clinopore	Klebsiella pneumoniae	ST3045	KL146	Typeable	OL2α.2	Klebsiella pneumoniae	ST3045	KL146	Klebsiella pneumoniae	ST3045	KL146	Klebsiella pneumoniae	ST3045	KL146	True	True	True	0	0	0	True	1	5150294	5150294	1	1	5150283	5150283	0	11	11	True	True
INF118	INF118		False	PASS	PASS		PASS		standard	clinopore	Klebsiella pneumoniae	ST3073	KL132	Typeable	OL2α.1	Klebsiella pneumoniae	ST3073	KL132	Klebsiella pneumoniae	ST3073	KL132	Klebsiella pneumoniae	ST3073	KL132	True	True	True	0	0	0	True	5	5841966	5472606	1	6	5852595	5472601	-1	-10629	5	True	True
INF120	INF120		False	PASS	PASS		PASS		standard	clinopore	Klebsiella pneumoniae	ST309	KL42	Typeable	OL4	Klebsiella pneumoniae	ST309	KL42	Klebsiella pneumoniae	ST309	KL42	Klebsiella pneumoniae	ST309	KL42	True	True	True	0	0	0	True	2	5477101	5328182	1	2	5477093	5328174	0	8	8	True	True
INF123	INF123		False	PASS	PASS		PASS		standard	clinopore	Klebsiella variicola subsp. variicola	ST360	KL53	Typeable	OL3α/β	Klebsiella variicola subsp. variicola	ST360	KL53	Klebsiella variicola subsp. variicola	ST360	KL53	Klebsiella variicola subsp. variicola	ST360	KL53	True	True	True	0	0	0	True	1	5488183	5488183	1	1	5488165	5488165	0	18	18	True	True
INF126	INF126		False	PASS	PASS		PASS		standard	clinopore	Klebsiella pneumoniae	ST1621	KL46	Typeable	OL3γ	Klebsiella pneumoniae	ST1621	KL46	Klebsiella pneumoniae	ST1621	KL46	Klebsiella pneumoniae	ST1621	KL46	True	True	True	0	0	0	True	3	5457142	5340111	1	2	5449391	5340090	1	7751	21	True	True
INF128	INF128		False	PASS	PASS		PASS		standard	clinopore	Klebsiella pneumoniae	ST27	KL169	Typeable	OL15	Klebsiella pneumoniae	ST27	KL169	Klebsiella pneumoniae	ST27	KL169	Klebsiella pneumoniae	ST27	KL169	True	True	True	0	0	0	True	8	5799595	5237976	1	8	5799645	5237971	0	-50	5	True	True
INF129	INF129		False	PASS	PASS		PASS		standard	clinopore	Klebsiella pneumoniae	ST1193	KL22	Typeable	OL2α.1	Klebsiella pneumoniae	ST1193	KL22	Klebsiella pneumoniae	ST1193	KL22	Klebsiella pneumoniae	ST1193	KL22	True	True	True	0	0	0	True	2	5430502	5235873	1	2	5430486	5235858	0	16	15	True	True
INF130	INF130		False	PASS	PASS		PASS		standard	clinopore	Klebsiella pneumoniae	ST1441	KL10	Typeable	OL3γ	Klebsiella pneumoniae	ST1441	KL10	Klebsiella pneumoniae	ST1441	KL10	Klebsiella pneumoniae	ST1441	KL10	True	True	True	0	0	0	True	6	5694360	5201810	1	6	5694281	5201803	0	79	7	True	True
INF131	INF131_v2		True	PASS	PASS		PASS		standard	clinopore	Klebsiella pneumoniae	ST3066	KL13	Typeable	OL3γ	Klebsiella pneumoniae	ST3066	KL13	Klebsiella pneumoniae	ST3066	KL13	Klebsiella pneumoniae	ST3066	KL13	True	True	True	0	0	0	True	1	5328701	5328701	1	1	5328700	5328700	0	1	1	True	True
INF132	INF132		False	PASS	PASS		PASS		standard	clinopore	Klebsiella pneumoniae	ST3075	KL133	Typeable	OL2α.1	Klebsiella pneumoniae	ST3075	KL133	Klebsiella pneumoniae	ST3075	KL133	Klebsiella pneumoniae	ST3075	KL133	True	True	True	0	0	0	True	1	5152616	5152616	1	1	5152599	5152599	0	17	17	True	True
INF136	INF136.2	2	False	PASS	PASS		PASS		standard	clinopore	Klebsiella variicola subsp. variicola	ST616	KL54	Typeable	OL5	Klebsiella variicola subsp. variicola	ST616	KL54	Klebsiella variicola subsp. variicola	ST616	KL54	Klebsiella variicola subsp. variicola	ST616	KL54	True	True	True	0	0	0	True	6	6140520	5660135	1	5	6042667	5660325	1	97853	-190	True	True
INF137	INF137		False	PASS	PASS		PASS		standard	clinopore	Klebsiella pneumoniae	ST3047	KL168	Typeable	OL3γ	Klebsiella pneumoniae	ST3047	KL168	Klebsiella pneumoniae	ST3047	KL168	Klebsiella pneumoniae	ST3047	KL168	True	True	True	0	0	0	True	1	5264630	5264630	1	1	5264645	5264645	0	-15	-15	True	True
INF138	INF138		False	PASS	PASS		PASS		standard	clinopore	Klebsiella pneumoniae	ST458	KL142	Typeable	OL2α.1	Klebsiella pneumoniae	ST458	KL142	Klebsiella pneumoniae	ST458	KL142	Klebsiella pneumoniae	ST458	KL142	True	True	True	0	0	0	True	1	5212186	5212186	1	1	5212172	5212172	0	14	14	True	True
INF139	INF139		False	PASS	PASS		PASS		standard	clinopore	Klebsiella pneumoniae	ST889	KL54	Typeable	OL2α.1	Klebsiella pneumoniae	ST889	KL54	Klebsiella pneumoniae	ST889	KL54	Klebsiella pneumoniae	ST889	KL54	True	True	True	0	0	0	True	2	5537783	5439887	1	2	5537775	5439879	0	8	8	True	True
INF143	INF143		False	PASS	PASS		PASS		standard	clinopore	Klebsiella pneumoniae	ST280	KL23	Typeable	OL2α.2	Klebsiella pneumoniae	ST280	KL23	Klebsiella pneumoniae	ST280	KL23	Klebsiella pneumoniae	ST280	KL23	True	True	True	0	0	0	True	2	5457117	5347816	1	2	5457299	5347997	0	-182	-181	True	True
INF147	INF147		False	PASS	PASS		PASS		standard	clinopore	Klebsiella pneumoniae	ST412	KL57	Typeable	OL3γ	Klebsiella pneumoniae	ST412	KL57	Klebsiella pneumoniae	ST412	KL57	Klebsiella pneumoniae	ST412	KL57	True	True	True	0	0	0	True	3	5680729	5405957	1	3	5721681	5405936	0	-40952	21	True	True
INF149	INF149		False	PASS	PASS		PASS		standard	clinopore	Klebsiella pneumoniae	ST629	KL134	Typeable	OL3α/β	Klebsiella pneumoniae	ST629	KL134	Klebsiella pneumoniae	ST629	KL134	Klebsiella pneumoniae	ST629	KL134	True	True	True	0	0	0	True	1	5312134	5312134	1	1	5304804	5304804	0	7330	7330	True	True
INF150	INF150		False	PASS	PASS		PASS		standard	clinopore	Klebsiella pneumoniae	ST176	KL13	Typeable	OL3γ	Klebsiella pneumoniae	ST176	KL13	Klebsiella pneumoniae	ST176	KL13	Klebsiella pneumoniae	ST176	KL13	True	True	True	0	0	0	True	1	5306383	5306383	1	2	5306410	5272866	-1	-27	33517	True	True
INF152	INF152		False	PASS	PASS		PASS		standard	clinopore	Klebsiella variicola subsp. variicola	ST3094	KL103	Typeable	OL3α/β	Klebsiella variicola subsp. variicola	ST3094	KL103	Klebsiella variicola subsp. variicola	ST3094	KL103	Klebsiella variicola subsp. variicola	ST3094	KL103	True	True	True	0	0	0	True	1	5439828	5439828	1	1	5439840	5439840	0	-12	-12	True	True
INF153	INF153		False	PASS	PASS		PASS		standard	clinopore	Klebsiella pneumoniae	ST3046	KL22	Typeable	OL3γ	Klebsiella pneumoniae	ST3046	KL22	Klebsiella pneumoniae	ST3046	KL22	Klebsiella pneumoniae	ST3046	KL22	True	True	True	0	0	0	True	2	5484743	5302738	1	2	5484745	5302740	0	-2	-2	True	True
INF155	INF155		False	PASS	PASS		PASS		standard	clinopore	Klebsiella pneumoniae	ST882	KL16	Typeable	OL2α.1	Klebsiella pneumoniae	ST882	KL16	Klebsiella pneumoniae	ST882-1LV	KL16	Klebsiella pneumoniae	ST882	KL16	True	True	True	0	0	0	True	3	5501628	5253964	1	3	5501627	5253962	0	1	2	True	True
INF159	INF159		False	PASS	PASS		PASS		standard	clinopore	Klebsiella pneumoniae	ST12	KL122	Typeable	OL2α.2	Klebsiella pneumoniae	ST12	KL122	Klebsiella pneumoniae	ST12	KL122	Klebsiella pneumoniae	ST12	KL122	True	True	True	0	0	0	True	2	5546815	5363989	1	2	5546816	5363981	0	-1	8	True	True
INF160	INF160		False	PASS	PASS		PASS		standard	clinopore	Klebsiella pneumoniae	ST3056	KL30	Typeable	OL2α.1	Klebsiella pneumoniae	ST3056	KL30	Klebsiella pneumoniae	ST3056	KL30	Klebsiella pneumoniae	ST3056	KL30	True	True	True	0	0	0	True	3	5458829	5183175	1	3	5458830	5183168	0	-1	7	True	True
INF162	INF162		False	PASS	PASS		PASS		standard	clinopore	Klebsiella pneumoniae	ST20	KL28	Typeable	OL2α.2	Klebsiella pneumoniae	ST20	KL28	Klebsiella pneumoniae	ST20	KL28	Klebsiella pneumoniae	ST20	KL28	True	True	True	0	0	0	True	2	5398043	5203405	1	2	5399690	5203383	0	-1647	22	True	True
INF165	INF165		False	PASS	PASS		PASS		standard	clinopore	Klebsiella pneumoniae	ST54	KL14	Typeable	OL3γ	Klebsiella pneumoniae	ST54	KL14	Klebsiella pneumoniae	ST54	KL14	Klebsiella pneumoniae	ST54	KL14	True	True	True	0	0	0	True	3	5747229	5339356	1	4	5755013	5339334	-1	-7784	22	True	True
INF166	INF166		False	PASS	PASS		PASS		standard	clinopore	Klebsiella pneumoniae	ST2370	KL15	Typeable	OL4	Klebsiella pneumoniae	ST2370	KL15	Klebsiella pneumoniae	ST2370	KL15	Klebsiella pneumoniae	ST2370	KL15	True	True	True	0	0	0	True	2	5395974	5230981	1	2	5394719	5230962	0	1255	19	True	True
INF167	INF167_v2		True	PASS	PASS_REFERENCE_MISMATCH	reference row describes a different strain	PASS		standard	clinopore	Klebsiella pneumoniae	ST17	KL25	Typeable	OL5	Klebsiella pneumoniae	ST2370	KL15	Klebsiella pneumoniae	ST17	KL25	Klebsiella pneumoniae	ST17	KL25	False	True	True	0	0	4	True	2	5573835	5308053	1	2	5573826	5308044	0	9	9	True	True
INF169	INF169		False	PASS	PASS		PASS		standard	clinopore	Klebsiella variicola subsp. variicola	ST1688	KL57	Typeable	OL3α/β	Klebsiella variicola subsp. variicola	ST1688	KL57	Klebsiella variicola subsp. variicola	ST1688	KL57	Klebsiella variicola subsp. variicola	ST1688	KL57	True	True	True	0	0	0	True	3	5717439	5551636	1	3	5717413	5551611	0	26	25	True	True
INF170	INF170		False	PASS	PASS		PASS		standard	clinopore	Klebsiella pneumoniae	ST2116	KL28	Typeable	OL2α.2	Klebsiella pneumoniae	ST2116	KL28	Klebsiella pneumoniae	ST2116	KL28	Klebsiella pneumoniae	ST2116	KL28	True	True	True	0	0	0	True	3	5853874	5327771	1	3	5853872	5327758	0	2	13	True	True
INF172	INF172		False	PASS	PASS		PASS		standard	clinopore	Klebsiella pneumoniae	ST540	KL9	Typeable	OL2α.2	Klebsiella pneumoniae	ST540	KL9	Klebsiella pneumoniae	ST540	KL9	Klebsiella pneumoniae	ST540	KL9	True	True	True	0	0	0	True	2	5264344	5092292	1	2	5267785	5095733	0	-3441	-3441	True	True
INF173	INF173		False	PASS	PASS		PASS		standard	clinopore	Klebsiella pneumoniae	ST256	KL47	Typeable	OL13	Klebsiella pneumoniae	ST256	KL47	Klebsiella pneumoniae	ST256	KL47	Klebsiella pneumoniae	ST256	KL47	True	True	True	0	0	0	True	1	5218084	5218084	1	1	5218064	5218064	0	20	20	True	True
INF175	INF175		False	PASS	PASS		PASS		standard	clinopore	Klebsiella pneumoniae	ST1165	KL45	Typeable	OL2α.2	Klebsiella pneumoniae	ST1165	KL45	Klebsiella pneumoniae	ST1165	KL45	Klebsiella pneumoniae	ST1165	KL45	True	True	True	0	0	0	True	1	5322804	5322804	1	1	5322799	5322799	0	5	5	True	True
INF176	INF176		False	PASS	PASS		PASS		standard	clinopore	Klebsiella pneumoniae	ST37	KL14	Typeable	OL3γ	Klebsiella pneumoniae	ST37	KL14	Klebsiella pneumoniae	ST37	KL14	Klebsiella pneumoniae	ST37	KL14	True	True	True	0	0	0	True	3	5589474	5391043	1	3	5589472	5391031	0	2	12	True	True
INF180	INF180		False	PASS	PASS		PASS		standard	clinopore	Klebsiella pneumoniae	ST661	KL28	Typeable	OL2α.1	Klebsiella pneumoniae	ST661	KL28	Klebsiella pneumoniae	ST661	KL28	Klebsiella pneumoniae	ST661	KL28	True	True	True	0	0	0	True	3	5576685	5070595	1	3	5576674	5070588	0	11	7	True	True
INF181	INF181		False	PASS	PASS		PASS		standard	clinopore	Klebsiella variicola subsp. variicola	ST347	KL14	Untypeable	OL5	Klebsiella variicola subsp. variicola	ST347	KL14	Klebsiella variicola subsp. variicola	ST347	KL14	Klebsiella variicola subsp. variicola	ST347	KL14	True	True	True	0	0	0	True	3	5888712	5426551	1	3	5888708	5426547	0	4	4	True	True
INF183	INF183		False	PASS	PASS		PASS		standard	clinopore	Klebsiella pneumoniae	ST36	KL51	Typeable	OL2α.1	Klebsiella pneumoniae	ST36	KL51	Klebsiella pneumoniae	ST36	KL51	Klebsiella pneumoniae	ST36	KL51	True	True	True	0	0	0	True	3	5634921	5270995	1	3	5634915	5270989	0	6	6	True	True
INF184	INF184		False	PASS_FALSE_POSITIVE_CONTAM	PASS		PASS		standard	clinopore	Klebsiella pneumoniae	ST3062	KL124	Typeable	OL3α/β	Klebsiella pneumoniae	ST3062	KL124	Klebsiella pneumoniae	ST3062	KL124	Klebsiella pneumoniae	ST3062	KL124	True	True	True	0	0	0	True	2	5317698	5168662	1	2	5318229	5168645	0	-531	17	True	True
INF186	INF186		False	REDO_DECONTAM_KLEBSIELLA	PASS		PASS		kraken2_decontam	kraken2 decontam > clinopore	Klebsiella quasipneumoniae subsp. similipneumoniae	ST480	KL52	Typeable	OL10	Klebsiella quasipneumoniae subsp. similipneumoniae	ST480	KL52	Klebsiella quasipneumoniae subsp. similipneumoniae	ST480	KL52	Klebsiella quasipneumoniae subsp. similipneumoniae	ST480	KL52	True	True	True	0	0	0	True	1	5109232	5109232	1	1	5109356	5109356	0	-124	-124	True	True
INF187	INF187_v2		True	PASS	PASS_REFERENCE_MISMATCH	reference row describes a different strain	PASS		standard	clinopore	Klebsiella pneumoniae	ST23	KL1	Typeable	OL2α.2	Klebsiella quasipneumoniae subsp. similipneumoniae	ST480	KL52	Klebsiella pneumoniae	ST23	KL1	Klebsiella pneumoniae	ST23	KL1	False	True	True	0	0	7	True	2	5683419	5459437	1	2	5683413	5459433	0	6	4	True	True
INF189	INF189		False	PASS	PASS		PASS		standard	clinopore	Klebsiella variicola subsp. variicola	ST3083	KL53	Typeable	OL3α/β	Klebsiella variicola subsp. variicola	ST3083	KL53	Klebsiella variicola subsp. variicola	ST3083	KL53	Klebsiella variicola subsp. variicola	ST3083	KL53	True	True	True	0	0	0	True	2	5581859	5430323	1	2	5581868	5430333	0	-9	-10	True	True
INF191	INF191		False	PASS	PASS		PASS		standard	clinopore	Klebsiella pneumoniae	ST86	KL2	Typeable	OL2α.1	Klebsiella pneumoniae	ST86	KL2	Klebsiella pneumoniae	ST86	KL2	Klebsiella pneumoniae	ST86	KL2	True	True	True	0	0	0	True	3	5480309	5226414	1	3	5480298	5226409	0	11	5	True	True
INF193	INF193		False	PASS	PASS		PASS		standard	clinopore	Klebsiella variicola subsp. variicola	ST681	KL10	Typeable	OL2α.2	Klebsiella variicola subsp. variicola	ST681	KL10	Klebsiella variicola subsp. variicola	ST681	KL10	Klebsiella variicola subsp. variicola	ST681	KL10	True	True	True	0	0	0	True	3	5717687	5397979	1	3	5717849	5397970	0	-162	9	True	True
INF195	INF195		False	PASS_PROVISIONAL_CHECK_EXTERNAL	PASS		PASS		standard	clinopore	Klebsiella quasipneumoniae subsp. similipneumoniae	ST414	KL123	Typeable	OL3α/β	Klebsiella quasipneumoniae subsp. similipneumoniae	ST414	KL123	Klebsiella quasipneumoniae subsp. similipneumoniae	ST414	KL123	Klebsiella quasipneumoniae subsp. similipneumoniae	ST414	KL123	True	True	True	0	0	0	True	2	5269782	5087419	1	2	5269757	5087395	0	25	24	True	True
INF196	INF196		False	PASS	PASS		PASS		standard	clinopore	Klebsiella pneumoniae	ST66	KL2	Typeable	OL2α.2	Klebsiella pneumoniae	ST66	KL2	Klebsiella pneumoniae	ST66	KL2	Klebsiella pneumoniae	ST66	KL2	True	True	True	0	0	0	True	3	5672371	5416446	1	4	5713254	5416411	-1	-40883	35	True	True
INF197	INF197		False	PASS	PASS		PASS		standard	clinopore	Klebsiella pneumoniae	ST27	KL38	Typeable	OL2α.1	Klebsiella pneumoniae	ST27	KL38	Klebsiella pneumoniae	ST27	KL38	Klebsiella pneumoniae	ST27	KL38	True	True	True	0	0	0	True	5	5719792	5316143	1	4	5722730	5316136	1	-2938	7	True	True
INF198	INF198		False	PASS	PASS		PASS		standard	clinopore	Klebsiella pneumoniae	ST1010	KL142	Typeable	OL2α.1	Klebsiella pneumoniae	ST1010	KL142	Klebsiella pneumoniae	ST1010	KL142	Klebsiella pneumoniae	ST1010	KL142	True	True	True	0	0	0	True	3	5656734	5344844	1	3	5656724	5344836	0	10	8	True	True
INF199	INF199		False	PASS	PASS		PASS		standard	clinopore	Klebsiella pneumoniae	ST629	KL10	Typeable	OL3α/β	Klebsiella pneumoniae	ST629	KL10	Klebsiella pneumoniae	ST629	KL10	Klebsiella pneumoniae	ST629	KL10	True	True	True	0	0	0	True	1	5251143	5251143	1	1	5251111	5251111	0	32	32	True	True
INF200	INF200		False	PASS	PASS		PASS		standard	clinopore	Klebsiella pneumoniae	ST292	KL143	Typeable	OL2α.2	Klebsiella pneumoniae	ST292	KL143	Klebsiella pneumoniae	ST292-1LV	KL143	Klebsiella pneumoniae	ST292	KL143	True	True	True	0	0	0	True	1	5182582	5182582	1	1	5182527	5182527	0	55	55	True	True
INF202	INF202_v2		True	PASS	PASS_REFERENCE_MISMATCH	reference row describes a different strain	PASS		standard	clinopore	Klebsiella pneumoniae	ST292	KL143	Typeable	OL2α.2	Klebsiella pneumoniae	ST3052	KL112	Klebsiella pneumoniae	ST292	KL143	Klebsiella pneumoniae	ST292	KL143	False	True	True	0	0	5	True	1	5182582	5182582	1	1	5182576	5182576	0	6	6	True	True
INF203	INF203		False	PASS	PASS		PASS		standard	clinopore	Klebsiella variicola subsp. variicola	ST3088	KL16	Typeable	OL5	Klebsiella variicola subsp. variicola	ST3088	KL16	Klebsiella variicola subsp. variicola	ST3088	KL16	Klebsiella variicola subsp. variicola	ST3088	KL16	True	True	True	0	0	0	True	2	5868654	5642374	1	2	5868617	5642338	0	37	36	True	True
INF204	INF204		False	PASS	PASS		PASS		standard	clinopore	Klebsiella pneumoniae	ST253	KL15	Typeable	OL4	Klebsiella pneumoniae	ST253	KL15	Klebsiella pneumoniae	ST253	KL15	Klebsiella pneumoniae	ST253	KL15	True	True	True	0	0	0	True	4	5594021	5149944	1	4	5594018	5149945	0	3	-1	True	True
INF205	INF205		False	REDO_ASSEMBLY_META	PASS		PASS		standard	autocycler > repolish	Klebsiella pneumoniae	ST3049	KL55	Typeable	OL3α/β	Klebsiella pneumoniae	ST3049	KL55	Klebsiella pneumoniae	ST3049	KL55	Klebsiella pneumoniae	ST3049	KL55	True	True	True	0	0	0	True	2	5324840	5213790	1	2	5324813	5213763	0	27	27	True	True
INF207	INF207		False	PASS	PASS		PASS		standard	clinopore	Klebsiella quasipneumoniae subsp. similipneumoniae	ST1308	KL144	Typeable	OL4	Klebsiella quasipneumoniae subsp. similipneumoniae	ST1308	KL144	Klebsiella quasipneumoniae subsp. similipneumoniae	ST1308	KL144	Klebsiella quasipneumoniae subsp. similipneumoniae	ST1308	KL144	True	True	True	0	0	0	True	3	5432257	5136894	1	3	5432226	5136865	0	31	29	True	True
INF209	INF209		False	PASS	PASS		PASS		standard	clinopore	Klebsiella variicola subsp. variicola	ST681	KL10	Typeable	OL2α.2	Klebsiella variicola subsp. variicola	ST681	KL10	Klebsiella variicola subsp. variicola	ST681	KL10	Klebsiella variicola subsp. variicola	ST681	KL10	True	True	True	0	0	0	True	3	5715403	5397980	1	3	5715387	5397967	0	16	13	True	True
INF211	INF211		False	PASS	PASS		PASS		standard	clinopore	Klebsiella pneumoniae	ST281	KL64	Typeable	OL2α.1	Klebsiella pneumoniae	ST281	KL64	Klebsiella pneumoniae	ST281	KL64	Klebsiella pneumoniae	ST281	KL64	True	True	True	0	0	0	True	4	5568505	5302281	1	4	5568477	5302255	0	28	26	True	True
INF212	INF212		False	PASS	PASS		PASS		standard	clinopore	Klebsiella variicola subsp. variicola	ST681	KL10	Typeable	OL2α.2	Klebsiella variicola subsp. variicola	ST681	KL10	Klebsiella variicola subsp. variicola	ST681	KL10	Klebsiella variicola subsp. variicola	ST681	KL10	True	True	True	0	0	0	True	3	5569917	5397980	1	3	5569917	5397980	0	0	0	True	True
INF213	INF213		False	PASS	PASS		PASS		standard	clinopore	Klebsiella pneumoniae	ST323	KL21	Typeable	OL3γ	Klebsiella pneumoniae	ST323	KL21	Klebsiella pneumoniae	ST323	KL21	Klebsiella pneumoniae	ST323	KL21	True	True	True	0	0	0	True	3	5526624	5228684	1	3	5526630	5228689	0	-6	-5	True	True
INF216	INF216		False	REDO_DECONTAM_KLEBSIELLA	PASS		PASS		kraken2_decontam	kraken2 decontam > clinopore	Klebsiella variicola subsp. variicola	ST3079	KL53	Typeable	OL3α/β	Klebsiella variicola subsp. variicola	ST3079	KL53	Klebsiella variicola subsp. variicola	ST3079	KL53	Klebsiella variicola subsp. variicola	ST3079	KL53	True	True	True	0	0	0	True	4	5411185	5339494	1	6	5482003	5323550	-2	-70818	15944	True	True
INF217	INF217		False	PASS	PASS		PASS		standard	clinopore	Klebsiella variicola subsp. variicola	ST919	KL67	Typeable	OL10	Klebsiella variicola subsp. variicola	ST919	KL67	Klebsiella variicola subsp. variicola	ST919	KL67	Klebsiella variicola subsp. variicola	ST919	KL67	True	True	True	0	0	0	True	3	5699102	5518623	1	3	5699083	5518605	0	19	18	True	True
INF218	INF218		False	PASS	PASS		PASS		standard	clinopore	Klebsiella variicola subsp. variicola	ST3081	KL15	Typeable	OL4	Klebsiella variicola subsp. variicola	ST3081	KL15	Klebsiella variicola subsp. variicola	ST3081	KL15	Klebsiella variicola subsp. variicola	ST3081	KL15	True	True	True	0	0	0	True	4	5903727	5652041	1	3	5898128	5652012	1	5599	29	True	True
INF219	INF219		False	PASS	PASS		PASS		standard	clinopore	Klebsiella variicola subsp. variicola	ST594	KL19	Typeable	OL5	Klebsiella variicola subsp. variicola	ST594	KL19	Klebsiella variicola subsp. variicola	ST594	KL19	Klebsiella variicola subsp. variicola	ST594	KL19	True	True	True	0	0	0	True	1	5449097	5449097	1	1	5450182	5450182	0	-1085	-1085	True	True
INF220	INF220		False	PASS	PASS		PASS		standard	clinopore	Klebsiella pneumoniae	ST1877	KL14	Typeable	OL3γ	Klebsiella pneumoniae	ST1877	KL14	Klebsiella pneumoniae	ST1877	KL14	Klebsiella pneumoniae	ST1877	KL14	True	True	True	0	0	0	True	2	5349232	5165259	1	3	5355941	5165277	-1	-6709	-18	True	True
INF221	INF221		False	PASS	PASS		PASS		standard	clinopore	Klebsiella quasipneumoniae subsp. similipneumoniae	ST1822	KL48	Typeable	OL5	Klebsiella quasipneumoniae subsp. similipneumoniae	ST1822	KL48	Klebsiella quasipneumoniae subsp. similipneumoniae	ST1822	KL48	Klebsiella quasipneumoniae subsp. similipneumoniae	ST1822	KL48	True	True	True	0	0	0	True	2	5362514	5220699	1	2	5362483	5220668	0	31	31	True	True
INF224	INF224		False	PASS	PASS		PASS		standard	clinopore	Klebsiella pneumoniae	ST336	KL25	Typeable	OL5	Klebsiella pneumoniae	ST336	KL25	Klebsiella pneumoniae	ST336	KL25	Klebsiella pneumoniae	ST336	KL25	True	True	True	0	0	0	True	2	5577522	5356959	1	2	5577004	5356941	0	518	18	True	True
INF225	INF225		False	PASS	PASS		PASS		standard	clinopore	Klebsiella pneumoniae	ST86	KL2	Typeable	OL2α.1	Klebsiella pneumoniae	ST86	KL2	Klebsiella pneumoniae	ST86	KL2	Klebsiella pneumoniae	ST86	KL2	True	True	True	0	0	0	True	2	5429643	5225182	1	3	5440881	5225153	-1	-11238	29	True	True
INF226	INF226_v2		True	PASS	PASS_REFERENCE_MISMATCH	reference row describes a different strain	PASS		standard	clinopore	Klebsiella pneumoniae	ST336	KL25	Typeable	OL5	Klebsiella pneumoniae	ST3068	KL119	Klebsiella pneumoniae	ST336	KL25	Klebsiella pneumoniae	ST336	KL25	False	True	True	0	0	4	True	2	5577522	5356959	1	2	5577529	5356955	0	-7	4	True	True
INF227	INF227_v2		True	PASS	PASS_REFERENCE_MISMATCH	reference row describes a different strain	PASS		standard	clinopore	Klebsiella pneumoniae	ST86	KL2	Typeable	OL2α.1	Klebsiella pneumoniae	ST792	KL25	Klebsiella pneumoniae	ST86	KL2	Klebsiella pneumoniae	ST86	KL2	False	True	True	0	0	6	True	2	5429643	5225182	1	2	5429672	5225211	0	-29	-29	True	True
INF229	INF229_v2		True	PASS	PASS_REFERENCE_MISMATCH	reference row describes a different strain	PASS		standard	clinopore	Klebsiella pneumoniae	ST3068	KL119	Typeable	OL4	Klebsiella pneumoniae	ST221	KL50	Klebsiella pneumoniae	ST3068	KL119	Klebsiella pneumoniae	ST3068	KL119	False	True	True	0	0	5	True	2	5518833	5454650	1	2	5518854	5454642	0	-21	8	True	True
INF230	INF230		False	PASS	PASS		PASS		standard	clinopore	Klebsiella quasipneumoniae subsp. similipneumoniae	ST3093	KL47	Typeable	OL3α/β	Klebsiella quasipneumoniae subsp. similipneumoniae	ST3093	KL47	Klebsiella quasipneumoniae subsp. similipneumoniae	ST3093	KL47	Klebsiella quasipneumoniae subsp. similipneumoniae	ST3093	KL47	True	True	True	0	0	0	True	2	5248055	5140504	1	3	5199105	5140529	-1	48950	-25	True	True
INF233	INF233		False	PASS	PASS		PASS		standard	clinopore	Klebsiella pneumoniae	ST180	KL55	Typeable	OL2α.1	Klebsiella pneumoniae	ST180	KL55	Klebsiella pneumoniae	ST180	KL55	Klebsiella pneumoniae	ST180	KL55	True	True	True	0	0	0	True	2	5444821	5322555	1	2	5444800	5322535	0	21	20	True	True
INF234	INF234		False	PASS	PASS		PASS		standard	clinopore	Klebsiella pneumoniae	ST134	KL25	Typeable	OL5	Klebsiella pneumoniae	ST134	KL25	Klebsiella pneumoniae	ST134	KL25	Klebsiella pneumoniae	ST134	KL25	True	True	True	0	0	0	True	3	5571396	5312458	1	4	5577809	5312443	-1	-6413	15	True	True
INF238	INF238		False	PASS	PASS		PASS		standard	clinopore	Klebsiella variicola subsp. variicola	ST347	KL103	Typeable	OL3α/β	Klebsiella variicola subsp. variicola	ST347	KL103	Klebsiella variicola subsp. variicola	ST347	KL103	Klebsiella variicola subsp. variicola	ST347	KL103	True	True	True	0	0	0	True	2	5585038	5481454	1	2	5585011	5481429	0	27	25	True	True
INF239	INF239		False	PASS	PASS		PASS		standard	clinopore	Klebsiella pneumoniae	ST564	KL28	Typeable	OL2α.1	Klebsiella pneumoniae	ST564	KL28	Klebsiella pneumoniae	ST564	KL28	Klebsiella pneumoniae	ST564	KL28	True	True	True	0	0	0	True	1	5147685	5147685	1	1	5147656	5147656	0	29	29	True	True
INF241	INF241		False	PASS	PASS		PASS		standard	clinopore	Klebsiella pneumoniae	ST3072	KL39	Typeable	OL2α.1	Klebsiella pneumoniae	ST3072	KL39	Klebsiella pneumoniae	ST3072	KL39	Klebsiella pneumoniae	ST3072	KL39	True	True	True	0	0	0	True	3	5481865	5238076	1	3	5481832	5238045	0	33	31	True	True
INF243	INF243		False	PASS	PASS		PASS		standard	clinopore	Klebsiella pneumoniae	ST3072	KL39	Typeable	OL2α.1	Klebsiella pneumoniae	ST3072	KL39	Klebsiella pneumoniae	ST3072	KL39	Klebsiella pneumoniae	ST3072	KL39	True	True	True	0	0	0	True	2	5542131	5358020	1	2	5542102	5357991	0	29	29	True	True
INF244	INF244		False	PASS	PASS		PASS		standard	clinopore	Klebsiella variicola subsp. variicola	ST681	KL10	Typeable	OL2α.2	Klebsiella variicola subsp. variicola	ST681	KL10	Klebsiella variicola subsp. variicola	ST681	KL10	Klebsiella variicola subsp. variicola	ST681	KL10	True	True	True	0	0	0	True	4	5699678	5383447	1	4	5705674	5383433	0	-5996	14	True	True
INF245	INF245		False	PASS	PASS		PASS		standard	clinopore	Klebsiella variicola subsp. variicola	ST681	KL10	Typeable	OL2α.2	Klebsiella variicola subsp. variicola	ST681	KL10	Klebsiella variicola subsp. variicola	ST681	KL10	Klebsiella variicola subsp. variicola	ST681	KL10	True	True	True	0	0	0	True	3	5715403	5397980	1	3	5715390	5397964	0	13	16	True	True
INF246	INF246		False	PASS	PASS		PASS		standard	clinopore	Klebsiella pneumoniae	ST29	KL30	Typeable	OL2α.2	Klebsiella pneumoniae	ST29	KL30	Klebsiella pneumoniae	ST29	KL30	Klebsiella pneumoniae	ST29	KL30	True	True	True	0	0	0	True	7	5700299	5355101	1	8	5719896	5355072	-1	-19597	29	True	True
INF248	INF248		False	PASS	PASS		PASS		standard	clinopore	Klebsiella pneumoniae	ST3063	KL20	Typeable	OL2α.1	Klebsiella pneumoniae	ST3063	KL20	Klebsiella pneumoniae	ST3063	KL20	Klebsiella pneumoniae	ST3063	KL20	True	True	True	0	0	0	True	1	5221932	5221932	1	1	5221898	5221898	0	34	34	True	True
INF251	INF251_v2		True	PASS	PASS_REFERENCE_MISMATCH	reference row describes a different strain	PASS		standard	clinopore	Klebsiella pneumoniae	ST2623	KL52	Typeable	OL10	Klebsiella pneumoniae	ST485	KL28	Klebsiella pneumoniae	ST2623	KL52	Klebsiella pneumoniae	ST2623	KL52	False	True	True	0	0	3	True	2	5587854	5360125	1	2	5587853	5360120	0	1	5	True	True
INF252	INF252		False	PASS	PASS		PASS		standard	clinopore	Klebsiella pneumoniae	ST485	KL28	Typeable	OL2α.1	Klebsiella pneumoniae	ST485	KL28	Klebsiella pneumoniae	ST485	KL28	Klebsiella pneumoniae	ST485	KL28	True	True	True	0	0	0	True	3	5581923	5435104	1	3	5571400	5424581	0	10523	10523	True	True
INF253	INF253		False	PASS	PASS		PASS		standard	clinopore	Klebsiella pneumoniae	ST101	KL17	Typeable	OL2α.1	Klebsiella pneumoniae	ST101	KL17	Klebsiella pneumoniae	ST101	KL17	Klebsiella pneumoniae	ST101	KL17	True	True	True	0	0	0	True	3	5505425	5308777	1	3	5505408	5308762	0	17	15	True	True
INF254	INF254.1	1	False	PASS	PASS		PASS		standard	clinopore	Klebsiella pneumoniae	ST86	KL2	Typeable	OL2α.1	Klebsiella pneumoniae	ST86	KL2	Klebsiella pneumoniae	ST86	KL2	Klebsiella pneumoniae	ST86	KL2	True	True	True	0	0	0	True	2	5452971	5235376	1	2	5452951	5235370	0	20	6	True	True
INF255	INF255.1_v2	1	True	PASS	PASS_REFERENCE_MISMATCH	reference row describes a different strain	PASS		standard	clinopore	Klebsiella pneumoniae	ST29	KL30	Typeable	OL2α.2	Klebsiella variicola subsp. variicola	ST681	KL10	Klebsiella pneumoniae	ST29	KL30	Klebsiella pneumoniae	ST29	KL30	False	True	True	0	0	7	True	8	5690260	5357250	1	9	5692226	5357236	-1	-1966	14	True	True
INF256	INF256		False	PASS	PASS		PASS		standard	clinopore	Klebsiella pneumoniae	ST3043	KL10	Typeable	OL2α.2	Klebsiella pneumoniae	ST3043	KL10	Klebsiella pneumoniae	ST3043	KL10	Klebsiella pneumoniae	ST3043	KL10	True	True	True	0	0	0	True	2	5518204	5281433	1	2	5518209	5281438	0	-5	-5	True	True
INF257	INF257.2_v2	2	True	PASS	PASS		PASS		standard	clinopore	Klebsiella pneumoniae	ST1536	KL30	Typeable	OL2α.1	Klebsiella pneumoniae	ST1536	KL30	Klebsiella pneumoniae	ST1536	KL30	Klebsiella pneumoniae	ST1536	KL30	True	True	True	0	0	0	True	3	5353078	5178307	1	3	5352327	5178300	0	751	7	True	True
INF258	INF258		False	PASS	PASS		PASS		standard	clinopore	Klebsiella pneumoniae	ST3074	KL13	Typeable	OL3γ	Klebsiella pneumoniae	ST3074	KL13	Klebsiella pneumoniae	ST3074	KL13	Klebsiella pneumoniae	ST3074	KL13	True	True	True	0	0	0	True	2	5660299	5448177	1	2	5660263	5448144	0	36	33	True	True
INF259	INF259		False	PASS	PASS		PASS		standard	clinopore	Klebsiella variicola subsp. variicola	ST3086	KL53	Typeable	OL3α/β	Klebsiella variicola subsp. variicola	ST3086	KL53	Klebsiella variicola subsp. variicola	ST3086	KL53	Klebsiella variicola subsp. variicola	ST3086	KL53	True	True	True	0	0	0	True	4	5788536	5469284	1	3	5787319	5469260	1	1217	24	True	True
INF260	INF260		False	PASS	PASS		PASS		standard	clinopore	Klebsiella pneumoniae	ST323	KL21	Typeable	OL3γ	Klebsiella pneumoniae	ST323	KL21	Klebsiella pneumoniae	ST323	KL21	Klebsiella pneumoniae	ST323	KL21	True	True	True	0	0	0	True	4	5550992	5228897	1	4	5527439	5229233	0	23553	-336	True	True
INF261	INF261		False	PASS	PASS		PASS		standard	clinopore	Klebsiella pneumoniae	ST29	KL30	Typeable	OL2α.2	Klebsiella pneumoniae	ST29	KL30	Klebsiella pneumoniae	ST29	KL30	Klebsiella pneumoniae	ST29	KL30	True	True	True	0	0	0	True	5	5682663	5357255	1	5	5682423	5357230	0	240	25	True	True
INF264	INF264		False	PASS	PASS		PASS		standard	clinopore	Klebsiella pneumoniae	ST1017	KL58	Typeable	OL3γ	Klebsiella pneumoniae	ST1017	KL58	Klebsiella pneumoniae	ST1017	KL58	Klebsiella pneumoniae	ST1017	KL58	True	True	True	0	0	0	True	4	5589095	5247378	1	4	5589211	5247487	0	-116	-109	True	True
INF265	INF265		False	PASS	PASS		PASS		standard	clinopore	Klebsiella pneumoniae	ST1507	KL114	Typeable	OL3γ	Klebsiella pneumoniae	ST1507	KL114	Klebsiella pneumoniae	ST1507	KL114	Klebsiella pneumoniae	ST1507	KL114	True	True	True	0	0	0	True	2	5452722	5343343	1	2	5452707	5343328	0	15	15	True	True
INF267	INF267		False	PASS	PASS_REFERENCE_MISMATCH	reference K locus call unusable	PASS		standard	clinopore	Klebsiella variicola subsp. variicola	ST3078	KL64	Typeable	OL3α/β	Klebsiella variicola subsp. variicola	ST3078	KL107	Klebsiella variicola subsp. variicola	ST3078	KL64	Klebsiella variicola subsp. variicola	ST3078	KL64	False	True	True	0	0	0	True	2	5747744	5536514	1	2	5747720	5536490	0	24	24	True	True
INF268	INF268		False	PASS	PASS		PASS		standard	clinopore	Klebsiella pneumoniae	ST3098	KL24	Typeable	OL2α.1	Klebsiella pneumoniae	ST3098	KL24	Klebsiella pneumoniae	ST3098	KL24	Klebsiella pneumoniae	ST3098	KL24	True	True	True	0	0	0	True	2	5546000	5305957	1	2	5545967	5305940	0	33	17	True	True
INF269	INF269		False	PASS_FALSE_POSITIVE_CONTAM	PASS		PASS		standard	clinopore	Klebsiella pneumoniae	ST13	KL3	Typeable	OL2α.2	Klebsiella pneumoniae	ST13	KL3	Klebsiella pneumoniae	ST13	KL3	Klebsiella pneumoniae	ST13	KL3	True	True	True	0	0	0	True	3	5516781	5381333	1	3	5516525	5381309	0	256	24	True	True
INF271	INF271		False	PASS	PASS		PASS		standard	clinopore	Klebsiella pneumoniae	ST37	KL15	Typeable	OL4	Klebsiella pneumoniae	ST37	KL15	Klebsiella pneumoniae	ST37	KL15	Klebsiella pneumoniae	ST37	KL15	True	True	True	0	0	0	True	2	5426887	5315081	1	3	5466086	5315102	-1	-39199	-21	True	True
INF273	INF273		False	PASS	PASS		PASS		standard	clinopore	Klebsiella pneumoniae	ST500	KL34	Typeable	OL2α.1	Klebsiella pneumoniae	ST500	KL34	Klebsiella pneumoniae	ST500	KL34	Klebsiella pneumoniae	ST500	KL34	True	True	True	0	0	0	True	3	5502626	5266876	1	3	5502608	5266860	0	18	16	True	True
INF275	INF275		False	PASS	PASS		PASS		standard	clinopore	Klebsiella pneumoniae	ST1464	KL109	Typeable	OL13	Klebsiella pneumoniae	ST1464	KL109	Klebsiella pneumoniae	ST1464	KL109	Klebsiella pneumoniae	ST1464	KL109	True	True	True	0	0	0	True	2	5366345	5255807	1	2	5366336	5255798	0	9	9	True	True
INF280	INF280		False	PASS	PASS		PASS		standard	clinopore	Klebsiella pneumoniae	ST3055	KL47	Typeable	OL2α.1	Klebsiella pneumoniae	ST3055	KL47	Klebsiella pneumoniae	ST3055	KL47	Klebsiella pneumoniae	ST3055	KL47	True	True	True	0	0	0	True	1	5165182	5165182	1	1	5165171	5165171	0	11	11	True	True
INF282	INF282		False	PASS	PASS		PASS		standard	clinopore	Klebsiella pneumoniae	ST29	KL30	Typeable	OL2α.2	Klebsiella pneumoniae	ST29	KL30	Klebsiella pneumoniae	ST29	KL30	Klebsiella pneumoniae	ST29	KL30	True	True	True	0	0	0	True	3	5683760	5356167	1	4	5683782	5356185	-1	-22	-18	True	True
INF283	INF283		False	PASS	PASS		PASS		standard	clinopore	Klebsiella pneumoniae	ST111	KL63	Typeable	OL2α.2	Klebsiella pneumoniae	ST111	KL63	Klebsiella pneumoniae	ST111	KL63	Klebsiella pneumoniae	ST111	KL63	True	True	True	0	0	0	True	5	5545350	5271369	1	4	5543667	5271423	1	1683	-54	True	True
INF284	INF284		False	PASS	PASS		PASS		standard	clinopore	Klebsiella pneumoniae	ST3072	KL39	Typeable	OL2α.1	Klebsiella pneumoniae	ST3072	KL39	Klebsiella pneumoniae	ST3072	KL39	Klebsiella pneumoniae	ST3072	KL39	True	True	True	0	0	0	True	2	5542131	5358020	1	2	5542105	5357994	0	26	26	True	True
INF286	INF286		False	PASS	PASS		PASS		standard	clinopore	Klebsiella pneumoniae	ST3096	KL58	Typeable	OL3γ	Klebsiella pneumoniae	ST3096	KL58	Klebsiella pneumoniae	ST3096	KL58	Klebsiella pneumoniae	ST3096	KL58	True	True	True	0	0	0	True	2	5236911	5150803	1	2	5246678	5150784	0	-9767	19	True	True
INF287	INF287		False	PASS	PASS		PASS		standard	clinopore	Klebsiella variicola subsp. variicola	ST3082	KL57	Typeable	OL3α/β	Klebsiella variicola subsp. variicola	ST3082	KL57	Klebsiella variicola subsp. variicola	ST3082	KL57	Klebsiella variicola subsp. variicola	ST3082	KL57	True	True	True	0	0	0	True	3	5648230	5450314	1	3	5648206	5450290	0	24	24	True	True
INF288	INF288		False	PASS	PASS		PASS		standard	clinopore	Klebsiella variicola subsp. variicola	ST3084	KL125	Typeable	OL5	Klebsiella variicola subsp. variicola	ST3084	KL125	Klebsiella variicola subsp. variicola	ST3084	KL125	Klebsiella variicola subsp. variicola	ST3084	KL125	True	True	True	0	0	0	True	3	6202799	5627574	1	3	6202766	5627548	0	33	26	True	True
INF289	INF289		False	PASS	PASS		PASS		standard	flye (03_assembly) > repolish	Klebsiella pneumoniae	ST29	KL30	Typeable	OL2α.2	Klebsiella pneumoniae	ST29	KL30	Klebsiella pneumoniae	ST29	KL30	Klebsiella pneumoniae	ST29	KL30	True	True	True	0	0	0	True	3	5669698	5354962	1	3	5669760	5355038	0	-62	-76	True	True
INF292	INF292		False	PASS	PASS		PASS		standard	clinopore	Klebsiella pneumoniae	ST661	KL28	Typeable	OL2α.1	Klebsiella pneumoniae	ST661	KL28	Klebsiella pneumoniae	ST661	KL28	Klebsiella pneumoniae	ST661	KL28	True	True	True	0	0	0	True	3	5576681	5070592	1	3	5576656	5070570	0	25	22	True	True
INF293	INF293		False	PASS	PASS		PASS		standard	clinopore	Klebsiella pneumoniae	ST3040	KL38	Typeable	OL3γ	Klebsiella pneumoniae	ST3040	KL38	Klebsiella pneumoniae	ST3040	KL38	Klebsiella pneumoniae	ST3040	KL38	True	True	True	0	0	0	True	8	5684812	5278175	1	9	5764869	5278149	-1	-80057	26	True	True
INF295	INF295		False	PASS	PASS		PASS		standard	clinopore	Klebsiella pneumoniae	ST323	KL21	Typeable	OL3γ	Klebsiella pneumoniae	ST323	KL21	Klebsiella pneumoniae	ST323	KL21	Klebsiella pneumoniae	ST323	KL21	True	True	True	0	0	0	True	3	5668940	5228922	1	3	5668997	5228972	0	-57	-50	True	True
INF297	INF297		False	PASS	PASS		PASS		standard	clinopore	Klebsiella pneumoniae	ST461	KL62	Typeable	OL2α.2	Klebsiella pneumoniae	ST461	KL62	Klebsiella pneumoniae	ST461	KL62	Klebsiella pneumoniae	ST461	KL62	True	True	True	0	0	0	True	4	5690538	5444149	1	4	5690513	5444130	0	25	19	True	True
INF301	INF301		False	PASS	PASS		PASS		standard	clinopore	Klebsiella pneumoniae	ST27	KL61	Typeable	OL2α.1	Klebsiella pneumoniae	ST27	KL61	Klebsiella pneumoniae	ST27	KL61	Klebsiella pneumoniae	ST27	KL61	True	True	True	0	0	0	True	3	5451052	5208405	1	4	5457638	5208372	-1	-6586	33	True	True
INF303	INF303		False	PASS	PASS		PASS		standard	clinopore	Klebsiella pneumoniae	ST3054	KL46	Typeable	OL3γ	Klebsiella pneumoniae	ST3054	KL46	Klebsiella pneumoniae	ST3054	KL46	Klebsiella pneumoniae	ST3054	KL46	True	True	True	0	0	0	True	2	5270855	5148779	1	2	5271785	5149709	0	-930	-930	True	True
INF306	INF306		False	PASS	PASS		PASS		standard	clinopore	Klebsiella pneumoniae	ST3069	KL47	Typeable	OL13	Klebsiella pneumoniae	ST3069	KL47	Klebsiella pneumoniae	ST3069	KL47	Klebsiella pneumoniae	ST3069	KL47	True	True	True	0	0	0	True	1	5284317	5284317	1	1	5284298	5284298	0	19	19	True	True
INF307	INF307		False	PASS	PASS		PASS		standard	clinopore	Klebsiella variicola subsp. variicola	ST1456	KL60	Typeable	OL5	Klebsiella variicola subsp. variicola	ST1456	KL60	Klebsiella variicola subsp. variicola	ST1456	KL60	Klebsiella variicola subsp. variicola	ST1456	KL60	True	True	True	0	0	0	True	3	5881784	5407396	1	3	5881513	5407443	0	271	-47	True	True
INF308	INF308		False	PASS	PASS		PASS		standard	clinopore	Klebsiella pneumoniae	ST1997	KL28	Typeable	OL2α.1	Klebsiella pneumoniae	ST1997	KL28	Klebsiella pneumoniae	ST1997	KL28	Klebsiella pneumoniae	ST1997	KL28	True	True	True	0	0	0	True	1	5318286	5318286	1	1	5318269	5318269	0	17	17	True	True
INF309	INF309.2	2	False	PASS	PASS		PASS		standard	clinopore	Klebsiella quasipneumoniae subsp. similipneumoniae	ST1548	KL170	Typeable	OL3α/β	Klebsiella quasipneumoniae subsp. similipneumoniae	ST1548	KL170	Klebsiella quasipneumoniae subsp. similipneumoniae	ST1548	KL170	Klebsiella quasipneumoniae subsp. similipneumoniae	ST1548	KL170	True	True	True	0	0	0	True	3	5441414	5195520	1	3	5494832	5195514	0	-53418	6	True	True
INF311	INF311		False	PASS	PASS_REFERENCE_MISMATCH	reference K locus call unusable	PASS		standard	clinopore	Klebsiella pneumoniae	ST240	KL144	Untypeable	OL2α.1	Klebsiella pneumoniae	ST240	KL107	Klebsiella pneumoniae	ST240	KL144	Klebsiella pneumoniae	ST240	KL144	False	True	True	0	0	0	True	4	5782616	5270046	1	4	5782584	5270016	0	32	30	True	True
INF312	INF312		False	PASS	PASS		PASS		standard	clinopore	Klebsiella variicola subsp. variicola	ST2989	KL55	Typeable	OL3α/β	Klebsiella variicola subsp. variicola	ST2989	KL55	Klebsiella variicola subsp. variicola	ST2989	KL55	Klebsiella variicola subsp. variicola	ST2989	KL55	True	True	True	0	0	0	True	2	5853043	5588634	1	2	5852449	5588045	0	594	589	True	True
INF314	INF314		False	PASS	PASS		PASS		standard	clinopore	Klebsiella pneumoniae	ST29	KL30	Typeable	OL2α.2	Klebsiella pneumoniae	ST29	KL30	Klebsiella pneumoniae	ST29	KL30	Klebsiella pneumoniae	ST29	KL30	True	True	True	0	0	0	True	4	5666919	5358314	1	4	5668727	5358339	0	-1808	-25	True	True
INF315	INF315.1	1	False	PASS	PASS		PASS		standard	clinopore	Klebsiella pneumoniae	ST3057	KL30	Typeable	OL2α.1	Klebsiella pneumoniae	ST3057	KL30	Klebsiella pneumoniae	ST3057	KL30	Klebsiella pneumoniae	ST3057	KL30	True	True	True	0	0	0	True	1	5321799	5321799	1	1	5321793	5321793	0	6	6	True	True
INF317	INF317		False	PASS	PASS		PASS		standard	clinopore	Klebsiella pneumoniae	ST792	KL25	Typeable	OL3α/β	Klebsiella pneumoniae	ST792	KL25	Klebsiella pneumoniae	ST792	KL25	Klebsiella pneumoniae	ST792	KL25	True	True	True	0	0	0	True	3	5497035	5473073	1	3	5496998	5473033	0	37	40	True	True
INF318	INF318		False	PASS	PASS		PASS		standard	clinopore	Klebsiella quasipneumoniae subsp. similipneumoniae	ST1548	KL170	Typeable	OL3α/β	Klebsiella quasipneumoniae subsp. similipneumoniae	ST1548	KL170	Klebsiella quasipneumoniae subsp. similipneumoniae	ST1548	KL170	Klebsiella quasipneumoniae subsp. similipneumoniae	ST1548	KL170	True	True	True	0	0	0	True	3	5472209	5196654	1	3	5471746	5196615	0	463	39	True	True
INF320	INF320		False	PASS	PASS		PASS		standard	clinopore	Klebsiella variicola subsp. variicola	ST1142	KL105	Typeable	OL5	Klebsiella variicola subsp. variicola	ST1142	KL105	Klebsiella variicola subsp. variicola	ST1142	KL105	Klebsiella variicola subsp. variicola	ST1142	KL105	True	True	True	0	0	0	True	2	5749931	5522001	1	2	5750070	5522143	0	-139	-142	True	True
INF324	INF324		False	PASS	PASS		PASS		standard	clinopore	Klebsiella pneumoniae	ST3058	KL51	Typeable	OL12	Klebsiella pneumoniae	ST3058	KL51	Klebsiella pneumoniae	ST3058	KL51	Klebsiella pneumoniae	ST3058	KL51	True	True	True	0	0	0	True	1	5155837	5155837	1	1	5155796	5155796	0	41	41	True	True
INF325	INF325		False	PASS	PASS		PASS		standard	clinopore	Klebsiella pneumoniae	ST3048	KL30	Typeable	OL2α.1	Klebsiella pneumoniae	ST3048	KL30	Klebsiella pneumoniae	ST3048	KL30	Klebsiella pneumoniae	ST3048	KL30	True	True	True	0	0	0	True	3	5509633	5297394	1	3	5509760	5297508	0	-127	-114	True	True
INF326	INF326		False	PASS	PASS		PASS		standard	clinopore	Klebsiella pneumoniae	ST412	KL57	Typeable	OL3γ	Klebsiella pneumoniae	ST412	KL57	Klebsiella pneumoniae	ST412	KL57	Klebsiella pneumoniae	ST412	KL57	True	True	True	0	0	0	True	2	5461791	5284194	1	2	5461783	5284186	0	8	8	True	True
INF328	INF328		False	PASS	PASS		PASS		standard	clinopore	Klebsiella pneumoniae	ST37	KL14	Typeable	OL3γ	Klebsiella pneumoniae	ST37	KL14	Klebsiella pneumoniae	ST37	KL14	Klebsiella pneumoniae	ST37	KL14	True	True	True	0	0	0	True	3	5588929	5227668	1	3	5588883	5227628	0	46	40	True	True
INF330	INF330		False	PASS	PASS		PASS		standard	clinopore	Klebsiella variicola subsp. variicola	ST3089	KL142	Typeable	OL3α/β	Klebsiella variicola subsp. variicola	ST3089	KL142	Klebsiella variicola subsp. variicola	ST3089	KL142	Klebsiella variicola subsp. variicola	ST3089	KL142	True	True	True	0	0	0	True	2	5702167	5530449	1	2	5702157	5530439	0	10	10	True	True
INF332	INF332_v2		True	PASS	PASS_REFERENCE_MISMATCH	reference row describes a different strain	PASS		standard	clinopore	Klebsiella pneumoniae	ST200	KL13	Typeable	OL3γ	Klebsiella pneumoniae	ST29	KL30	Klebsiella pneumoniae	ST200	KL13	Klebsiella pneumoniae	ST200	KL13	False	True	True	0	0	5	True	1	5095397	5095397	1	1	5091060	5091060	0	4337	4337	True	True
INF336	INF336_v2		True	PASS	PASS		PASS		standard	clinopore	Klebsiella variicola subsp. variicola	ST3095	KL55	Typeable	OL2α.2	Klebsiella variicola subsp. variicola	ST3095	KL55	Klebsiella variicola subsp. variicola	ST3095	KL55	Klebsiella variicola subsp. variicola	ST3095	KL55	True	True	True	0	0	0	True	7	6070817	5415486	1	7	6107218	5415488	0	-36401	-2	True	True
INF337	INF337		False	PASS	PASS		PASS		standard	clinopore	Klebsiella pneumoniae	ST27	KL109	Typeable	OL2α.2	Klebsiella pneumoniae	ST27	KL109	Klebsiella pneumoniae	ST27	KL109	Klebsiella pneumoniae	ST27	KL109	True	True	True	0	0	0	True	5	5540855	5153587	1	5	5573775	5153576	0	-32920	11	True	True
INF338	INF338		False	PASS	PASS		PASS		standard	clinopore	Klebsiella pneumoniae	ST34	KL38	Typeable	OL3γ	Klebsiella pneumoniae	ST34	KL38	Klebsiella pneumoniae	ST34	KL38	Klebsiella pneumoniae	ST34	KL38	True	True	True	0	0	0	True	4	5630036	5296967	1	2	5599608	5313283	2	30428	-16316	True	True
INF339	INF339		False	PASS	PASS		PASS		standard	clinopore	Klebsiella pneumoniae	ST792	KL25	Typeable	OL3α/β	Klebsiella pneumoniae	ST792	KL25	Klebsiella pneumoniae	ST792	KL25	Klebsiella pneumoniae	ST792	KL25	True	True	True	0	0	0	True	4	5693857	5481295	1	4	5693849	5481288	0	8	7	True	True
INF340	INF340		False	PASS_BORDERLINE_MAPPING	PASS		PASS		standard	clinopore	Klebsiella pneumoniae	ST45	KL24	Typeable	OL2α.1	Klebsiella pneumoniae	ST45	KL24	Klebsiella pneumoniae	ST45	KL24	Klebsiella pneumoniae	ST45	KL24	True	True	True	0	0	0	True	4	5590744	5277861	1	3	5589711	5277849	1	1033	12	True	True
INF342	INF342		False	PASS	PASS		PASS		standard	clinopore	Klebsiella pneumoniae	ST3099	KL155	Typeable	OL13	Klebsiella pneumoniae	ST3099	KL155	Klebsiella pneumoniae	ST3099	KL155	Klebsiella pneumoniae	ST3099	KL155	True	True	True	0	0	0	True	2	5678149	5491613	1	2	5678439	5491596	0	-290	17	True	True
INF347	INF347		False	PASS	PASS		PASS		standard	clinopore	Klebsiella pneumoniae	ST111	KL63	Typeable	OL2α.2	Klebsiella pneumoniae	ST111	KL63	Klebsiella pneumoniae	ST111	KL63	Klebsiella pneumoniae	ST111	KL63	True	True	True	0	0	0	True	2	5805380	5414505	1	2	5805337	5414466	0	43	39	True	True
INF349	INF349		False	PASS	PASS		PASS		standard	clinopore	Klebsiella variicola subsp. variicola	ST3085	KL55	Typeable	OL3α/β	Klebsiella variicola subsp. variicola	ST3085	KL55	Klebsiella variicola subsp. variicola	ST3085	KL55	Klebsiella variicola subsp. variicola	ST3085	KL55	True	True	True	0	0	0	True	3	5734896	5560526	1	2	5732025	5560645	1	2871	-119	True	True
INF351	INF351		False	PASS	PASS		PASS		standard	clinopore	Klebsiella pneumoniae	ST3051	KL20	Typeable	OL2α.1	Klebsiella pneumoniae	ST3051	KL20	Klebsiella pneumoniae	ST3051	KL20	Klebsiella pneumoniae	ST3051	KL20	True	True	True	0	0	0	True	3	5629953	5284177	1	3	5629927	5284157	0	26	20	True	True
INF353	INF353		False	PASS	PASS		PASS		standard	clinopore	Klebsiella pneumoniae	ST1109	KL54	Typeable	OL2α.2	Klebsiella pneumoniae	ST1109	KL54	Klebsiella pneumoniae	ST1109	KL54	Klebsiella pneumoniae	ST1109	KL54	True	True	True	0	0	0	True	3	5521339	5243038	1	3	5521305	5243019	0	34	19	True	True
INF356	INF356		False	PASS	PASS		PASS		standard	clinopore	Klebsiella pneumoniae	ST661	KL28	Typeable	OL2α.1	Klebsiella pneumoniae	ST661	KL28	Klebsiella pneumoniae	ST661	KL28	Klebsiella pneumoniae	ST661	KL28	True	True	True	0	0	0	True	2	5403533	5070581	1	2	5403532	5070581	0	1	0	True	True
INF360	INF360		False	PASS	PASS		PASS		standard	clinopore	Klebsiella pneumoniae	ST323	KL21	Typeable	OL3γ	Klebsiella pneumoniae	ST323	KL21	Klebsiella pneumoniae	ST323-1LV	KL21	Klebsiella pneumoniae	ST323	KL21	True	True	True	0	0	0	True	2	5369641	5232171	1	2	5369691	5232221	0	-50	-50	True	True
KSB1_10A	KSB1_10A_v2		True	PASS	PASS_REFERENCE_MISMATCH	reference row describes a different strain	PASS		standard	clinopore	Klebsiella quasipneumoniae subsp. quasipneumoniae	ST5062	KL6	Typeable	OL3α/β	Klebsiella pneumoniae	ST23	KL1	Klebsiella quasipneumoniae subsp. quasipneumoniae	ST5062	KL6	Klebsiella quasipneumoniae subsp. quasipneumoniae	ST5062	KL6	False	True	True	0	0	7	True	1	5295856	5295856	1	1	5295847	5295847	0	9	9	True	True
KSB1_10C	KSB1_10C		False	PASS	PASS		PASS		standard	clinopore	Klebsiella pneumoniae	ST1966	KL58	Typeable	OL3γ	Klebsiella pneumoniae	ST1966	KL58	Klebsiella pneumoniae	ST1966	KL58	Klebsiella pneumoniae	ST1966	KL58	True	True	True	0	0	0	True	2	5487756	5342539	1	2	5487720	5342505	0	36	34	True	True
KSB1_10D	KSB1_10D		False	PASS	PASS		PASS		standard	clinopore	Klebsiella pneumoniae	ST1728	KL116	Typeable	OL2α.1	Klebsiella pneumoniae	ST1728	KL116	Klebsiella pneumoniae	ST1728	KL116	Klebsiella pneumoniae	ST1728	KL116	True	True	True	0	0	0	True	3	5469718	5269919	1	2	5454226	5269910	1	15492	9	True	True
KSB1_10F	KSB1_10F		False	PASS	PASS		PASS		standard	clinopore	Klebsiella variicola subsp. variicola	ST1986	KL137	Typeable	OL3α/β	Klebsiella variicola subsp. variicola	ST1986	KL137	Klebsiella variicola subsp. variicola	ST1986	KL137	Klebsiella variicola subsp. variicola	ST1986	KL137	True	True	True	0	0	0	True	2	5651194	5500578	1	2	5651181	5500566	0	13	12	True	True
KSB1_10G	KSB1_10G		False	PASS	PASS		PASS		standard	clinopore	Klebsiella pneumoniae	ST1800	KL30	Typeable	OL2α.2	Klebsiella pneumoniae	ST1800	KL30	Klebsiella pneumoniae	ST1800	KL30	Klebsiella pneumoniae	ST1800	KL30	True	True	True	0	0	0	True	5	5401321	5031183	1	5	5401311	5031175	0	10	8	True	True
KSB1_10H	KSB1_10H		False	PASS	PASS		PASS		standard	clinopore	Klebsiella pneumoniae	ST345	KL15	Typeable	OL4	Klebsiella pneumoniae	ST345	KL15	Klebsiella pneumoniae	ST345	KL15	Klebsiella pneumoniae	ST345	KL15	True	True	True	0	0	0	True	3	5404907	5299512	1	3	5399395	5299494	0	5512	18	True	True
KSB1_1A	KSB1_1A		False	PASS	PASS		PASS		standard	clinopore	Klebsiella pneumoniae	ST35	KL22	Typeable	OL2α.1	Klebsiella pneumoniae	ST35	KL22	Klebsiella pneumoniae	ST35	KL22	Klebsiella pneumoniae	ST35	KL22	True	True	True	0	0	0	True	1	5378919	5378919	1	1	5378924	5378924	0	-5	-5	True	True
KSB1_1C	KSB1_1C		False	PASS	PASS		PASS		standard	clinopore	Klebsiella pneumoniae	ST537	KL136	Typeable	OL2α.2	Klebsiella pneumoniae	ST537	KL136	Klebsiella pneumoniae	ST537	KL136	Klebsiella pneumoniae	ST537	KL136	True	True	True	0	0	0	True	4	5692514	5284781	1	4	5737094	5283847	0	-44580	934	True	True
KSB1_1D	KSB1_1D		False	PASS	PASS		PASS		standard	clinopore	Klebsiella pneumoniae	ST45	KL43	Typeable	OL2α.1	Klebsiella pneumoniae	ST45	KL43	Klebsiella pneumoniae	ST45-1LV	KL43	Klebsiella pneumoniae	ST45	KL43	True	True	True	0	0	0	True	8	5800527	5350358	1	4	5680008	5301646	4	120519	48712	True	True
KSB1_1E	KSB1_1E_v2		True	PASS	PASS		PASS		standard	clinopore	Klebsiella pneumoniae	ST461	KL51	Typeable	OL2α.1	Klebsiella pneumoniae	ST461	KL51	Klebsiella pneumoniae	ST461	KL51	Klebsiella pneumoniae	ST461	KL51	True	True	True	0	0	0	True	6	5756325	5425639	1	6	5760028	5425636	0	-3703	3	True	True
KSB1_1F	KSB1_1F		False	PASS	PASS		PASS		standard	clinopore	Klebsiella pneumoniae	ST857	KL13	Typeable	OL3γ	Klebsiella pneumoniae	ST857	KL13	Klebsiella pneumoniae	ST857	KL13	Klebsiella pneumoniae	ST857	KL13	True	True	True	0	0	0	True	2	5402576	5177176	1	2	5402596	5177197	0	-20	-21	True	True
KSB1_1G	KSB1_1G		False	PASS	PASS		PASS		standard	clinopore	Klebsiella pneumoniae	ST37	KL15	Typeable	OL4	Klebsiella pneumoniae	ST37	KL15	Klebsiella pneumoniae	ST37	KL15	Klebsiella pneumoniae	ST37	KL15	True	True	True	0	0	0	True	1	5167697	5167697	1	2	5173725	5167698	-1	-6028	-1	True	True
KSB1_2A	KSB1_2A		False	PASS	PASS		PASS		standard	clinopore	Klebsiella variicola subsp. variicola	ST596	KL35	Typeable	OL3α/β	Klebsiella variicola subsp. variicola	ST596	KL35	Klebsiella variicola subsp. variicola	ST596	KL35	Klebsiella variicola subsp. variicola	ST596	KL35	True	True	True	0	0	0	True	1	5455862	5455862	1	1	5455853	5455853	0	9	9	True	True
KSB1_2C	KSB1_2C		False	PASS	PASS		PASS		standard	clinopore	Klebsiella variicola subsp. variicola	ST3924	KL25	Typeable	OL5	Klebsiella variicola subsp. variicola	ST3924	KL25	Klebsiella variicola subsp. variicola	ST3924	KL25	Klebsiella variicola subsp. variicola	ST3924	KL25	True	True	True	0	0	0	True	3	5726754	5504668	1	3	5726719	5504633	0	35	35	True	True
KSB1_2D	KSB1_2D		False	PASS	PASS		PASS		standard	clinopore	Klebsiella pneumoniae	ST128	KL6	Typeable	OL2α.1	Klebsiella pneumoniae	ST128	KL6	Klebsiella pneumoniae	ST128	KL6	Klebsiella pneumoniae	ST128	KL6	True	True	True	0	0	0	True	1	5273825	5273825	1	1	5273822	5273822	0	3	3	True	True
KSB1_2E	KSB1_2E		False	PASS	PASS		PASS		standard	clinopore	Klebsiella pneumoniae	ST6935	KL56	Typeable	OL3γ	Klebsiella pneumoniae	ST993-1LV	KL56	Klebsiella pneumoniae	ST6935	KL56	Klebsiella pneumoniae	ST6935	KL56	True	True	True	0	0	0	True	4	5805273	5389523	1	4	5805260	5389511	0	13	12	True	True
KSB1_2F	KSB1_2F		False	PASS_PROVISIONAL_CHECK_EXTERNAL	PASS		PASS		standard	clinopore	Klebsiella variicola subsp. variicola	ST2594	KL134	Typeable	OL3α/β	Klebsiella variicola subsp. variicola	ST2594	KL134	Klebsiella variicola subsp. variicola	ST2594	KL134	Klebsiella variicola subsp. variicola	ST2594	KL134	True	True	True	0	0	0	True	2	5526780	5521048	1	2	5526809	5521077	0	-29	-29	True	True
KSB1_2G	KSB1_2G		False	PASS	PASS		PASS		standard	clinopore	Klebsiella variicola subsp. variicola	ST205	KL55	Typeable	OL3α/β	Klebsiella variicola subsp. variicola	ST205	KL55	Klebsiella variicola subsp. variicola	ST205	KL55	Klebsiella variicola subsp. variicola	ST205	KL55	True	True	True	0	0	0	True	1	5471630	5471630	1	1	5471631	5471631	0	-1	-1	True	True
KSB1_2I	KSB1_2I		False	REDO_DECONTAM_ECOLI	PASS		PASS		kraken2_decontam	kraken2 decontam > clinopore	Klebsiella variicola subsp. variicola	ST2993	KL151	Typeable	OL10	Klebsiella variicola subsp. variicola	ST2993	KL151	Klebsiella variicola subsp. variicola	ST2993	KL151	Klebsiella variicola subsp. variicola	ST2993	KL151	True	True	True	0	0	0	True	1	5511550	5511550	1	1	5511558	5511558	0	-8	-8	True	True
KSB1_2J	KSB1_2J		False	PASS	PASS		PASS		standard	clinopore	Klebsiella variicola subsp. variicola	ST355	KL63	Typeable	OL5	Klebsiella variicola subsp. variicola	ST355	KL63	Klebsiella variicola subsp. variicola	ST355	KL63	Klebsiella variicola subsp. variicola	ST355	KL63	True	True	True	0	0	0	True	1	5469579	5469579	1	1	5469571	5469571	0	8	8	True	True
KSB1_3B	KSB1_3B		False	PASS	PASS		PASS		standard	clinopore	Klebsiella variicola subsp. variicola	ST360	KL53	Typeable	OL3α/β	Klebsiella variicola subsp. variicola	ST360	KL53	Klebsiella variicola subsp. variicola	ST360	KL53	Klebsiella variicola subsp. variicola	ST360	KL53	True	True	True	0	0	0	True	1	5488182	5488182	1	1	5488174	5488174	0	8	8	True	True
KSB1_3C	KSB1_3C		False	PASS	PASS		PASS		standard	clinopore	Klebsiella variicola subsp. variicola	ST3198	KL103	Untypeable	OL10	Klebsiella variicola subsp. variicola	ST3198	KL103	Klebsiella variicola subsp. variicola	ST3198	KL103	Klebsiella variicola subsp. variicola	ST3198	KL103	True	True	True	0	0	0	True	2	5691267	5509194	1	2	5691251	5509178	0	16	16	True	True
KSB1_3D	KSB1_3D		False	PASS	PASS		PASS		standard	clinopore	Klebsiella pneumoniae	ST2136	KL102	Typeable	OL2α.1	Klebsiella pneumoniae	ST2136	KL102	Klebsiella pneumoniae	ST2136	KL102	Klebsiella pneumoniae	ST2136	KL102	True	True	True	0	0	0	True	16	5724158	5345372	1	10	5711650	5345360	6	12508	12	True	True
KSB1_3E	KSB1_3E		False	PASS	PASS_REFERENCE_MISMATCH	K locus ambiguous on fragmented reference assembly	PASS		standard	clinopore	Klebsiella pneumoniae	ST6936	KL22	Typeable	OL2α.1	Klebsiella pneumoniae	ST10-1LV	KL37	Klebsiella pneumoniae	ST6936	KL22	Klebsiella pneumoniae	ST6936	KL22	False	True	True	0	0	1	True	10	5789317	5252895	1	11	5808693	5252894	-1	-19376	1	True	True
KSB1_3F	KSB1_3F		False	PASS	PASS		PASS		standard	clinopore	Klebsiella variicola subsp. variicola	ST2089	KL19	Typeable	OL3α/β	Klebsiella variicola subsp. variicola	ST2089	KL19	Klebsiella variicola subsp. variicola	ST2089	KL19	Klebsiella variicola subsp. variicola	ST2089	KL19	True	True	True	0	0	0	True	1	5584118	5584118	1	1	5584098	5584098	0	20	20	True	True
KSB1_3G	KSB1_3G		False	PASS	PASS		PASS		standard	clinopore	Klebsiella pneumoniae	ST39	KL62	Typeable	OL2α.1	Klebsiella pneumoniae	ST39	KL62	Klebsiella pneumoniae	ST39	KL62	Klebsiella pneumoniae	ST39	KL62	True	True	True	0	0	0	True	2	5471431	5336169	1	3	5491121	5336169	-1	-19690	0	True	True
KSB1_3I	KSB1_3I		False	PASS_PROVISIONAL_CHECK_EXTERNAL	PASS		PASS		standard	clinopore	Klebsiella quasipneumoniae subsp. similipneumoniae	ST1548	KL170	Typeable	OL3α/β	Klebsiella quasipneumoniae subsp. similipneumoniae	ST1548	KL170	Klebsiella quasipneumoniae subsp. similipneumoniae	ST1548	KL170	Klebsiella quasipneumoniae subsp. similipneumoniae	ST1548	KL170	True	True	True	0	0	0	True	4	5580290	5194752	1	4	5580319	5194784	0	-29	-32	True	True
KSB1_3J	KSB1_3J		False	PASS	PASS		PASS		standard	clinopore	Klebsiella pneumoniae	ST152	KL149	Typeable	OL4	Klebsiella pneumoniae	ST152	KL149	Klebsiella pneumoniae	ST152	KL149	Klebsiella pneumoniae	ST152	KL149	True	True	True	0	0	0	True	2	5520296	5312862	1	2	5520306	5312872	0	-10	-10	True	True
KSB1_4A	KSB1_4A		False	PASS	PASS		PASS		standard	clinopore	Klebsiella pneumoniae	ST5142	KL27	Typeable	OL3γ	Klebsiella pneumoniae	ST2800-1LV	KL27	Klebsiella pneumoniae	ST5142	KL27	Klebsiella pneumoniae	ST5142	KL27	True	True	True	0	0	0	True	1	5240084	5240084	1	1	5240101	5240101	0	-17	-17	True	True
KSB1_4B	KSB1_4B		False	PASS	PASS		PASS		standard	clinopore	Klebsiella pneumoniae	ST2116	KL28	Typeable	OL2α.2	Klebsiella pneumoniae	ST2116	KL28	Klebsiella pneumoniae	ST2116	KL28	Klebsiella pneumoniae	ST2116	KL28	True	True	True	0	0	0	True	2	5632225	5377403	1	2	5632222	5377402	0	3	1	True	True
KSB1_4C	KSB1_4C		False	PASS	PASS		PASS		standard	clinopore	Klebsiella pneumoniae	ST1322	KL139	Typeable	OL2α.1	Klebsiella pneumoniae	ST1322	KL139	Klebsiella pneumoniae	ST1322	KL139	Klebsiella pneumoniae	ST1322	KL139	True	True	True	0	0	0	True	3	5479335	5278695	1	3	5479330	5278690	0	5	5	True	True
KSB1_4D	KSB1_4D		False	PASS	PASS		PASS		standard	clinopore	Klebsiella pneumoniae	ST6934	KL46	Typeable	OL3γ	Klebsiella pneumoniae	ST277-1LV	KL46	Klebsiella pneumoniae	ST6934	KL46	Klebsiella pneumoniae	ST6934	KL46	True	True	True	0	0	1	True	3	5541518	5292281	1	3	5541498	5292264	0	20	17	True	True
KSB1_4G	KSB1_4G		False	PASS	PASS		PASS		standard	clinopore	Klebsiella quasipneumoniae subsp. quasipneumoniae	ST6938	KL6	Typeable	OL5	Klebsiella quasipneumoniae subsp. quasipneumoniae	ST2981-3LV	KL6	Klebsiella quasipneumoniae subsp. quasipneumoniae	ST6938	KL6	Klebsiella quasipneumoniae subsp. quasipneumoniae	ST6938	KL6	True	True	True	0	0	1	True	1	5289778	5289778	1	1	5289803	5289803	0	-25	-25	True	True
KSB1_4H	KSB1_4H		False	PASS	PASS		PASS		standard	clinopore	Klebsiella variicola subsp. variicola	ST4595	KL6	Typeable	OL3α/β	Klebsiella variicola subsp. variicola	ST3082-2LV	KL6	Klebsiella variicola subsp. variicola	ST4595	KL6	Klebsiella variicola subsp. variicola	ST4595	KL6	True	True	True	0	0	0	True	4	5838119	5514675	1	3	5782090	5514680	1	56029	-5	True	True
KSB1_4J	KSB1_4J		False	PASS	PASS		PASS		standard	clinopore	Klebsiella variicola subsp. variicola	ST208	KL9	Typeable	OL3α/β	Klebsiella variicola subsp. variicola	ST208	KL9	Klebsiella variicola subsp. variicola	ST208	KL9	Klebsiella variicola subsp. variicola	ST208	KL9	True	True	True	0	0	0	True	2	5648185	5538198	1	2	5648166	5538179	0	19	19	True	True
KSB1_5A	KSB1_5A		False	PASS	PASS		PASS		standard	clinopore	Klebsiella pneumoniae	ST2990	KL8	Typeable	OL2α.1	Klebsiella pneumoniae	ST2990	KL8	Klebsiella pneumoniae	ST2990	KL8	Klebsiella pneumoniae	ST2990	KL8	True	True	True	0	0	0	True	3	5595319	5248517	1	3	5595379	5248557	0	-60	-40	True	True
KSB1_5C	KSB1_5C		False	PASS_BORDERLINE_MAPPING	PASS		PASS		standard	clinopore	Klebsiella pneumoniae	ST3169	KL31	Typeable	OL2α.1	Klebsiella pneumoniae	ST3169	KL31	Klebsiella pneumoniae	ST3169	KL31	Klebsiella pneumoniae	ST3169	KL31	True	True	True	0	0	0	True	7	5543040	5050302	1	7	5543042	5050285	0	-2	17	True	True
KSB1_5E	KSB1_5E		False	PASS	PASS		PASS		standard	clinopore	Klebsiella pneumoniae	ST461	KL51	Typeable	OL2α.1	Klebsiella pneumoniae	ST461	KL51	Klebsiella pneumoniae	ST461	KL51	Klebsiella pneumoniae	ST461	KL51	True	True	True	0	0	0	True	6	5772722	5421771	1	5	5747195	5421731	1	25527	40	True	True
KSB1_5F	KSB1_5F		False	PASS	PASS		PASS		standard	clinopore	Klebsiella pneumoniae	ST6937	KL36	Typeable	OL4	Klebsiella pneumoniae	ST831-1LV	KL36	Klebsiella pneumoniae	ST6937	KL36	Klebsiella pneumoniae	ST6937	KL36	True	True	True	0	0	0	True	1	5201606	5201606	1	1	5201585	5201585	0	21	21	True	True
KSB1_6B	KSB1_6B		False	PASS	PASS		PASS		standard	clinopore	Klebsiella variicola subsp. variicola	ST1599	KL60	Typeable	OL5	Klebsiella variicola subsp. variicola	ST1599	KL60	Klebsiella variicola subsp. variicola	ST1599	KL60	Klebsiella variicola subsp. variicola	ST1599	KL60	True	True	True	0	0	0	True	4	6151366	5569868	1	4	6151387	5569847	0	-21	21	True	True
KSB1_6C	KSB1_6C		False	PASS	PASS		PASS		standard	clinopore	Klebsiella pneumoniae	ST20	KL28	Typeable	OL2α.2	Klebsiella pneumoniae	ST20	KL28	Klebsiella pneumoniae	ST20	KL28	Klebsiella pneumoniae	ST20	KL28	True	True	True	0	0	0	True	6	5671922	5259892	1	4	5690674	5265678	2	-18752	-5786	True	True
KSB1_6D	KSB1_6D_v2		True	PASS_PROVISIONAL_CHECK_EXTERNAL	PASS		PASS		standard	flye (03_assembly) > repolish	Klebsiella quasipneumoniae subsp. similipneumoniae	ST414	KL123	Typeable	OL3α/β	Klebsiella quasipneumoniae subsp. similipneumoniae	ST414	KL123	Klebsiella quasipneumoniae subsp. similipneumoniae	ST414	KL123	Klebsiella quasipneumoniae subsp. similipneumoniae	ST414	KL123	True	True	True	0	0	0	True	2	5444368	5223215	1	2	5444361	5223207	0	7	8	True	True
KSB1_6E	KSB1_6E		False	PASS	PASS		PASS		standard	clinopore	Klebsiella pneumoniae	ST4553	KL14	Typeable	OL3γ	Klebsiella pneumoniae	ST1243-1LV	KL14	Klebsiella pneumoniae	ST4553	KL14	Klebsiella pneumoniae	ST4553	KL14	True	True	True	0	0	0	True	2	5593236	5390486	1	2	5593205	5390455	0	31	31	True	True
KSB1_6I	KSB1_6I.1	1	False	PASS	PASS		PASS		standard	clinopore	Klebsiella pneumoniae	ST252	KL81	Typeable	OL2α.2	Klebsiella pneumoniae	ST252	KL81	Klebsiella pneumoniae	ST252	KL81	Klebsiella pneumoniae	ST252	KL81	True	True	True	0	0	0	True	4	5868466	5422779	1	4	5868448	5422762	0	18	17	True	True
KSB1_7B	KSB1_7B.1	1	False	PASS	PASS		PASS		standard	clinopore	Klebsiella pneumoniae	ST5168	KL21	Typeable	OL3γ	Klebsiella pneumoniae	ST3178-1LV	KL21	Klebsiella pneumoniae	ST5168	KL21	Klebsiella pneumoniae	ST5168	KL21	True	True	True	0	0	0	True	1	5213147	5213147	1	1	5213139	5213139	0	8	8	True	True
KSB1_7C	KSB1_7C		False	PASS	PASS		PASS		standard	clinopore	Klebsiella pneumoniae	ST15	KL24	Typeable	OL2α.1	Klebsiella pneumoniae	ST15	KL24	Klebsiella pneumoniae	ST15	KL24	Klebsiella pneumoniae	ST15	KL24	True	True	True	0	0	0	True	3	5512701	5293883	1	3	5512517	5293888	0	184	-5	True	True
KSB1_7D	KSB1_7D		False	PASS	PASS		PASS		standard	clinopore	Klebsiella pneumoniae	ST461	KL117	Typeable	OL2α.2	Klebsiella pneumoniae	ST461	KL117	Klebsiella pneumoniae	ST461	KL117	Klebsiella pneumoniae	ST461	KL117	True	True	True	0	0	0	True	4	5821033	5514545	1	4	5821040	5514554	0	-7	-9	True	True
KSB1_7H	KSB1_7H		False	PASS	PASS		PASS		standard	clinopore	Klebsiella pneumoniae	ST111	KL63	Typeable	OL2α.2	Klebsiella pneumoniae	ST111	KL63	Klebsiella pneumoniae	ST111	KL63	Klebsiella pneumoniae	ST111	KL63	True	True	True	0	0	0	True	1	5230277	5230277	1	1	5230305	5230305	0	-28	-28	True	True
KSB1_8A	KSB1_8A		False	PASS	PASS		PASS		standard	clinopore	Klebsiella pneumoniae	ST2991	KL119	Typeable	OL4	Klebsiella pneumoniae	ST2991	KL119	Klebsiella pneumoniae	ST2991	KL119	Klebsiella pneumoniae	ST2991	KL119	True	True	True	0	0	0	True	2	5454728	5311508	1	2	5455360	5312140	0	-632	-632	True	True
KSB1_8B	KSB1_8B		False	PASS	PASS		PASS		standard	clinopore	Klebsiella variicola subsp. variicola	ST2388	KL135	Typeable	OL3α/β	Klebsiella variicola subsp. variicola	ST2388	KL135	Klebsiella variicola subsp. variicola	ST2388	KL135	Klebsiella variicola subsp. variicola	ST2388	KL135	True	True	True	0	0	0	True	3	5778858	5435254	1	3	5778867	5435262	0	-9	-8	True	True
KSB1_8E	KSB1_8E.1	1	False	PASS	PASS		PASS		standard	clinopore	Klebsiella variicola subsp. variicola	ST2994	KL35	Typeable	OL3α/β	Klebsiella variicola subsp. variicola	ST2994	KL35	Klebsiella variicola subsp. variicola	ST2994	KL35	Klebsiella variicola subsp. variicola	ST2994	KL35	True	True	True	0	0	0	True	1	5447806	5447806	1	1	5447832	5447832	0	-26	-26	True	True
KSB1_8F	KSB1_8F		False	PASS	PASS		PASS		standard	clinopore	Klebsiella variicola subsp. variicola	ST2992	KL101	Typeable	OL3α/β	Klebsiella variicola subsp. variicola	ST2992	KL101	Klebsiella variicola subsp. variicola	ST2992	KL101	Klebsiella variicola subsp. variicola	ST2992	KL101	True	True	True	0	0	0	True	4	6010874	5521124	1	4	6002208	5521140	0	8666	-16	True	True
KSB1_8I	KSB1_8I		False	PASS	PASS		PASS		standard	clinopore	Klebsiella pneumoniae	ST127	KL30	Typeable	OL2α.2	Klebsiella pneumoniae	ST127	KL30	Klebsiella pneumoniae	ST127	KL30	Klebsiella pneumoniae	ST127	KL30	True	True	True	0	0	0	True	4	5523066	5346258	1	4	5523080	5346272	0	-14	-14	True	True
KSB1_9B	KSB1_9B		False	PASS	PASS		PASS		standard	clinopore	Klebsiella variicola subsp. variicola	ST2996	KL20	Typeable	OL3α/β	Klebsiella variicola subsp. variicola	ST2996	KL20	Klebsiella variicola subsp. variicola	ST2996	KL20	Klebsiella variicola subsp. variicola	ST2996	KL20	True	True	True	0	0	0	True	2	5634374	5464135	1	2	5634355	5464118	0	19	17	True	True
KSB1_9E	KSB1_9E		False	PASS	PASS		PASS		standard	clinopore	Klebsiella pneumoniae	ST359	KL10	Typeable	OL2α.2	Klebsiella pneumoniae	ST359	KL10	Klebsiella pneumoniae	ST359	KL10	Klebsiella pneumoniae	ST359	KL10	True	True	True	0	0	0	True	6	5409900	5065026	1	6	5376990	5065012	0	32910	14	True	True
KSB2_10C	KSB2_10C.1	1	False	PASS	PASS		PASS		standard	clinopore	Klebsiella pneumoniae	ST661	KL24	Typeable	OL2α.1	Klebsiella pneumoniae	ST661	KL24	Klebsiella pneumoniae	ST661	KL24	Klebsiella pneumoniae	ST661	KL24	True	True	True	0	0	0	True	2	5485123	5266441	1	3	5484763	5260662	-1	360	5779	True	True
KSB2_1D	KSB2_1D		False	PASS	PASS		PASS		standard	clinopore	Klebsiella variicola subsp. variicola	ST2995	KL134	Typeable	OL3α/β	Klebsiella variicola subsp. variicola	ST2995	KL134	Klebsiella variicola subsp. variicola	ST2995	KL134	Klebsiella variicola subsp. variicola	ST2995	KL134	True	True	True	0	0	0	True	1	5416792	5416792	1	1	5416778	5416778	0	14	14	True	True
KSB2_3B	KSB2_3B		False	PASS	PASS		PASS		standard	clinopore	Klebsiella pneumoniae	ST215	KL16	Typeable	OL2α.1	Klebsiella pneumoniae	ST215	KL16	Klebsiella pneumoniae	ST215	KL16	Klebsiella pneumoniae	ST215	KL16	True	True	True	0	0	0	True	2	5431143	5267848	1	2	5431129	5267834	0	14	14	True	True
KSB2_3C	KSB2_3C		False	PASS	PASS		PASS		standard	flye (03_assembly) > repolish	Klebsiella pneumoniae	ST310	KL1	Typeable	OL2α.1	Klebsiella pneumoniae	ST310	KL1	Klebsiella pneumoniae	ST310	KL1	Klebsiella pneumoniae	ST310	KL1	True	True	True	0	0	0	True	1	5368227	5368227	1	1	5368211	5368211	0	16	16	True	True
KSB2_4A	KSB2_4A		False	REDO_DECONTAM_ECOLI	PASS		PASS		kraken2_decontam	kraken2 decontam > clinopore	Klebsiella quasipneumoniae subsp. similipneumoniae	ST1191	KL13	Typeable	OL3α/β	Klebsiella quasipneumoniae subsp. similipneumoniae	ST1191	KL13	Klebsiella quasipneumoniae subsp. similipneumoniae	ST1191	KL13	Klebsiella quasipneumoniae subsp. similipneumoniae	ST1191	KL13	True	True	True	0	0	0	True	4	5437010	5141367	1	4	5438495	5141356	0	-1485	11	True	True
KSB2_4B	KSB2_4B		False	PASS	PASS		PASS		standard	clinopore	Klebsiella pneumoniae	ST1731	KL43	Typeable	OL2α.1	Klebsiella pneumoniae	ST1731	KL43	Klebsiella pneumoniae	ST1731	KL43	Klebsiella pneumoniae	ST1731	KL43	True	True	True	0	0	0	True	2	5237179	5178707	1	2	5237168	5178696	0	11	11	True	True
KSB2_4D	KSB2_4D		False	PASS	PASS		PASS		standard	clinopore	Klebsiella pneumoniae	ST35	KL22	Typeable	OL2α.1	Klebsiella pneumoniae	ST35	KL22	Klebsiella pneumoniae	ST35	KL22	Klebsiella pneumoniae	ST35	KL22	True	True	True	0	0	0	True	1	5436264	5436264	1	1	5436258	5436258	0	6	6	True	True
KSB2_6A	KSB2_6A		False	PASS	PASS		PASS		standard	flye (03_assembly) > repolish	Klebsiella variicola subsp. variicola	ST641	KL60	Typeable	OL5	Klebsiella variicola subsp. variicola	ST641	KL60	Klebsiella variicola subsp. variicola	ST641	KL60	Klebsiella variicola subsp. variicola	ST641	KL60	True	True	True	0	0	0	True	11	6488464	5149818	1	11	6488575	5149882	0	-111	-64	True	True
KSB2_6B	KSB2_6B.1	1	False	PASS	PASS		PASS		standard	clinopore	Klebsiella pneumoniae	ST215	KL16	Typeable	OL2α.1	Klebsiella pneumoniae	ST215	KL16	Klebsiella pneumoniae	ST215	KL16	Klebsiella pneumoniae	ST215	KL16	True	True	True	0	0	0	True	4	5467950	5133205	1	4	5467936	5133195	0	14	10	True	True
KSB2_6D	KSB2_6D		False	PASS	PASS		PASS		standard	clinopore	Klebsiella pneumoniae	ST111	KL63	Typeable	OL2α.2	Klebsiella pneumoniae	ST111	KL63	Klebsiella pneumoniae	ST111	KL63	Klebsiella pneumoniae	ST111	KL63	True	True	True	0	0	0	True	1	5227717	5227717	1	1	5227712	5227712	0	5	5	True	True
KSB2_7A	KSB2_7A		False	PASS	PASS		PASS		standard	clinopore	Klebsiella pneumoniae	ST3692	KL8	Typeable	OL2α.2	Klebsiella pneumoniae	ST3692	KL8	Klebsiella pneumoniae	ST3692	KL8	Klebsiella pneumoniae	ST3692	KL8	True	True	True	0	0	0	True	1	5274360	5274360	1	1	5274358	5274358	0	2	2	True	True
KSB2_7B	KSB2_7B		False	PASS	PASS		PASS		standard	clinopore	Klebsiella pneumoniae	ST215	KL16	Typeable	OL2α.1	Klebsiella pneumoniae	ST215	KL16	Klebsiella pneumoniae	ST215	KL16	Klebsiella pneumoniae	ST215	KL16	True	True	True	0	0	0	True	2	5431144	5267849	1	2	5431133	5267838	0	11	11	True	True
KSB2_7C	KSB2_7C		False	PASS	PASS		PASS		standard	clinopore	Klebsiella variicola subsp. variicola	ST3573	KL121	Typeable	OL3α/β	Klebsiella variicola subsp. variicola	ST3573	KL121	Klebsiella variicola subsp. variicola	ST3573	KL121	Klebsiella variicola subsp. variicola	ST3573	KL121	True	True	True	0	0	0	True	2	5516043	5509779	1	2	5515713	5509730	0	330	49	True	True
KSB2_8A	KSB2_8A		False	PASS	PASS		PASS		standard	clinopore	Klebsiella pneumoniae	ST463	KL117	Typeable	OL2α.2	Klebsiella pneumoniae	ST463	KL117	Klebsiella pneumoniae	ST463	KL117	Klebsiella pneumoniae	ST463	KL117	True	True	True	0	0	0	True	3	5493062	5184119	1	3	5516225	5184105	0	-23163	14	True	True
KSB2_8C	KSB2_8C		False	PASS	PASS		PASS		standard	clinopore	Klebsiella pneumoniae	ST2267	KL127	Typeable	OL13	Klebsiella pneumoniae	ST2267	KL127	Klebsiella pneumoniae	ST2267	KL127	Klebsiella pneumoniae	ST2267	KL127	True	True	True	0	0	0	True	1	5203645	5203645	1	1	5203622	5203622	0	23	23	True	True
KSB2_8D	KSB2_8D		False	PASS	PASS		PASS		standard	clinopore	Klebsiella pneumoniae	ST643	KL38	Typeable	OL2α.1	Klebsiella pneumoniae	ST643	KL38	Klebsiella pneumoniae	ST643	KL38	Klebsiella pneumoniae	ST643	KL38	True	True	True	0	0	0	True	7	5660214	5217596	1	7	5662121	5217587	0	-1907	9	True	True
KSB2_9B	KSB2_9B		False	PASS	PASS		PASS		standard	clinopore	Klebsiella pneumoniae	ST25	KL2	Typeable	OL2α.2	Klebsiella pneumoniae	ST25	KL2	Klebsiella pneumoniae	ST25	KL2	Klebsiella pneumoniae	ST25	KL2	True	True	True	0	0	0	True	4	5602715	5276850	1	5	5609366	5276824	-1	-6651	26	True	True
KSB2_9C	KSB2_9C		False	PASS	PASS		PASS		standard	clinopore	Klebsiella pneumoniae	ST788	KL8	Typeable	OL2α.2	Klebsiella pneumoniae	ST788	KL8	Klebsiella pneumoniae	ST788	KL8	Klebsiella pneumoniae	ST788	KL8	True	True	True	0	0	0	True	2	5318211	5184768	1	2	5318223	5184781	0	-12	-13	True	True
