sample	isolate	qc_outcome	qc_stage	internal_qc_decision	qc_decision	qc_note	species	ST	K_locus	matches_reference	assemble	ont_reads	ont_reads_status	illumina_r1	illumina_r2	read_prep	decontam_mode	decontam_taxid	decontam_target	assembly_note
INF001.1	INF001	KEEP	external_qc	PASS	PASS		Klebsiella variicola subsp. variicola	ST3090-1LV	KL3	True	True	02_reads/INF001.1/qc/INF001.1.ont.qc.fastq.gz	ready	02_reads/INF001.1/qc/INF001.1_R1.qc.fastq.gz	02_reads/INF001.1/qc/INF001.1_R2.qc.fastq.gz	standard				
INF001.2	INF001	DROP	internal_qc	FAIL_VARIANT	FAIL_VARIANT	morphological variant; the other variant of this isolate was kept					False									
INF002	INF002	KEEP	external_qc	PASS	PASS		Klebsiella pneumoniae	ST133	KL116	True	True	02_reads/INF002/qc/INF002.ont.qc.fastq.gz	ready	02_reads/INF002/qc/INF002_R1.qc.fastq.gz	02_reads/INF002/qc/INF002_R2.qc.fastq.gz	standard				
INF003	INF003	KEEP	external_qc	PASS	PASS		Klebsiella pneumoniae	ST323	KL21	True	True	02_reads/INF003/qc/INF003.ont.qc.fastq.gz	ready	02_reads/INF003/qc/INF003_R1.qc.fastq.gz	02_reads/INF003/qc/INF003_R2.qc.fastq.gz	standard				
INF004	INF004	KEEP	external_qc	PASS	PASS		Klebsiella pneumoniae	ST345	KL15	True	True	02_reads/INF004/qc/INF004.ont.qc.fastq.gz	ready	02_reads/INF004/qc/INF004_R1.qc.fastq.gz	02_reads/INF004/qc/INF004_R2.qc.fastq.gz	standard				
INF005	INF005	KEEP	external_qc	PASS	PASS		Klebsiella variicola subsp. variicola	ST641	KL60	True	True	02_reads/INF005/qc/INF005.ont.qc.fastq.gz	ready	02_reads/INF005/qc/INF005_R1.qc.fastq.gz	02_reads/INF005/qc/INF005_R2.qc.fastq.gz	standard				
INF006	INF006	KEEP	external_qc	PASS	PASS		Klebsiella pneumoniae	ST35	KL22	True	True	02_reads/INF006/qc/INF006.ont.qc.fastq.gz	ready	02_reads/INF006/qc/INF006_R1.qc.fastq.gz	02_reads/INF006/qc/INF006_R2.qc.fastq.gz	standard				
INF007	INF007	KEEP	external_qc	PASS	PASS		Klebsiella pneumoniae	ST1449-1LV	KL107	True	True	02_reads/INF007/qc/INF007.ont.qc.fastq.gz	ready	02_reads/INF007/qc/INF007_R1.qc.fastq.gz	02_reads/INF007/qc/INF007_R2.qc.fastq.gz	standard				
INF008	INF008	KEEP	external_qc	PASS	PASS		Klebsiella pneumoniae	ST221	KL39	True	True	02_reads/INF008/qc/INF008.ont.qc.fastq.gz	ready	02_reads/INF008/qc/INF008_R1.qc.fastq.gz	02_reads/INF008/qc/INF008_R2.qc.fastq.gz	standard				
INF011	INF011	KEEP	external_qc	PASS	PASS		Klebsiella pneumoniae	ST1393	KL8	True	True	02_reads/INF011/qc/INF011.ont.qc.fastq.gz	ready	02_reads/INF011/qc/INF011_R1.qc.fastq.gz	02_reads/INF011/qc/INF011_R2.qc.fastq.gz	standard				
INF012	INF012	KEEP	external_qc	PASS	PASS		Klebsiella pneumoniae	ST690	KL30	True	True	02_reads/INF012/qc/INF012.ont.qc.fastq.gz	ready	02_reads/INF012/qc/INF012_R1.qc.fastq.gz	02_reads/INF012/qc/INF012_R2.qc.fastq.gz	standard				
INF013	INF013	KEEP	external_qc	PASS	PASS		Klebsiella pneumoniae	ST1583	KL102	True	True	02_reads/INF013/qc/INF013.ont.qc.fastq.gz	ready	02_reads/INF013/qc/INF013_R1.qc.fastq.gz	02_reads/INF013/qc/INF013_R2.qc.fastq.gz	standard				
INF014	INF014	KEEP	external_qc	PASS	PASS		Klebsiella pneumoniae	ST25	KL2	True	True	02_reads/INF014/qc/INF014.ont.qc.fastq.gz	ready	02_reads/INF014/qc/INF014_R1.qc.fastq.gz	02_reads/INF014/qc/INF014_R2.qc.fastq.gz	standard				
INF016	INF016	KEEP	external_qc	PASS	PASS		Klebsiella pneumoniae	ST27	KL109	True	True	02_reads/INF016/qc/INF016.ont.qc.fastq.gz	ready	02_reads/INF016/qc/INF016_R1.qc.fastq.gz	02_reads/INF016/qc/INF016_R2.qc.fastq.gz	standard				
INF017	INF017	KEEP	external_qc	PASS	PASS		Klebsiella pneumoniae	ST35	KL22	True	True	02_reads/INF017/qc/INF017.ont.qc.fastq.gz	ready	02_reads/INF017/qc/INF017_R1.qc.fastq.gz	02_reads/INF017/qc/INF017_R2.qc.fastq.gz	standard				
INF019	INF019	KEEP	external_qc	PASS	PASS		Klebsiella pneumoniae	ST20	KL28	True	True	02_reads/INF019/qc/INF019.ont.qc.fastq.gz	ready	02_reads/INF019/qc/INF019_R1.qc.fastq.gz	02_reads/INF019/qc/INF019_R2.qc.fastq.gz	standard				
INF020	INF020	KEEP	external_qc	PASS	PASS		Klebsiella pneumoniae	ST20	KL28	True	True	02_reads/INF020/qc/INF020.ont.qc.fastq.gz	ready	02_reads/INF020/qc/INF020_R1.qc.fastq.gz	02_reads/INF020/qc/INF020_R2.qc.fastq.gz	standard				
INF023	INF023	KEEP	external_qc	PASS	PASS		Klebsiella pneumoniae	ST2997	KL158	True	True	02_reads/INF023/qc/INF023.ont.qc.fastq.gz	ready	02_reads/INF023/qc/INF023_R1.qc.fastq.gz	02_reads/INF023/qc/INF023_R2.qc.fastq.gz	standard				
INF024	INF024	KEEP	external_qc	PASS	PASS		Klebsiella pneumoniae	ST1138	KL71	True	True	02_reads/INF024/qc/INF024.ont.qc.fastq.gz	ready	02_reads/INF024/qc/INF024_R1.qc.fastq.gz	02_reads/INF024/qc/INF024_R2.qc.fastq.gz	standard				
INF025	INF025	KEEP	external_qc	PASS	PASS		Klebsiella pneumoniae	ST491	KL118	True	True	02_reads/INF025/qc/INF025.ont.qc.fastq.gz	ready	02_reads/INF025/qc/INF025_R1.qc.fastq.gz	02_reads/INF025/qc/INF025_R2.qc.fastq.gz	standard				
INF027	INF027	KEEP	external_qc	PASS	PASS		Klebsiella pneumoniae	ST215	KL16	True	True	02_reads/INF027/qc/INF027.ont.qc.fastq.gz	ready	02_reads/INF027/qc/INF027_R1.qc.fastq.gz	02_reads/INF027/qc/INF027_R2.qc.fastq.gz	standard				
INF028	INF028	KEEP	external_qc	PASS	PASS		Klebsiella pneumoniae	ST45	KL24	True	True	02_reads/INF028/qc/INF028.ont.qc.fastq.gz	ready	02_reads/INF028/qc/INF028_R1.qc.fastq.gz	02_reads/INF028/qc/INF028_R2.qc.fastq.gz	standard				
INF030	INF030	KEEP	external_qc	PASS	PASS		Klebsiella pneumoniae	ST3038	KL24	True	True	02_reads/INF030/qc/INF030.ont.qc.fastq.gz	ready	02_reads/INF030/qc/INF030_R1.qc.fastq.gz	02_reads/INF030/qc/INF030_R2.qc.fastq.gz	standard				
INF033	INF033	KEEP	external_qc	PASS	PASS_REFERENCE_MISMATCH	K locus ambiguous on fragmented reference assembly	Klebsiella pneumoniae	ST27	KL22	False	True	02_reads/INF033/qc/INF033.ont.qc.fastq.gz	ready	02_reads/INF033/qc/INF033_R1.qc.fastq.gz	02_reads/INF033/qc/INF033_R2.qc.fastq.gz	standard				
INF034_v2	INF034	KEEP	external_qc	PASS	PASS_REFERENCE_MISMATCH	reference row describes a different strain	Klebsiella pneumoniae	ST15-1LV	KL24	False	True	02_reads/INF034_v2/qc/INF034_v2.ont.qc.fastq.gz	ready	02_reads/INF034_v2/qc/INF034_v2_R1.qc.fastq.gz	02_reads/INF034_v2/qc/INF034_v2_R2.qc.fastq.gz	standard				
INF035_v2	INF035	KEEP	external_qc	PASS	PASS		Klebsiella quasipneumoniae subsp. similipneumoniae	ST5872	KL7	True	True	02_reads/INF035_v2/qc/INF035_v2.ont.qc.fastq.gz	ready	02_reads/INF035_v2/qc/INF035_v2_R1.qc.fastq.gz	02_reads/INF035_v2/qc/INF035_v2_R2.qc.fastq.gz	standard				
INF036	INF036	KEEP	external_qc	PASS	PASS		Klebsiella variicola subsp. variicola	ST360	KL53	True	True	02_reads/INF036/qc/INF036.ont.qc.fastq.gz	ready	02_reads/INF036/qc/INF036_R1.qc.fastq.gz	02_reads/INF036/qc/INF036_R2.qc.fastq.gz	standard				
INF038	INF038	KEEP	external_qc	PASS	PASS		Klebsiella pneumoniae	ST60	KL5	True	True	02_reads/INF038/qc/INF038.ont.qc.fastq.gz	ready	02_reads/INF038/qc/INF038_R1.qc.fastq.gz	02_reads/INF038/qc/INF038_R2.qc.fastq.gz	standard				
INF039	INF039	KEEP	external_qc	PASS	PASS		Klebsiella pneumoniae	ST2931	KL22	True	True	02_reads/INF039/qc/INF039.ont.qc.fastq.gz	ready	02_reads/INF039/qc/INF039_R1.qc.fastq.gz	02_reads/INF039/qc/INF039_R2.qc.fastq.gz	standard				
INF040	INF040	KEEP	external_qc	PASS	PASS		Klebsiella pneumoniae	ST20	KL28	True	True	02_reads/INF040/qc/INF040.ont.qc.fastq.gz	ready	02_reads/INF040/qc/INF040_R1.qc.fastq.gz	02_reads/INF040/qc/INF040_R2.qc.fastq.gz	standard				
INF041	INF041	KEEP	external_qc	PASS	PASS		Klebsiella pneumoniae	ST1263	KL10	True	True	02_reads/INF041/qc/INF041.ont.qc.fastq.gz	ready	02_reads/INF041/qc/INF041_R1.qc.fastq.gz	02_reads/INF041/qc/INF041_R2.qc.fastq.gz	standard				
INF045	INF045	KEEP	external_qc	PASS	PASS		Klebsiella pneumoniae	ST1547	KL2	True	True	02_reads/INF045/qc/INF045.ont.qc.fastq.gz	ready	02_reads/INF045/qc/INF045_R1.qc.fastq.gz	02_reads/INF045/qc/INF045_R2.qc.fastq.gz	standard				
INF046	INF046	KEEP	external_qc	PASS	PASS		Klebsiella pneumoniae	ST182	KL47	True	True	02_reads/INF046/qc/INF046.ont.qc.fastq.gz	ready	02_reads/INF046/qc/INF046_R1.qc.fastq.gz	02_reads/INF046/qc/INF046_R2.qc.fastq.gz	standard				
INF047	INF047	KEEP	external_qc	PASS	PASS		Klebsiella variicola subsp. variicola	ST3077	KL120	True	True	02_reads/INF047/qc/INF047.ont.qc.fastq.gz	ready	02_reads/INF047/qc/INF047_R1.qc.fastq.gz	02_reads/INF047/qc/INF047_R2.qc.fastq.gz	standard				
INF048	INF048	KEEP	external_qc	PASS	PASS		Klebsiella variicola subsp. variicola	ST616	KL54	True	True	02_reads/INF048/qc/INF048.ont.qc.fastq.gz	ready	02_reads/INF048/qc/INF048_R1.qc.fastq.gz	02_reads/INF048/qc/INF048_R2.qc.fastq.gz	standard				
INF050	INF050	KEEP	external_qc	PASS_BORDERLINE_MAPPING	PASS		Klebsiella pneumoniae	ST323	KL21	True	True	02_reads/INF050/qc/INF050.ont.qc.fastq.gz	ready	02_reads/INF050/qc/INF050_R1.qc.fastq.gz	02_reads/INF050/qc/INF050_R2.qc.fastq.gz	standard				
INF051	INF051	KEEP	external_qc	PASS	PASS		Klebsiella pneumoniae	ST882	KL16	True	True	02_reads/INF051/qc/INF051.ont.qc.fastq.gz	ready	02_reads/INF051/qc/INF051_R1.qc.fastq.gz	02_reads/INF051/qc/INF051_R2.qc.fastq.gz	standard				
INF052	INF052	KEEP	external_qc	PASS	PASS		Klebsiella pneumoniae	ST3071	KL35	True	True	02_reads/INF052/qc/INF052.ont.qc.fastq.gz	ready	02_reads/INF052/qc/INF052_R1.qc.fastq.gz	02_reads/INF052/qc/INF052_R2.qc.fastq.gz	standard				
INF053	INF053	KEEP	external_qc	PASS	PASS		Klebsiella pneumoniae	ST113	KL114	True	True	02_reads/INF053/qc/INF053.ont.qc.fastq.gz	ready	02_reads/INF053/qc/INF053_R1.qc.fastq.gz	02_reads/INF053/qc/INF053_R2.qc.fastq.gz	standard				
INF054	INF054	KEEP	external_qc	PASS	PASS		Klebsiella pneumoniae	ST1322	KL139	True	True	02_reads/INF054/qc/INF054.ont.qc.fastq.gz	ready	02_reads/INF054/qc/INF054_R1.qc.fastq.gz	02_reads/INF054/qc/INF054_R2.qc.fastq.gz	standard				
INF055	INF055	KEEP	external_qc	PASS	PASS		Klebsiella pneumoniae	ST268	KL20	True	True	02_reads/INF055/qc/INF055.ont.qc.fastq.gz	ready	02_reads/INF055/qc/INF055_R1.qc.fastq.gz	02_reads/INF055/qc/INF055_R2.qc.fastq.gz	standard				
INF056	INF056	KEEP	external_qc	PASS	PASS		Klebsiella pneumoniae	ST3042	KL18	True	True	02_reads/INF056/qc/INF056.ont.qc.fastq.gz	ready	02_reads/INF056/qc/INF056_R1.qc.fastq.gz	02_reads/INF056/qc/INF056_R2.qc.fastq.gz	standard				
INF057	INF057	KEEP	external_qc	PASS	PASS		Klebsiella pneumoniae	ST27	KL142	True	True	02_reads/INF057/qc/INF057.ont.qc.fastq.gz	ready	02_reads/INF057/qc/INF057_R1.qc.fastq.gz	02_reads/INF057/qc/INF057_R2.qc.fastq.gz	standard				
INF060	INF060	KEEP	external_qc	PASS	PASS		Klebsiella pneumoniae	ST603	KL22	True	True	02_reads/INF060/qc/INF060.ont.qc.fastq.gz	ready	02_reads/INF060/qc/INF060_R1.qc.fastq.gz	02_reads/INF060/qc/INF060_R2.qc.fastq.gz	standard				
INF062	INF062	KEEP	external_qc	PASS	PASS		Klebsiella pneumoniae	ST230	KL167	True	True	02_reads/INF062/qc/INF062.ont.qc.fastq.gz	ready	02_reads/INF062/qc/INF062_R1.qc.fastq.gz	02_reads/INF062/qc/INF062_R2.qc.fastq.gz	standard				
INF063	INF063	KEEP	external_qc	PASS	PASS		Klebsiella pneumoniae	ST110	KL108	True	True	02_reads/INF063/qc/INF063.ont.qc.fastq.gz	ready	02_reads/INF063/qc/INF063_R1.qc.fastq.gz	02_reads/INF063/qc/INF063_R2.qc.fastq.gz	standard				
INF066	INF066	KEEP	external_qc	PASS	PASS		Klebsiella pneumoniae	ST3070	KL166	True	True	02_reads/INF066/qc/INF066.ont.qc.fastq.gz	ready	02_reads/INF066/qc/INF066_R1.qc.fastq.gz	02_reads/INF066/qc/INF066_R2.qc.fastq.gz	standard				
INF067	INF067	KEEP	external_qc	PASS	PASS		Klebsiella pneumoniae	ST45	KL24	True	True	02_reads/INF067/qc/INF067.ont.qc.fastq.gz	ready	02_reads/INF067/qc/INF067_R1.qc.fastq.gz	02_reads/INF067/qc/INF067_R2.qc.fastq.gz	standard				
INF068	INF068	KEEP	external_qc	PASS	PASS		Klebsiella pneumoniae	ST584	KL60	True	True	02_reads/INF068/qc/INF068.ont.qc.fastq.gz	ready	02_reads/INF068/qc/INF068_R1.qc.fastq.gz	02_reads/INF068/qc/INF068_R2.qc.fastq.gz	standard				
INF070	INF070	KEEP	external_qc	PASS	PASS		Klebsiella pneumoniae	ST323	KL21	True	True	02_reads/INF070/qc/INF070.ont.qc.fastq.gz	ready	02_reads/INF070/qc/INF070_R1.qc.fastq.gz	02_reads/INF070/qc/INF070_R2.qc.fastq.gz	standard				
INF071.1	INF071	KEEP	external_qc	PASS	PASS		Klebsiella pneumoniae	ST607	KL48	True	True	02_reads/INF071.1/qc/INF071.1.ont.qc.fastq.gz	ready	02_reads/INF071.1/qc/INF071.1_R1.qc.fastq.gz	02_reads/INF071.1/qc/INF071.1_R2.qc.fastq.gz	standard				
INF071.2	INF071	DROP	internal_qc	FAIL_VARIANT	FAIL_VARIANT	morphological variant; the other variant of this isolate was kept					False									
INF072	INF072	KEEP	external_qc	PASS	PASS		Klebsiella pneumoniae	ST133-1LV	KL116	True	True	02_reads/INF072/qc/INF072.ont.qc.fastq.gz	ready	02_reads/INF072/qc/INF072_R1.qc.fastq.gz	02_reads/INF072/qc/INF072_R2.qc.fastq.gz	standard				
INF074	INF074	KEEP	external_qc	PASS	PASS		Klebsiella pneumoniae	ST111	KL63	True	True	02_reads/INF074/qc/INF074.ont.qc.fastq.gz	ready	02_reads/INF074/qc/INF074_R1.qc.fastq.gz	02_reads/INF074/qc/INF074_R2.qc.fastq.gz	standard				
INF077_v2	INF077	KEEP	external_qc	PASS	PASS		Klebsiella pneumoniae	ST37	KL14	True	True	02_reads/INF077_v2/qc/INF077_v2.ont.qc.fastq.gz	ready	02_reads/INF077_v2/qc/INF077_v2_R1.qc.fastq.gz	02_reads/INF077_v2/qc/INF077_v2_R2.qc.fastq.gz	standard				
INF080	INF080	KEEP	external_qc	PASS	PASS		Klebsiella pneumoniae	ST1694	KL63	True	True	02_reads/INF080/qc/INF080.ont.qc.fastq.gz	ready	02_reads/INF080/qc/INF080_R1.qc.fastq.gz	02_reads/INF080/qc/INF080_R2.qc.fastq.gz	standard				
INF081	INF081	KEEP	external_qc	PASS	PASS		Klebsiella variicola subsp. variicola	ST3080	KL105	True	True	02_reads/INF081/qc/INF081.ont.qc.fastq.gz	ready	02_reads/INF081/qc/INF081_R1.qc.fastq.gz	02_reads/INF081/qc/INF081_R2.qc.fastq.gz	standard				
INF082	INF082	KEEP	external_qc	PASS	PASS		Klebsiella pneumoniae	ST3041	KL30	True	True	02_reads/INF082/qc/INF082.ont.qc.fastq.gz	ready	02_reads/INF082/qc/INF082_R1.qc.fastq.gz	02_reads/INF082/qc/INF082_R2.qc.fastq.gz	standard				
INF083	INF083	KEEP	external_qc	PASS	PASS		Klebsiella pneumoniae	ST3046	KL22	True	True	02_reads/INF083/qc/INF083.ont.qc.fastq.gz	ready	02_reads/INF083/qc/INF083_R1.qc.fastq.gz	02_reads/INF083/qc/INF083_R2.qc.fastq.gz	standard				
INF084_v2	INF084	KEEP	external_qc	PASS	PASS		Klebsiella pneumoniae	ST661	KL47	True	True	02_reads/INF084_v2/qc/INF084_v2.ont.qc.fastq.gz	ready	02_reads/INF084_v2/qc/INF084_v2_R1.qc.fastq.gz	02_reads/INF084_v2/qc/INF084_v2_R2.qc.fastq.gz	standard				
INF087	INF087	KEEP	external_qc	PASS	PASS		Klebsiella pneumoniae	ST3050	KL36	True	True	02_reads/INF087/qc/INF087.ont.qc.fastq.gz	ready	02_reads/INF087/qc/INF087_R1.qc.fastq.gz	02_reads/INF087/qc/INF087_R2.qc.fastq.gz	standard				
INF088	INF088	KEEP	external_qc	PASS	PASS		Klebsiella pneumoniae	ST111	KL113	True	True	02_reads/INF088/qc/INF088.ont.qc.fastq.gz	ready	02_reads/INF088/qc/INF088_R1.qc.fastq.gz	02_reads/INF088/qc/INF088_R2.qc.fastq.gz	standard				
INF089	INF089	KEEP	external_qc	PASS	PASS		Klebsiella quasipneumoniae subsp. quasipneumoniae	ST3091	KL11	True	True	02_reads/INF089/qc/INF089.ont.qc.fastq.gz	ready	02_reads/INF089/qc/INF089_R1.qc.fastq.gz	02_reads/INF089/qc/INF089_R2.qc.fastq.gz	standard				
INF090	INF090	KEEP	external_qc	PASS	PASS		Klebsiella pneumoniae	ST185	KL130	True	True	02_reads/INF090/qc/INF090.ont.qc.fastq.gz	ready	02_reads/INF090/qc/INF090_R1.qc.fastq.gz	02_reads/INF090/qc/INF090_R2.qc.fastq.gz	standard				
INF091.1	INF091	DROP	external_qc	PASS	DROP_VARIANT	morphological variant; the other variant of this isolate was kept	Klebsiella pneumoniae	ST45	KL24	True	False									
INF091.2	INF091	KEEP	external_qc	PASS	PASS		Klebsiella pneumoniae	ST45	KL24	True	True	02_reads/INF091.2/qc/INF091.2.ont.qc.fastq.gz	ready	02_reads/INF091.2/qc/INF091.2_R1.qc.fastq.gz	02_reads/INF091.2/qc/INF091.2_R2.qc.fastq.gz	standard				
INF092.1	INF092	KEEP	external_qc	PASS	PASS		Klebsiella pneumoniae	ST2415	KL131	True	True	02_reads/INF092.1/qc/INF092.1.ont.qc.fastq.gz	ready	02_reads/INF092.1/qc/INF092.1_R1.qc.fastq.gz	02_reads/INF092.1/qc/INF092.1_R2.qc.fastq.gz	standard				
INF092.2	INF092	DROP	internal_qc	FAIL_VARIANT	FAIL_VARIANT	morphological variant; the other variant of this isolate was kept					False									
INF093.1	INF093	KEEP	external_qc	PASS	PASS		Klebsiella pneumoniae	ST323	KL21	True	True	02_reads/INF093.1/qc/INF093.1.ont.qc.fastq.gz	ready	02_reads/INF093.1/qc/INF093.1_R1.qc.fastq.gz	02_reads/INF093.1/qc/INF093.1_R2.qc.fastq.gz	standard				
INF093.2	INF093	DROP	internal_qc	FAIL_VARIANT	FAIL_VARIANT	morphological variant; the other variant of this isolate was kept					False									
INF096	INF096	DROP	asm_fixing	REDO_ASSEMBLY_META	DROP_TYPING_DISCORDANT	ONT and Illumina assemblies give different K loci (KL130 vs KL22) on clean calls; reassembly does not touch that, so the libraries are the problem. 06_asm_fixing/01_autocycler/failed/					False									
INF097	INF097	KEEP	external_qc	PASS	PASS		Klebsiella pneumoniae	ST1307	KL127	True	True	02_reads/INF097/qc/INF097.ont.qc.fastq.gz	ready	02_reads/INF097/qc/INF097_R1.qc.fastq.gz	02_reads/INF097/qc/INF097_R2.qc.fastq.gz	standard				
INF098	INF098	KEEP	external_qc	PASS	PASS		Klebsiella pneumoniae	ST611	KL71	True	True	02_reads/INF098/qc/INF098.ont.qc.fastq.gz	ready	02_reads/INF098/qc/INF098_R1.qc.fastq.gz	02_reads/INF098/qc/INF098_R2.qc.fastq.gz	standard				
INF099	INF099	KEEP	external_qc	PASS	PASS		Klebsiella pneumoniae	ST1583	KL102	True	True	02_reads/INF099/qc/INF099.ont.qc.fastq.gz	ready	02_reads/INF099/qc/INF099_R1.qc.fastq.gz	02_reads/INF099/qc/INF099_R2.qc.fastq.gz	standard				
INF100	INF100	KEEP	external_qc	PASS	PASS		Klebsiella pneumoniae	ST22	KL9	True	True	02_reads/INF100/qc/INF100.ont.qc.fastq.gz	ready	02_reads/INF100/qc/INF100_R1.qc.fastq.gz	02_reads/INF100/qc/INF100_R2.qc.fastq.gz	standard				
INF101	INF101	KEEP	external_qc	PASS	PASS		Klebsiella pneumoniae	ST133	KL116	True	True	02_reads/INF101/qc/INF101.ont.qc.fastq.gz	ready	02_reads/INF101/qc/INF101_R1.qc.fastq.gz	02_reads/INF101/qc/INF101_R2.qc.fastq.gz	standard				
INF103	INF103	KEEP	external_qc	PASS	PASS		Klebsiella variicola subsp. variicola	ST3087	KL46	True	True	02_reads/INF103/qc/INF103.ont.qc.fastq.gz	ready	02_reads/INF103/qc/INF103_R1.qc.fastq.gz	02_reads/INF103/qc/INF103_R2.qc.fastq.gz	standard				
INF104.1	INF104	DROP	external_qc	PASS	DROP_VARIANT	morphological variant; the other variant of this isolate was kept	Klebsiella pneumoniae	ST45	KL24	True	False									
INF104.2	INF104	KEEP	external_qc	PASS	PASS		Klebsiella pneumoniae	ST45	KL24	True	True	02_reads/INF104.2/qc/INF104.2.ont.qc.fastq.gz	ready	02_reads/INF104.2/qc/INF104.2_R1.qc.fastq.gz	02_reads/INF104.2/qc/INF104.2_R2.qc.fastq.gz	standard				
INF106	INF106	KEEP	external_qc	PASS	PASS		Klebsiella pneumoniae	ST690	KL30	True	True	02_reads/INF106/qc/INF106.ont.qc.fastq.gz	ready	02_reads/INF106/qc/INF106_R1.qc.fastq.gz	02_reads/INF106/qc/INF106_R2.qc.fastq.gz	standard				
INF107	INF107	KEEP	external_qc	PASS	PASS		Klebsiella pneumoniae	ST3064	KL54	True	True	02_reads/INF107/qc/INF107.ont.qc.fastq.gz	ready	02_reads/INF107/qc/INF107_R1.qc.fastq.gz	02_reads/INF107/qc/INF107_R2.qc.fastq.gz	standard				
INF108	INF108	KEEP	external_qc	PASS	PASS		Klebsiella pneumoniae	ST247	KL10	True	True	02_reads/INF108/qc/INF108.ont.qc.fastq.gz	ready	02_reads/INF108/qc/INF108_R1.qc.fastq.gz	02_reads/INF108/qc/INF108_R2.qc.fastq.gz	standard				
INF109	INF109	KEEP	external_qc	PASS	PASS		Klebsiella pneumoniae	ST229	KL63	True	True	02_reads/INF109/qc/INF109.ont.qc.fastq.gz	ready	02_reads/INF109/qc/INF109_R1.qc.fastq.gz	02_reads/INF109/qc/INF109_R2.qc.fastq.gz	standard				
INF110	INF110	KEEP	external_qc	PASS	PASS		Klebsiella pneumoniae	ST520	KL2	True	True	02_reads/INF110/qc/INF110.ont.qc.fastq.gz	ready	02_reads/INF110/qc/INF110_R1.qc.fastq.gz	02_reads/INF110/qc/INF110_R2.qc.fastq.gz	standard				
INF112	INF112	KEEP	external_qc	PASS	PASS		Klebsiella variicola subsp. variicola	ST2988	KL137	True	True	02_reads/INF112/qc/INF112.ont.qc.fastq.gz	ready	02_reads/INF112/qc/INF112_R1.qc.fastq.gz	02_reads/INF112/qc/INF112_R2.qc.fastq.gz	standard				
INF113	INF113	KEEP	external_qc	PASS	PASS		Klebsiella pneumoniae	ST321	KL3	True	True	02_reads/INF113/qc/INF113.ont.qc.fastq.gz	ready	02_reads/INF113/qc/INF113_R1.qc.fastq.gz	02_reads/INF113/qc/INF113_R2.qc.fastq.gz	standard				
INF114	INF114	KEEP	external_qc	PASS	PASS		Klebsiella variicola subsp. variicola	ST2989	KL55	True	True	02_reads/INF114/qc/INF114.ont.qc.fastq.gz	ready	02_reads/INF114/qc/INF114_R1.qc.fastq.gz	02_reads/INF114/qc/INF114_R2.qc.fastq.gz	standard				
INF117.1	INF117	KEEP	external_qc	PASS	PASS		Klebsiella pneumoniae	ST3045	KL146	True	True	02_reads/INF117.1/qc/INF117.1.ont.qc.fastq.gz	ready	02_reads/INF117.1/qc/INF117.1_R1.qc.fastq.gz	02_reads/INF117.1/qc/INF117.1_R2.qc.fastq.gz	standard				
INF117.2	INF117	DROP	internal_qc	FAIL_VARIANT	FAIL_VARIANT	morphological variant; the other variant of this isolate was kept					False									
INF118	INF118	KEEP	external_qc	PASS	PASS		Klebsiella pneumoniae	ST3073	KL132	True	True	02_reads/INF118/qc/INF118.ont.qc.fastq.gz	ready	02_reads/INF118/qc/INF118_R1.qc.fastq.gz	02_reads/INF118/qc/INF118_R2.qc.fastq.gz	standard				
INF120	INF120	KEEP	external_qc	PASS	PASS		Klebsiella pneumoniae	ST309	KL42	True	True	02_reads/INF120/qc/INF120.ont.qc.fastq.gz	ready	02_reads/INF120/qc/INF120_R1.qc.fastq.gz	02_reads/INF120/qc/INF120_R2.qc.fastq.gz	standard				
INF123	INF123	KEEP	external_qc	PASS	PASS		Klebsiella variicola subsp. variicola	ST360	KL53	True	True	02_reads/INF123/qc/INF123.ont.qc.fastq.gz	ready	02_reads/INF123/qc/INF123_R1.qc.fastq.gz	02_reads/INF123/qc/INF123_R2.qc.fastq.gz	standard				
INF126	INF126	KEEP	external_qc	PASS	PASS		Klebsiella pneumoniae	ST1621	KL46	True	True	02_reads/INF126/qc/INF126.ont.qc.fastq.gz	ready	02_reads/INF126/qc/INF126_R1.qc.fastq.gz	02_reads/INF126/qc/INF126_R2.qc.fastq.gz	standard				
INF128	INF128	KEEP	external_qc	PASS	PASS		Klebsiella pneumoniae	ST27	KL169	True	True	02_reads/INF128/qc/INF128.ont.qc.fastq.gz	ready	02_reads/INF128/qc/INF128_R1.qc.fastq.gz	02_reads/INF128/qc/INF128_R2.qc.fastq.gz	standard				
INF129	INF129	KEEP	external_qc	PASS	PASS		Klebsiella pneumoniae	ST1193	KL22	True	True	02_reads/INF129/qc/INF129.ont.qc.fastq.gz	ready	02_reads/INF129/qc/INF129_R1.qc.fastq.gz	02_reads/INF129/qc/INF129_R2.qc.fastq.gz	standard				
INF130	INF130	KEEP	external_qc	PASS	PASS		Klebsiella pneumoniae	ST1441	KL10	True	True	02_reads/INF130/qc/INF130.ont.qc.fastq.gz	ready	02_reads/INF130/qc/INF130_R1.qc.fastq.gz	02_reads/INF130/qc/INF130_R2.qc.fastq.gz	standard				
INF131_v2	INF131	KEEP	external_qc	PASS	PASS		Klebsiella pneumoniae	ST3066	KL13	True	True	02_reads/INF131_v2/qc/INF131_v2.ont.qc.fastq.gz	ready	02_reads/INF131_v2/qc/INF131_v2_R1.qc.fastq.gz	02_reads/INF131_v2/qc/INF131_v2_R2.qc.fastq.gz	standard				
INF132	INF132	KEEP	external_qc	PASS	PASS		Klebsiella pneumoniae	ST3075	KL133	True	True	02_reads/INF132/qc/INF132.ont.qc.fastq.gz	ready	02_reads/INF132/qc/INF132_R1.qc.fastq.gz	02_reads/INF132/qc/INF132_R2.qc.fastq.gz	standard				
INF136.1	INF136	DROP	external_qc	PASS	DROP_VARIANT	morphological variant; the other variant of this isolate was kept	Klebsiella variicola subsp. variicola	ST616	KL54	True	False									
INF136.2	INF136	KEEP	external_qc	PASS	PASS		Klebsiella variicola subsp. variicola	ST616	KL54	True	True	02_reads/INF136.2/qc/INF136.2.ont.qc.fastq.gz	ready	02_reads/INF136.2/qc/INF136.2_R1.qc.fastq.gz	02_reads/INF136.2/qc/INF136.2_R2.qc.fastq.gz	standard				
INF137	INF137	KEEP	external_qc	PASS	PASS		Klebsiella pneumoniae	ST3047	KL168	True	True	02_reads/INF137/qc/INF137.ont.qc.fastq.gz	ready	02_reads/INF137/qc/INF137_R1.qc.fastq.gz	02_reads/INF137/qc/INF137_R2.qc.fastq.gz	standard				
INF138	INF138	KEEP	external_qc	PASS	PASS		Klebsiella pneumoniae	ST458	KL142	True	True	02_reads/INF138/qc/INF138.ont.qc.fastq.gz	ready	02_reads/INF138/qc/INF138_R1.qc.fastq.gz	02_reads/INF138/qc/INF138_R2.qc.fastq.gz	standard				
INF139	INF139	KEEP	external_qc	PASS	PASS		Klebsiella pneumoniae	ST889	KL54	True	True	02_reads/INF139/qc/INF139.ont.qc.fastq.gz	ready	02_reads/INF139/qc/INF139_R1.qc.fastq.gz	02_reads/INF139/qc/INF139_R2.qc.fastq.gz	standard				
INF143	INF143	KEEP	external_qc	PASS	PASS		Klebsiella pneumoniae	ST280	KL23	True	True	02_reads/INF143/qc/INF143.ont.qc.fastq.gz	ready	02_reads/INF143/qc/INF143_R1.qc.fastq.gz	02_reads/INF143/qc/INF143_R2.qc.fastq.gz	standard				
INF147	INF147	KEEP	external_qc	PASS	PASS		Klebsiella pneumoniae	ST412	KL57	True	True	02_reads/INF147/qc/INF147.ont.qc.fastq.gz	ready	02_reads/INF147/qc/INF147_R1.qc.fastq.gz	02_reads/INF147/qc/INF147_R2.qc.fastq.gz	standard				
INF149	INF149	KEEP	external_qc	PASS	PASS		Klebsiella pneumoniae	ST629	KL134	True	True	02_reads/INF149/qc/INF149.ont.qc.fastq.gz	ready	02_reads/INF149/qc/INF149_R1.qc.fastq.gz	02_reads/INF149/qc/INF149_R2.qc.fastq.gz	standard				
INF150	INF150	KEEP	external_qc	PASS	PASS		Klebsiella pneumoniae	ST176	KL13	True	True	02_reads/INF150/qc/INF150.ont.qc.fastq.gz	ready	02_reads/INF150/qc/INF150_R1.qc.fastq.gz	02_reads/INF150/qc/INF150_R2.qc.fastq.gz	standard				
INF152	INF152	KEEP	external_qc	PASS	PASS		Klebsiella variicola subsp. variicola	ST3094	KL103	True	True	02_reads/INF152/qc/INF152.ont.qc.fastq.gz	ready	02_reads/INF152/qc/INF152_R1.qc.fastq.gz	02_reads/INF152/qc/INF152_R2.qc.fastq.gz	standard				
INF153	INF153	KEEP	external_qc	PASS	PASS		Klebsiella pneumoniae	ST3046	KL22	True	True	02_reads/INF153/qc/INF153.ont.qc.fastq.gz	ready	02_reads/INF153/qc/INF153_R1.qc.fastq.gz	02_reads/INF153/qc/INF153_R2.qc.fastq.gz	standard				
INF155	INF155	KEEP	external_qc	PASS	PASS		Klebsiella pneumoniae	ST882-1LV	KL16	True	True	02_reads/INF155/qc/INF155.ont.qc.fastq.gz	ready	02_reads/INF155/qc/INF155_R1.qc.fastq.gz	02_reads/INF155/qc/INF155_R2.qc.fastq.gz	standard				
INF159	INF159	KEEP	external_qc	PASS	PASS		Klebsiella pneumoniae	ST12	KL122	True	True	02_reads/INF159/qc/INF159.ont.qc.fastq.gz	ready	02_reads/INF159/qc/INF159_R1.qc.fastq.gz	02_reads/INF159/qc/INF159_R2.qc.fastq.gz	standard				
INF160	INF160	KEEP	external_qc	PASS	PASS		Klebsiella pneumoniae	ST3056	KL30	True	True	02_reads/INF160/qc/INF160.ont.qc.fastq.gz	ready	02_reads/INF160/qc/INF160_R1.qc.fastq.gz	02_reads/INF160/qc/INF160_R2.qc.fastq.gz	standard				
INF162	INF162	KEEP	external_qc	PASS	PASS		Klebsiella pneumoniae	ST20	KL28	True	True	02_reads/INF162/qc/INF162.ont.qc.fastq.gz	ready	02_reads/INF162/qc/INF162_R1.qc.fastq.gz	02_reads/INF162/qc/INF162_R2.qc.fastq.gz	standard				
INF165	INF165	KEEP	external_qc	PASS	PASS		Klebsiella pneumoniae	ST54	KL14	True	True	02_reads/INF165/qc/INF165.ont.qc.fastq.gz	ready	02_reads/INF165/qc/INF165_R1.qc.fastq.gz	02_reads/INF165/qc/INF165_R2.qc.fastq.gz	standard				
INF166	INF166	KEEP	external_qc	PASS	PASS		Klebsiella pneumoniae	ST2370	KL15	True	True	02_reads/INF166/qc/INF166.ont.qc.fastq.gz	ready	02_reads/INF166/qc/INF166_R1.qc.fastq.gz	02_reads/INF166/qc/INF166_R2.qc.fastq.gz	standard				
INF167_v2	INF167	KEEP	external_qc	PASS	PASS_REFERENCE_MISMATCH	reference row describes a different strain	Klebsiella pneumoniae	ST17	KL25	False	True	02_reads/INF167_v2/qc/INF167_v2.ont.qc.fastq.gz	ready	02_reads/INF167_v2/qc/INF167_v2_R1.qc.fastq.gz	02_reads/INF167_v2/qc/INF167_v2_R2.qc.fastq.gz	standard				
INF169	INF169	KEEP	external_qc	PASS	PASS		Klebsiella variicola subsp. variicola	ST1688	KL57	True	True	02_reads/INF169/qc/INF169.ont.qc.fastq.gz	ready	02_reads/INF169/qc/INF169_R1.qc.fastq.gz	02_reads/INF169/qc/INF169_R2.qc.fastq.gz	standard				
INF170	INF170	KEEP	external_qc	PASS	PASS		Klebsiella pneumoniae	ST2116	KL28	True	True	02_reads/INF170/qc/INF170.ont.qc.fastq.gz	ready	02_reads/INF170/qc/INF170_R1.qc.fastq.gz	02_reads/INF170/qc/INF170_R2.qc.fastq.gz	standard				
INF172	INF172	KEEP	external_qc	PASS	PASS		Klebsiella pneumoniae	ST540	KL9	True	True	02_reads/INF172/qc/INF172.ont.qc.fastq.gz	ready	02_reads/INF172/qc/INF172_R1.qc.fastq.gz	02_reads/INF172/qc/INF172_R2.qc.fastq.gz	standard				
INF173	INF173	KEEP	external_qc	PASS	PASS		Klebsiella pneumoniae	ST256	KL47	True	True	02_reads/INF173/qc/INF173.ont.qc.fastq.gz	ready	02_reads/INF173/qc/INF173_R1.qc.fastq.gz	02_reads/INF173/qc/INF173_R2.qc.fastq.gz	standard				
INF175	INF175	KEEP	external_qc	PASS	PASS		Klebsiella pneumoniae	ST1165	KL45	True	True	02_reads/INF175/qc/INF175.ont.qc.fastq.gz	ready	02_reads/INF175/qc/INF175_R1.qc.fastq.gz	02_reads/INF175/qc/INF175_R2.qc.fastq.gz	standard				
INF176	INF176	KEEP	external_qc	PASS	PASS		Klebsiella pneumoniae	ST37	KL14	True	True	02_reads/INF176/qc/INF176.ont.qc.fastq.gz	ready	02_reads/INF176/qc/INF176_R1.qc.fastq.gz	02_reads/INF176/qc/INF176_R2.qc.fastq.gz	standard				
INF180	INF180	KEEP	external_qc	PASS	PASS		Klebsiella pneumoniae	ST661	KL28	True	True	02_reads/INF180/qc/INF180.ont.qc.fastq.gz	ready	02_reads/INF180/qc/INF180_R1.qc.fastq.gz	02_reads/INF180/qc/INF180_R2.qc.fastq.gz	standard				
INF181	INF181	KEEP	external_qc	PASS	PASS		Klebsiella variicola subsp. variicola	ST347	KL14	True	True	02_reads/INF181/qc/INF181.ont.qc.fastq.gz	ready	02_reads/INF181/qc/INF181_R1.qc.fastq.gz	02_reads/INF181/qc/INF181_R2.qc.fastq.gz	standard				
INF183	INF183	KEEP	external_qc	PASS	PASS		Klebsiella pneumoniae	ST36	KL51	True	True	02_reads/INF183/qc/INF183.ont.qc.fastq.gz	ready	02_reads/INF183/qc/INF183_R1.qc.fastq.gz	02_reads/INF183/qc/INF183_R2.qc.fastq.gz	standard				
INF184	INF184	KEEP	external_qc	PASS_FALSE_POSITIVE_CONTAM	PASS		Klebsiella pneumoniae	ST3062	KL124	True	True	02_reads/INF184/qc/INF184.ont.qc.fastq.gz	ready	02_reads/INF184/qc/INF184_R1.qc.fastq.gz	02_reads/INF184/qc/INF184_R2.qc.fastq.gz	standard				
INF186	INF186	KEEP	external_qc	REDO_DECONTAM_KLEBSIELLA	PASS		Klebsiella quasipneumoniae subsp. similipneumoniae	ST480	KL52	True	True	06_asm_fixing/02_decontam/reads/INF186.ont.decontam.fastq.gz	to_produce	02_reads/INF186/qc/INF186_R1.qc.fastq.gz	02_reads/INF186/qc/INF186_R2.qc.fastq.gz	kraken2_decontam	keep	1463165	Klebsiella quasipneumoniae	
INF187_v2	INF187	KEEP	external_qc	PASS	PASS_REFERENCE_MISMATCH	reference row describes a different strain	Klebsiella pneumoniae	ST23	KL1	False	True	02_reads/INF187_v2/qc/INF187_v2.ont.qc.fastq.gz	ready	02_reads/INF187_v2/qc/INF187_v2_R1.qc.fastq.gz	02_reads/INF187_v2/qc/INF187_v2_R2.qc.fastq.gz	standard				
INF189	INF189	KEEP	external_qc	PASS	PASS		Klebsiella variicola subsp. variicola	ST3083	KL53	True	True	02_reads/INF189/qc/INF189.ont.qc.fastq.gz	ready	02_reads/INF189/qc/INF189_R1.qc.fastq.gz	02_reads/INF189/qc/INF189_R2.qc.fastq.gz	standard				
INF191	INF191	KEEP	external_qc	PASS	PASS		Klebsiella pneumoniae	ST86	KL2	True	True	02_reads/INF191/qc/INF191.ont.qc.fastq.gz	ready	02_reads/INF191/qc/INF191_R1.qc.fastq.gz	02_reads/INF191/qc/INF191_R2.qc.fastq.gz	standard				
INF193	INF193	KEEP	external_qc	PASS	PASS		Klebsiella variicola subsp. variicola	ST681	KL10	True	True	02_reads/INF193/qc/INF193.ont.qc.fastq.gz	ready	02_reads/INF193/qc/INF193_R1.qc.fastq.gz	02_reads/INF193/qc/INF193_R2.qc.fastq.gz	standard				
INF195	INF195	KEEP	external_qc	PASS_PROVISIONAL_CHECK_EXTERNAL	PASS		Klebsiella quasipneumoniae subsp. similipneumoniae	ST414	KL123	True	True	02_reads/INF195/qc/INF195.ont.qc.fastq.gz	ready	02_reads/INF195/qc/INF195_R1.qc.fastq.gz	02_reads/INF195/qc/INF195_R2.qc.fastq.gz	standard				
INF196	INF196	KEEP	external_qc	PASS	PASS		Klebsiella pneumoniae	ST66	KL2	True	True	02_reads/INF196/qc/INF196.ont.qc.fastq.gz	ready	02_reads/INF196/qc/INF196_R1.qc.fastq.gz	02_reads/INF196/qc/INF196_R2.qc.fastq.gz	standard				
INF197	INF197	KEEP	external_qc	PASS	PASS		Klebsiella pneumoniae	ST27	KL38	True	True	02_reads/INF197/qc/INF197.ont.qc.fastq.gz	ready	02_reads/INF197/qc/INF197_R1.qc.fastq.gz	02_reads/INF197/qc/INF197_R2.qc.fastq.gz	standard				
INF198	INF198	KEEP	external_qc	PASS	PASS		Klebsiella pneumoniae	ST1010	KL142	True	True	02_reads/INF198/qc/INF198.ont.qc.fastq.gz	ready	02_reads/INF198/qc/INF198_R1.qc.fastq.gz	02_reads/INF198/qc/INF198_R2.qc.fastq.gz	standard				
INF199	INF199	KEEP	external_qc	PASS	PASS		Klebsiella pneumoniae	ST629	KL10	True	True	02_reads/INF199/qc/INF199.ont.qc.fastq.gz	ready	02_reads/INF199/qc/INF199_R1.qc.fastq.gz	02_reads/INF199/qc/INF199_R2.qc.fastq.gz	standard				
INF200	INF200	KEEP	external_qc	PASS	PASS		Klebsiella pneumoniae	ST292-1LV	KL143	True	True	02_reads/INF200/qc/INF200.ont.qc.fastq.gz	ready	02_reads/INF200/qc/INF200_R1.qc.fastq.gz	02_reads/INF200/qc/INF200_R2.qc.fastq.gz	standard				
INF202_v2	INF202	KEEP	external_qc	PASS	PASS_REFERENCE_MISMATCH	reference row describes a different strain	Klebsiella pneumoniae	ST292	KL143	False	True	02_reads/INF202_v2/qc/INF202_v2.ont.qc.fastq.gz	ready	02_reads/INF202_v2/qc/INF202_v2_R1.qc.fastq.gz	02_reads/INF202_v2/qc/INF202_v2_R2.qc.fastq.gz	standard				
INF203	INF203	KEEP	external_qc	PASS	PASS		Klebsiella variicola subsp. variicola	ST3088	KL16	True	True	02_reads/INF203/qc/INF203.ont.qc.fastq.gz	ready	02_reads/INF203/qc/INF203_R1.qc.fastq.gz	02_reads/INF203/qc/INF203_R2.qc.fastq.gz	standard				
INF204	INF204	KEEP	external_qc	PASS	PASS		Klebsiella pneumoniae	ST253	KL15	True	True	02_reads/INF204/qc/INF204.ont.qc.fastq.gz	ready	02_reads/INF204/qc/INF204_R1.qc.fastq.gz	02_reads/INF204/qc/INF204_R2.qc.fastq.gz	standard				
INF205	INF205	KEEP	external_qc	REDO_ASSEMBLY_META	PASS		Klebsiella pneumoniae	ST3049	KL55	True	True	02_reads/INF205/qc/INF205.ont.qc.fastq.gz	ready	02_reads/INF205/qc/INF205_R1.qc.fastq.gz	02_reads/INF205/qc/INF205_R2.qc.fastq.gz	standard				Flye fragments this strain at every depth; the closed 5.21 Mb contig came from the Autocycler consensus in 06_asm_fixing/01_autocycler. Check the clinopore-nf Flye stage, and fall back to polishing 06_asm_fixing/01_autocycler/assemblies/INF205.fasta if it fragments again.
INF207	INF207	KEEP	external_qc	PASS	PASS		Klebsiella quasipneumoniae subsp. similipneumoniae	ST1308	KL144	True	True	02_reads/INF207/qc/INF207.ont.qc.fastq.gz	ready	02_reads/INF207/qc/INF207_R1.qc.fastq.gz	02_reads/INF207/qc/INF207_R2.qc.fastq.gz	standard				
INF209	INF209	KEEP	external_qc	PASS	PASS		Klebsiella variicola subsp. variicola	ST681	KL10	True	True	02_reads/INF209/qc/INF209.ont.qc.fastq.gz	ready	02_reads/INF209/qc/INF209_R1.qc.fastq.gz	02_reads/INF209/qc/INF209_R2.qc.fastq.gz	standard				
INF211	INF211	KEEP	external_qc	PASS	PASS		Klebsiella pneumoniae	ST281	KL64	True	True	02_reads/INF211/qc/INF211.ont.qc.fastq.gz	ready	02_reads/INF211/qc/INF211_R1.qc.fastq.gz	02_reads/INF211/qc/INF211_R2.qc.fastq.gz	standard				
INF212	INF212	KEEP	external_qc	PASS	PASS		Klebsiella variicola subsp. variicola	ST681	KL10	True	True	02_reads/INF212/qc/INF212.ont.qc.fastq.gz	ready	02_reads/INF212/qc/INF212_R1.qc.fastq.gz	02_reads/INF212/qc/INF212_R2.qc.fastq.gz	standard				
INF213	INF213	KEEP	external_qc	PASS	PASS		Klebsiella pneumoniae	ST323	KL21	True	True	02_reads/INF213/qc/INF213.ont.qc.fastq.gz	ready	02_reads/INF213/qc/INF213_R1.qc.fastq.gz	02_reads/INF213/qc/INF213_R2.qc.fastq.gz	standard				
INF216	INF216	KEEP	external_qc	REDO_DECONTAM_KLEBSIELLA	PASS		Klebsiella variicola subsp. variicola	ST3079	KL53	True	True	06_asm_fixing/02_decontam/reads/INF216.ont.decontam.fastq.gz	to_produce	02_reads/INF216/qc/INF216_R1.qc.fastq.gz	02_reads/INF216/qc/INF216_R2.qc.fastq.gz	kraken2_decontam	keep	244366	Klebsiella variicola	
INF217	INF217	KEEP	external_qc	PASS	PASS		Klebsiella variicola subsp. variicola	ST919	KL67	True	True	02_reads/INF217/qc/INF217.ont.qc.fastq.gz	ready	02_reads/INF217/qc/INF217_R1.qc.fastq.gz	02_reads/INF217/qc/INF217_R2.qc.fastq.gz	standard				
INF218	INF218	KEEP	external_qc	PASS	PASS		Klebsiella variicola subsp. variicola	ST3081	KL15	True	True	02_reads/INF218/qc/INF218.ont.qc.fastq.gz	ready	02_reads/INF218/qc/INF218_R1.qc.fastq.gz	02_reads/INF218/qc/INF218_R2.qc.fastq.gz	standard				
INF219	INF219	KEEP	external_qc	PASS	PASS		Klebsiella variicola subsp. variicola	ST594	KL19	True	True	02_reads/INF219/qc/INF219.ont.qc.fastq.gz	ready	02_reads/INF219/qc/INF219_R1.qc.fastq.gz	02_reads/INF219/qc/INF219_R2.qc.fastq.gz	standard				
INF220	INF220	KEEP	external_qc	PASS	PASS		Klebsiella pneumoniae	ST1877	KL14	True	True	02_reads/INF220/qc/INF220.ont.qc.fastq.gz	ready	02_reads/INF220/qc/INF220_R1.qc.fastq.gz	02_reads/INF220/qc/INF220_R2.qc.fastq.gz	standard				
INF221	INF221	KEEP	external_qc	PASS	PASS		Klebsiella quasipneumoniae subsp. similipneumoniae	ST1822	KL48	True	True	02_reads/INF221/qc/INF221.ont.qc.fastq.gz	ready	02_reads/INF221/qc/INF221_R1.qc.fastq.gz	02_reads/INF221/qc/INF221_R2.qc.fastq.gz	standard				
INF224	INF224	KEEP	external_qc	PASS	PASS		Klebsiella pneumoniae	ST336	KL25	True	True	02_reads/INF224/qc/INF224.ont.qc.fastq.gz	ready	02_reads/INF224/qc/INF224_R1.qc.fastq.gz	02_reads/INF224/qc/INF224_R2.qc.fastq.gz	standard				
INF225	INF225	KEEP	external_qc	PASS	PASS		Klebsiella pneumoniae	ST86	KL2	True	True	02_reads/INF225/qc/INF225.ont.qc.fastq.gz	ready	02_reads/INF225/qc/INF225_R1.qc.fastq.gz	02_reads/INF225/qc/INF225_R2.qc.fastq.gz	standard				
INF226_v2	INF226	KEEP	external_qc	PASS	PASS_REFERENCE_MISMATCH	reference row describes a different strain	Klebsiella pneumoniae	ST336	KL25	False	True	02_reads/INF226_v2/qc/INF226_v2.ont.qc.fastq.gz	ready	02_reads/INF226_v2/qc/INF226_v2_R1.qc.fastq.gz	02_reads/INF226_v2/qc/INF226_v2_R2.qc.fastq.gz	standard				
INF227_v2	INF227	KEEP	external_qc	PASS	PASS_REFERENCE_MISMATCH	reference row describes a different strain	Klebsiella pneumoniae	ST86	KL2	False	True	02_reads/INF227_v2/qc/INF227_v2.ont.qc.fastq.gz	ready	02_reads/INF227_v2/qc/INF227_v2_R1.qc.fastq.gz	02_reads/INF227_v2/qc/INF227_v2_R2.qc.fastq.gz	standard				
INF229_v2	INF229	KEEP	external_qc	PASS	PASS_REFERENCE_MISMATCH	reference row describes a different strain	Klebsiella pneumoniae	ST3068	KL119	False	True	02_reads/INF229_v2/qc/INF229_v2.ont.qc.fastq.gz	ready	02_reads/INF229_v2/qc/INF229_v2_R1.qc.fastq.gz	02_reads/INF229_v2/qc/INF229_v2_R2.qc.fastq.gz	standard				
INF230	INF230	KEEP	external_qc	PASS	PASS		Klebsiella quasipneumoniae subsp. similipneumoniae	ST3093	KL47	True	True	02_reads/INF230/qc/INF230.ont.qc.fastq.gz	ready	02_reads/INF230/qc/INF230_R1.qc.fastq.gz	02_reads/INF230/qc/INF230_R2.qc.fastq.gz	standard				
INF233	INF233	KEEP	external_qc	PASS	PASS		Klebsiella pneumoniae	ST180	KL55	True	True	02_reads/INF233/qc/INF233.ont.qc.fastq.gz	ready	02_reads/INF233/qc/INF233_R1.qc.fastq.gz	02_reads/INF233/qc/INF233_R2.qc.fastq.gz	standard				
INF234	INF234	KEEP	external_qc	PASS	PASS		Klebsiella pneumoniae	ST134	KL25	True	True	02_reads/INF234/qc/INF234.ont.qc.fastq.gz	ready	02_reads/INF234/qc/INF234_R1.qc.fastq.gz	02_reads/INF234/qc/INF234_R2.qc.fastq.gz	standard				
INF238	INF238	KEEP	external_qc	PASS	PASS		Klebsiella variicola subsp. variicola	ST347	KL103	True	True	02_reads/INF238/qc/INF238.ont.qc.fastq.gz	ready	02_reads/INF238/qc/INF238_R1.qc.fastq.gz	02_reads/INF238/qc/INF238_R2.qc.fastq.gz	standard				
INF239	INF239	KEEP	external_qc	PASS	PASS		Klebsiella pneumoniae	ST564	KL28	True	True	02_reads/INF239/qc/INF239.ont.qc.fastq.gz	ready	02_reads/INF239/qc/INF239_R1.qc.fastq.gz	02_reads/INF239/qc/INF239_R2.qc.fastq.gz	standard				
INF241	INF241	KEEP	external_qc	PASS	PASS		Klebsiella pneumoniae	ST3072	KL39	True	True	02_reads/INF241/qc/INF241.ont.qc.fastq.gz	ready	02_reads/INF241/qc/INF241_R1.qc.fastq.gz	02_reads/INF241/qc/INF241_R2.qc.fastq.gz	standard				
INF243	INF243	KEEP	external_qc	PASS	PASS		Klebsiella pneumoniae	ST3072	KL39	True	True	02_reads/INF243/qc/INF243.ont.qc.fastq.gz	ready	02_reads/INF243/qc/INF243_R1.qc.fastq.gz	02_reads/INF243/qc/INF243_R2.qc.fastq.gz	standard				
INF244	INF244	KEEP	external_qc	PASS	PASS		Klebsiella variicola subsp. variicola	ST681	KL10	True	True	02_reads/INF244/qc/INF244.ont.qc.fastq.gz	ready	02_reads/INF244/qc/INF244_R1.qc.fastq.gz	02_reads/INF244/qc/INF244_R2.qc.fastq.gz	standard				
INF245	INF245	KEEP	external_qc	PASS	PASS		Klebsiella variicola subsp. variicola	ST681	KL10	True	True	02_reads/INF245/qc/INF245.ont.qc.fastq.gz	ready	02_reads/INF245/qc/INF245_R1.qc.fastq.gz	02_reads/INF245/qc/INF245_R2.qc.fastq.gz	standard				
INF246	INF246	KEEP	external_qc	PASS	PASS		Klebsiella pneumoniae	ST29	KL30	True	True	02_reads/INF246/qc/INF246.ont.qc.fastq.gz	ready	02_reads/INF246/qc/INF246_R1.qc.fastq.gz	02_reads/INF246/qc/INF246_R2.qc.fastq.gz	standard				
INF248	INF248	KEEP	external_qc	PASS	PASS		Klebsiella pneumoniae	ST3063	KL20	True	True	02_reads/INF248/qc/INF248.ont.qc.fastq.gz	ready	02_reads/INF248/qc/INF248_R1.qc.fastq.gz	02_reads/INF248/qc/INF248_R2.qc.fastq.gz	standard				
INF251_v2	INF251	KEEP	external_qc	PASS	PASS_REFERENCE_MISMATCH	reference row describes a different strain	Klebsiella pneumoniae	ST2623	KL52	False	True	02_reads/INF251_v2/qc/INF251_v2.ont.qc.fastq.gz	ready	02_reads/INF251_v2/qc/INF251_v2_R1.qc.fastq.gz	02_reads/INF251_v2/qc/INF251_v2_R2.qc.fastq.gz	standard				
INF252	INF252	KEEP	external_qc	PASS	PASS		Klebsiella pneumoniae	ST485	KL28	True	True	02_reads/INF252/qc/INF252.ont.qc.fastq.gz	ready	02_reads/INF252/qc/INF252_R1.qc.fastq.gz	02_reads/INF252/qc/INF252_R2.qc.fastq.gz	standard				
INF253	INF253	KEEP	external_qc	PASS	PASS		Klebsiella pneumoniae	ST101	KL17	True	True	02_reads/INF253/qc/INF253.ont.qc.fastq.gz	ready	02_reads/INF253/qc/INF253_R1.qc.fastq.gz	02_reads/INF253/qc/INF253_R2.qc.fastq.gz	standard				
INF254.1	INF254	KEEP	external_qc	PASS	PASS		Klebsiella pneumoniae	ST86	KL2	True	True	02_reads/INF254.1/qc/INF254.1.ont.qc.fastq.gz	ready	02_reads/INF254.1/qc/INF254.1_R1.qc.fastq.gz	02_reads/INF254.1/qc/INF254.1_R2.qc.fastq.gz	standard				
INF254.2	INF254	DROP	external_qc	PASS	DROP_VARIANT	morphological variant; the other variant of this isolate was kept	Klebsiella pneumoniae	ST86	KL2	True	False									
INF255.1_v2	INF255	KEEP	external_qc	PASS	PASS_REFERENCE_MISMATCH	reference row describes a different strain	Klebsiella pneumoniae	ST29	KL30	False	True	02_reads/INF255.1_v2/qc/INF255.1_v2.ont.qc.fastq.gz	ready	02_reads/INF255.1_v2/qc/INF255.1_v2_R1.qc.fastq.gz	02_reads/INF255.1_v2/qc/INF255.1_v2_R2.qc.fastq.gz	standard				
INF255.2_v2	INF255	DROP	internal_qc	FAIL_VARIANT	FAIL_VARIANT	morphological variant; the other variant of this isolate was kept					False									
INF256	INF256	KEEP	external_qc	PASS	PASS		Klebsiella pneumoniae	ST3043	KL10	True	True	02_reads/INF256/qc/INF256.ont.qc.fastq.gz	ready	02_reads/INF256/qc/INF256_R1.qc.fastq.gz	02_reads/INF256/qc/INF256_R2.qc.fastq.gz	standard				
INF257.1_v2	INF257	DROP	external_qc	PASS	DROP_VARIANT	morphological variant; the other variant of this isolate was kept	Klebsiella pneumoniae	ST3074	KL13	False	False									
INF257.2_v2	INF257	KEEP	external_qc	PASS	PASS		Klebsiella pneumoniae	ST1536	KL30	True	True	02_reads/INF257.2_v2/qc/INF257.2_v2.ont.qc.fastq.gz	ready	02_reads/INF257.2_v2/qc/INF257.2_v2_R1.qc.fastq.gz	02_reads/INF257.2_v2/qc/INF257.2_v2_R2.qc.fastq.gz	standard				
INF258	INF258	KEEP	external_qc	PASS	PASS		Klebsiella pneumoniae	ST3074	KL13	True	True	02_reads/INF258/qc/INF258.ont.qc.fastq.gz	ready	02_reads/INF258/qc/INF258_R1.qc.fastq.gz	02_reads/INF258/qc/INF258_R2.qc.fastq.gz	standard				
INF259	INF259	KEEP	external_qc	PASS	PASS		Klebsiella variicola subsp. variicola	ST3086	KL53	True	True	02_reads/INF259/qc/INF259.ont.qc.fastq.gz	ready	02_reads/INF259/qc/INF259_R1.qc.fastq.gz	02_reads/INF259/qc/INF259_R2.qc.fastq.gz	standard				
INF260	INF260	KEEP	external_qc	PASS	PASS		Klebsiella pneumoniae	ST323	KL21	True	True	02_reads/INF260/qc/INF260.ont.qc.fastq.gz	ready	02_reads/INF260/qc/INF260_R1.qc.fastq.gz	02_reads/INF260/qc/INF260_R2.qc.fastq.gz	standard				
INF261	INF261	KEEP	external_qc	PASS	PASS		Klebsiella pneumoniae	ST29	KL30	True	True	02_reads/INF261/qc/INF261.ont.qc.fastq.gz	ready	02_reads/INF261/qc/INF261_R1.qc.fastq.gz	02_reads/INF261/qc/INF261_R2.qc.fastq.gz	standard				
INF262_v2	INF262	DROP	asm_fixing	REDO_DECONTAM_KLEBSIELLA	DROP_WRONG_ISOLATE	nothing in the library types as the labelled isolate - expected ST221/KL39 is 14% of the reads and differs at 6 of 7 MLST loci. A provenance problem, not a contamination one. 06_asm_fixing/02_decontam/					False									
INF264	INF264	KEEP	external_qc	PASS	PASS		Klebsiella pneumoniae	ST1017	KL58	True	True	02_reads/INF264/qc/INF264.ont.qc.fastq.gz	ready	02_reads/INF264/qc/INF264_R1.qc.fastq.gz	02_reads/INF264/qc/INF264_R2.qc.fastq.gz	standard				
INF265	INF265	KEEP	external_qc	PASS	PASS		Klebsiella pneumoniae	ST1507	KL114	True	True	02_reads/INF265/qc/INF265.ont.qc.fastq.gz	ready	02_reads/INF265/qc/INF265_R1.qc.fastq.gz	02_reads/INF265/qc/INF265_R2.qc.fastq.gz	standard				
INF267	INF267	KEEP	external_qc	PASS	PASS_REFERENCE_MISMATCH	reference K locus call unusable	Klebsiella variicola subsp. variicola	ST3078	KL64	False	True	02_reads/INF267/qc/INF267.ont.qc.fastq.gz	ready	02_reads/INF267/qc/INF267_R1.qc.fastq.gz	02_reads/INF267/qc/INF267_R2.qc.fastq.gz	standard				
INF268	INF268	KEEP	external_qc	PASS	PASS		Klebsiella pneumoniae	ST3098	KL24	True	True	02_reads/INF268/qc/INF268.ont.qc.fastq.gz	ready	02_reads/INF268/qc/INF268_R1.qc.fastq.gz	02_reads/INF268/qc/INF268_R2.qc.fastq.gz	standard				
INF269	INF269	KEEP	external_qc	PASS_FALSE_POSITIVE_CONTAM	PASS		Klebsiella pneumoniae	ST13	KL3	True	True	02_reads/INF269/qc/INF269.ont.qc.fastq.gz	ready	02_reads/INF269/qc/INF269_R1.qc.fastq.gz	02_reads/INF269/qc/INF269_R2.qc.fastq.gz	standard				
INF271	INF271	KEEP	external_qc	PASS	PASS		Klebsiella pneumoniae	ST37	KL15	True	True	02_reads/INF271/qc/INF271.ont.qc.fastq.gz	ready	02_reads/INF271/qc/INF271_R1.qc.fastq.gz	02_reads/INF271/qc/INF271_R2.qc.fastq.gz	standard				
INF273	INF273	KEEP	external_qc	PASS	PASS		Klebsiella pneumoniae	ST500	KL34	True	True	02_reads/INF273/qc/INF273.ont.qc.fastq.gz	ready	02_reads/INF273/qc/INF273_R1.qc.fastq.gz	02_reads/INF273/qc/INF273_R2.qc.fastq.gz	standard				
INF275	INF275	KEEP	external_qc	PASS	PASS		Klebsiella pneumoniae	ST1464	KL109	True	True	02_reads/INF275/qc/INF275.ont.qc.fastq.gz	ready	02_reads/INF275/qc/INF275_R1.qc.fastq.gz	02_reads/INF275/qc/INF275_R2.qc.fastq.gz	standard				
INF280	INF280	KEEP	external_qc	PASS	PASS		Klebsiella pneumoniae	ST3055	KL47	True	True	02_reads/INF280/qc/INF280.ont.qc.fastq.gz	ready	02_reads/INF280/qc/INF280_R1.qc.fastq.gz	02_reads/INF280/qc/INF280_R2.qc.fastq.gz	standard				
INF282	INF282	KEEP	external_qc	PASS	PASS		Klebsiella pneumoniae	ST29	KL30	True	True	02_reads/INF282/qc/INF282.ont.qc.fastq.gz	ready	02_reads/INF282/qc/INF282_R1.qc.fastq.gz	02_reads/INF282/qc/INF282_R2.qc.fastq.gz	standard				
INF283	INF283	KEEP	external_qc	PASS	PASS		Klebsiella pneumoniae	ST111	KL63	True	True	02_reads/INF283/qc/INF283.ont.qc.fastq.gz	ready	02_reads/INF283/qc/INF283_R1.qc.fastq.gz	02_reads/INF283/qc/INF283_R2.qc.fastq.gz	standard				
INF284	INF284	KEEP	external_qc	PASS	PASS		Klebsiella pneumoniae	ST3072	KL39	True	True	02_reads/INF284/qc/INF284.ont.qc.fastq.gz	ready	02_reads/INF284/qc/INF284_R1.qc.fastq.gz	02_reads/INF284/qc/INF284_R2.qc.fastq.gz	standard				
INF286	INF286	KEEP	external_qc	PASS	PASS		Klebsiella pneumoniae	ST3096	KL58	True	True	02_reads/INF286/qc/INF286.ont.qc.fastq.gz	ready	02_reads/INF286/qc/INF286_R1.qc.fastq.gz	02_reads/INF286/qc/INF286_R2.qc.fastq.gz	standard				
INF287	INF287	KEEP	external_qc	PASS	PASS		Klebsiella variicola subsp. variicola	ST3082	KL57	True	True	02_reads/INF287/qc/INF287.ont.qc.fastq.gz	ready	02_reads/INF287/qc/INF287_R1.qc.fastq.gz	02_reads/INF287/qc/INF287_R2.qc.fastq.gz	standard				
INF288	INF288	KEEP	external_qc	PASS	PASS		Klebsiella variicola subsp. variicola	ST3084	KL125	True	True	02_reads/INF288/qc/INF288.ont.qc.fastq.gz	ready	02_reads/INF288/qc/INF288_R1.qc.fastq.gz	02_reads/INF288/qc/INF288_R2.qc.fastq.gz	standard				
INF289	INF289	KEEP	external_qc	PASS	PASS		Klebsiella pneumoniae	ST29	KL30	True	True	02_reads/INF289/qc/INF289.ont.qc.fastq.gz	ready	02_reads/INF289/qc/INF289_R1.qc.fastq.gz	02_reads/INF289/qc/INF289_R2.qc.fastq.gz	standard				
INF292	INF292	KEEP	external_qc	PASS	PASS		Klebsiella pneumoniae	ST661	KL28	True	True	02_reads/INF292/qc/INF292.ont.qc.fastq.gz	ready	02_reads/INF292/qc/INF292_R1.qc.fastq.gz	02_reads/INF292/qc/INF292_R2.qc.fastq.gz	standard				
INF293	INF293	KEEP	external_qc	PASS	PASS		Klebsiella pneumoniae	ST3040	KL38	True	True	02_reads/INF293/qc/INF293.ont.qc.fastq.gz	ready	02_reads/INF293/qc/INF293_R1.qc.fastq.gz	02_reads/INF293/qc/INF293_R2.qc.fastq.gz	standard				
INF294	INF294	DROP	asm_fixing	REDO_ASSEMBLY_META	DROP_TYPING_DISCORDANT	ONT and Illumina assemblies give different K loci (KL39 vs KL15) on clean calls; reassembly does not touch that, so the libraries are the problem. 06_asm_fixing/01_autocycler/failed/					False									
INF295	INF295	KEEP	external_qc	PASS	PASS		Klebsiella pneumoniae	ST323	KL21	True	True	02_reads/INF295/qc/INF295.ont.qc.fastq.gz	ready	02_reads/INF295/qc/INF295_R1.qc.fastq.gz	02_reads/INF295/qc/INF295_R2.qc.fastq.gz	standard				
INF297	INF297	KEEP	external_qc	PASS	PASS		Klebsiella pneumoniae	ST461	KL62	True	True	02_reads/INF297/qc/INF297.ont.qc.fastq.gz	ready	02_reads/INF297/qc/INF297_R1.qc.fastq.gz	02_reads/INF297/qc/INF297_R2.qc.fastq.gz	standard				
INF301	INF301	KEEP	external_qc	PASS	PASS		Klebsiella pneumoniae	ST27	KL61	True	True	02_reads/INF301/qc/INF301.ont.qc.fastq.gz	ready	02_reads/INF301/qc/INF301_R1.qc.fastq.gz	02_reads/INF301/qc/INF301_R2.qc.fastq.gz	standard				
INF303	INF303	KEEP	external_qc	PASS	PASS		Klebsiella pneumoniae	ST3054	KL46	True	True	02_reads/INF303/qc/INF303.ont.qc.fastq.gz	ready	02_reads/INF303/qc/INF303_R1.qc.fastq.gz	02_reads/INF303/qc/INF303_R2.qc.fastq.gz	standard				
INF306	INF306	KEEP	external_qc	PASS	PASS		Klebsiella pneumoniae	ST3069	KL47	True	True	02_reads/INF306/qc/INF306.ont.qc.fastq.gz	ready	02_reads/INF306/qc/INF306_R1.qc.fastq.gz	02_reads/INF306/qc/INF306_R2.qc.fastq.gz	standard				
INF307	INF307	KEEP	external_qc	PASS	PASS		Klebsiella variicola subsp. variicola	ST1456	KL60	True	True	02_reads/INF307/qc/INF307.ont.qc.fastq.gz	ready	02_reads/INF307/qc/INF307_R1.qc.fastq.gz	02_reads/INF307/qc/INF307_R2.qc.fastq.gz	standard				
INF308	INF308	KEEP	external_qc	PASS	PASS		Klebsiella pneumoniae	ST1997	KL28	True	True	02_reads/INF308/qc/INF308.ont.qc.fastq.gz	ready	02_reads/INF308/qc/INF308_R1.qc.fastq.gz	02_reads/INF308/qc/INF308_R2.qc.fastq.gz	standard				
INF309.1	INF309	DROP	external_qc	PASS	DROP_VARIANT	morphological variant; the other variant of this isolate was kept	Klebsiella quasipneumoniae subsp. similipneumoniae	ST1548	KL170	True	False									
INF309.2	INF309	KEEP	external_qc	PASS	PASS		Klebsiella quasipneumoniae subsp. similipneumoniae	ST1548	KL170	True	True	02_reads/INF309.2/qc/INF309.2.ont.qc.fastq.gz	ready	02_reads/INF309.2/qc/INF309.2_R1.qc.fastq.gz	02_reads/INF309.2/qc/INF309.2_R2.qc.fastq.gz	standard				
INF311	INF311	KEEP	external_qc	PASS	PASS_REFERENCE_MISMATCH	reference K locus call unusable	Klebsiella pneumoniae	ST240	KL144	False	True	02_reads/INF311/qc/INF311.ont.qc.fastq.gz	ready	02_reads/INF311/qc/INF311_R1.qc.fastq.gz	02_reads/INF311/qc/INF311_R2.qc.fastq.gz	standard				
INF312	INF312	KEEP	external_qc	PASS	PASS		Klebsiella variicola subsp. variicola	ST2989	KL55	True	True	02_reads/INF312/qc/INF312.ont.qc.fastq.gz	ready	02_reads/INF312/qc/INF312_R1.qc.fastq.gz	02_reads/INF312/qc/INF312_R2.qc.fastq.gz	standard				
INF314	INF314	KEEP	external_qc	PASS	PASS		Klebsiella pneumoniae	ST29	KL30	True	True	02_reads/INF314/qc/INF314.ont.qc.fastq.gz	ready	02_reads/INF314/qc/INF314_R1.qc.fastq.gz	02_reads/INF314/qc/INF314_R2.qc.fastq.gz	standard				
INF315.1	INF315	KEEP	external_qc	PASS	PASS		Klebsiella pneumoniae	ST3057	KL30	True	True	02_reads/INF315.1/qc/INF315.1.ont.qc.fastq.gz	ready	02_reads/INF315.1/qc/INF315.1_R1.qc.fastq.gz	02_reads/INF315.1/qc/INF315.1_R2.qc.fastq.gz	standard				
INF315.2	INF315	DROP	external_qc	PASS	DROP_VARIANT	morphological variant; the other variant of this isolate was kept	Klebsiella pneumoniae	ST3057	KL30	True	False									
INF317	INF317	KEEP	external_qc	PASS	PASS		Klebsiella pneumoniae	ST792	KL25	True	True	02_reads/INF317/qc/INF317.ont.qc.fastq.gz	ready	02_reads/INF317/qc/INF317_R1.qc.fastq.gz	02_reads/INF317/qc/INF317_R2.qc.fastq.gz	standard				
INF318	INF318	KEEP	external_qc	PASS	PASS		Klebsiella quasipneumoniae subsp. similipneumoniae	ST1548	KL170	True	True	02_reads/INF318/qc/INF318.ont.qc.fastq.gz	ready	02_reads/INF318/qc/INF318_R1.qc.fastq.gz	02_reads/INF318/qc/INF318_R2.qc.fastq.gz	standard				
INF320	INF320	KEEP	external_qc	PASS	PASS		Klebsiella variicola subsp. variicola	ST1142	KL105	True	True	02_reads/INF320/qc/INF320.ont.qc.fastq.gz	ready	02_reads/INF320/qc/INF320_R1.qc.fastq.gz	02_reads/INF320/qc/INF320_R2.qc.fastq.gz	standard				
INF324	INF324	KEEP	external_qc	PASS	PASS		Klebsiella pneumoniae	ST3058	KL51	True	True	02_reads/INF324/qc/INF324.ont.qc.fastq.gz	ready	02_reads/INF324/qc/INF324_R1.qc.fastq.gz	02_reads/INF324/qc/INF324_R2.qc.fastq.gz	standard				
INF325	INF325	KEEP	external_qc	PASS	PASS		Klebsiella pneumoniae	ST3048	KL30	True	True	02_reads/INF325/qc/INF325.ont.qc.fastq.gz	ready	02_reads/INF325/qc/INF325_R1.qc.fastq.gz	02_reads/INF325/qc/INF325_R2.qc.fastq.gz	standard				
INF326	INF326	KEEP	external_qc	PASS	PASS		Klebsiella pneumoniae	ST412	KL57	True	True	02_reads/INF326/qc/INF326.ont.qc.fastq.gz	ready	02_reads/INF326/qc/INF326_R1.qc.fastq.gz	02_reads/INF326/qc/INF326_R2.qc.fastq.gz	standard				
INF328	INF328	KEEP	external_qc	PASS	PASS		Klebsiella pneumoniae	ST37	KL14	True	True	02_reads/INF328/qc/INF328.ont.qc.fastq.gz	ready	02_reads/INF328/qc/INF328_R1.qc.fastq.gz	02_reads/INF328/qc/INF328_R2.qc.fastq.gz	standard				
INF330	INF330	KEEP	external_qc	PASS	PASS		Klebsiella variicola subsp. variicola	ST3089	KL142	True	True	02_reads/INF330/qc/INF330.ont.qc.fastq.gz	ready	02_reads/INF330/qc/INF330_R1.qc.fastq.gz	02_reads/INF330/qc/INF330_R2.qc.fastq.gz	standard				
INF332_v2	INF332	KEEP	external_qc	PASS	PASS_REFERENCE_MISMATCH	reference row describes a different strain	Klebsiella pneumoniae	ST200	KL13	False	True	02_reads/INF332_v2/qc/INF332_v2.ont.qc.fastq.gz	ready	02_reads/INF332_v2/qc/INF332_v2_R1.qc.fastq.gz	02_reads/INF332_v2/qc/INF332_v2_R2.qc.fastq.gz	standard				
INF336_v2	INF336	KEEP	external_qc	PASS	PASS		Klebsiella variicola subsp. variicola	ST3095	KL55	True	True	02_reads/INF336_v2/qc/INF336_v2.ont.qc.fastq.gz	ready	02_reads/INF336_v2/qc/INF336_v2_R1.qc.fastq.gz	02_reads/INF336_v2/qc/INF336_v2_R2.qc.fastq.gz	standard				
INF337	INF337	KEEP	external_qc	PASS	PASS		Klebsiella pneumoniae	ST27	KL109	True	True	02_reads/INF337/qc/INF337.ont.qc.fastq.gz	ready	02_reads/INF337/qc/INF337_R1.qc.fastq.gz	02_reads/INF337/qc/INF337_R2.qc.fastq.gz	standard				
INF338	INF338	KEEP	external_qc	PASS	PASS		Klebsiella pneumoniae	ST34	KL38	True	True	02_reads/INF338/qc/INF338.ont.qc.fastq.gz	ready	02_reads/INF338/qc/INF338_R1.qc.fastq.gz	02_reads/INF338/qc/INF338_R2.qc.fastq.gz	standard				
INF339	INF339	KEEP	external_qc	PASS	PASS		Klebsiella pneumoniae	ST792	KL25	True	True	02_reads/INF339/qc/INF339.ont.qc.fastq.gz	ready	02_reads/INF339/qc/INF339_R1.qc.fastq.gz	02_reads/INF339/qc/INF339_R2.qc.fastq.gz	standard				
INF340	INF340	KEEP	external_qc	PASS_BORDERLINE_MAPPING	PASS		Klebsiella pneumoniae	ST45	KL24	True	True	02_reads/INF340/qc/INF340.ont.qc.fastq.gz	ready	02_reads/INF340/qc/INF340_R1.qc.fastq.gz	02_reads/INF340/qc/INF340_R2.qc.fastq.gz	standard				
INF342	INF342	KEEP	external_qc	PASS	PASS		Klebsiella pneumoniae	ST3099	KL155	True	True	02_reads/INF342/qc/INF342.ont.qc.fastq.gz	ready	02_reads/INF342/qc/INF342_R1.qc.fastq.gz	02_reads/INF342/qc/INF342_R2.qc.fastq.gz	standard				
INF347	INF347	KEEP	external_qc	PASS	PASS		Klebsiella pneumoniae	ST111	KL63	True	True	02_reads/INF347/qc/INF347.ont.qc.fastq.gz	ready	02_reads/INF347/qc/INF347_R1.qc.fastq.gz	02_reads/INF347/qc/INF347_R2.qc.fastq.gz	standard				
INF349	INF349	KEEP	external_qc	PASS	PASS		Klebsiella variicola subsp. variicola	ST3085	KL55	True	True	02_reads/INF349/qc/INF349.ont.qc.fastq.gz	ready	02_reads/INF349/qc/INF349_R1.qc.fastq.gz	02_reads/INF349/qc/INF349_R2.qc.fastq.gz	standard				
INF351	INF351	KEEP	external_qc	PASS	PASS		Klebsiella pneumoniae	ST3051	KL20	True	True	02_reads/INF351/qc/INF351.ont.qc.fastq.gz	ready	02_reads/INF351/qc/INF351_R1.qc.fastq.gz	02_reads/INF351/qc/INF351_R2.qc.fastq.gz	standard				
INF353	INF353	KEEP	external_qc	PASS	PASS		Klebsiella pneumoniae	ST1109	KL54	True	True	02_reads/INF353/qc/INF353.ont.qc.fastq.gz	ready	02_reads/INF353/qc/INF353_R1.qc.fastq.gz	02_reads/INF353/qc/INF353_R2.qc.fastq.gz	standard				
INF356	INF356	KEEP	external_qc	PASS	PASS		Klebsiella pneumoniae	ST661	KL28	True	True	02_reads/INF356/qc/INF356.ont.qc.fastq.gz	ready	02_reads/INF356/qc/INF356_R1.qc.fastq.gz	02_reads/INF356/qc/INF356_R2.qc.fastq.gz	standard				
INF360	INF360	KEEP	external_qc	PASS	PASS		Klebsiella pneumoniae	ST323-1LV	KL21	True	True	02_reads/INF360/qc/INF360.ont.qc.fastq.gz	ready	02_reads/INF360/qc/INF360_R1.qc.fastq.gz	02_reads/INF360/qc/INF360_R2.qc.fastq.gz	standard				
KSB1_1A	KSB1_1A	KEEP	external_qc	PASS	PASS		Klebsiella pneumoniae	ST35	KL22	True	True	02_reads/KSB1_1A/qc/KSB1_1A.ont.qc.fastq.gz	ready	02_reads/KSB1_1A/qc/KSB1_1A_R1.qc.fastq.gz	02_reads/KSB1_1A/qc/KSB1_1A_R2.qc.fastq.gz	standard				
KSB1_1C	KSB1_1C	KEEP	external_qc	PASS	PASS		Klebsiella pneumoniae	ST537	KL136	True	True	02_reads/KSB1_1C/qc/KSB1_1C.ont.qc.fastq.gz	ready	02_reads/KSB1_1C/qc/KSB1_1C_R1.qc.fastq.gz	02_reads/KSB1_1C/qc/KSB1_1C_R2.qc.fastq.gz	standard				
KSB1_1D	KSB1_1D	KEEP	external_qc	PASS	PASS		Klebsiella pneumoniae	ST45-1LV	KL43	True	True	02_reads/KSB1_1D/qc/KSB1_1D.ont.qc.fastq.gz	ready	02_reads/KSB1_1D/qc/KSB1_1D_R1.qc.fastq.gz	02_reads/KSB1_1D/qc/KSB1_1D_R2.qc.fastq.gz	standard				
KSB1_1E_v2	KSB1_1E	KEEP	external_qc	PASS	PASS		Klebsiella pneumoniae	ST461	KL51	True	True	02_reads/KSB1_1E_v2/qc/KSB1_1E_v2.ont.qc.fastq.gz	ready	02_reads/KSB1_1E_v2/qc/KSB1_1E_v2_R1.qc.fastq.gz	02_reads/KSB1_1E_v2/qc/KSB1_1E_v2_R2.qc.fastq.gz	standard				
KSB1_1F	KSB1_1F	KEEP	external_qc	PASS	PASS		Klebsiella pneumoniae	ST857	KL13	True	True	02_reads/KSB1_1F/qc/KSB1_1F.ont.qc.fastq.gz	ready	02_reads/KSB1_1F/qc/KSB1_1F_R1.qc.fastq.gz	02_reads/KSB1_1F/qc/KSB1_1F_R2.qc.fastq.gz	standard				
KSB1_1G	KSB1_1G	KEEP	external_qc	PASS	PASS		Klebsiella pneumoniae	ST37	KL15	True	True	02_reads/KSB1_1G/qc/KSB1_1G.ont.qc.fastq.gz	ready	02_reads/KSB1_1G/qc/KSB1_1G_R1.qc.fastq.gz	02_reads/KSB1_1G/qc/KSB1_1G_R2.qc.fastq.gz	standard				
KSB1_2A	KSB1_2A	KEEP	external_qc	PASS	PASS		Klebsiella variicola subsp. variicola	ST596	KL35	True	True	02_reads/KSB1_2A/qc/KSB1_2A.ont.qc.fastq.gz	ready	02_reads/KSB1_2A/qc/KSB1_2A_R1.qc.fastq.gz	02_reads/KSB1_2A/qc/KSB1_2A_R2.qc.fastq.gz	standard				
KSB1_2C	KSB1_2C	KEEP	external_qc	PASS	PASS		Klebsiella variicola subsp. variicola	ST3924	KL25	True	True	02_reads/KSB1_2C/qc/KSB1_2C.ont.qc.fastq.gz	ready	02_reads/KSB1_2C/qc/KSB1_2C_R1.qc.fastq.gz	02_reads/KSB1_2C/qc/KSB1_2C_R2.qc.fastq.gz	standard				
KSB1_2D	KSB1_2D	KEEP	external_qc	PASS	PASS		Klebsiella pneumoniae	ST128	KL6	True	True	02_reads/KSB1_2D/qc/KSB1_2D.ont.qc.fastq.gz	ready	02_reads/KSB1_2D/qc/KSB1_2D_R1.qc.fastq.gz	02_reads/KSB1_2D/qc/KSB1_2D_R2.qc.fastq.gz	standard				
KSB1_2E	KSB1_2E	KEEP	external_qc	PASS	PASS		Klebsiella pneumoniae	ST6935	KL56	True	True	02_reads/KSB1_2E/qc/KSB1_2E.ont.qc.fastq.gz	ready	02_reads/KSB1_2E/qc/KSB1_2E_R1.qc.fastq.gz	02_reads/KSB1_2E/qc/KSB1_2E_R2.qc.fastq.gz	standard				
KSB1_2F	KSB1_2F	KEEP	external_qc	PASS_PROVISIONAL_CHECK_EXTERNAL	PASS		Klebsiella variicola subsp. variicola	ST2594	KL134	True	True	02_reads/KSB1_2F/qc/KSB1_2F.ont.qc.fastq.gz	ready	02_reads/KSB1_2F/qc/KSB1_2F_R1.qc.fastq.gz	02_reads/KSB1_2F/qc/KSB1_2F_R2.qc.fastq.gz	standard				
KSB1_2G	KSB1_2G	KEEP	external_qc	PASS	PASS		Klebsiella variicola subsp. variicola	ST205	KL55	True	True	02_reads/KSB1_2G/qc/KSB1_2G.ont.qc.fastq.gz	ready	02_reads/KSB1_2G/qc/KSB1_2G_R1.qc.fastq.gz	02_reads/KSB1_2G/qc/KSB1_2G_R2.qc.fastq.gz	standard				
KSB1_2I	KSB1_2I	KEEP	external_qc	REDO_DECONTAM_ECOLI	PASS		Klebsiella variicola subsp. variicola	ST2993	KL151	True	True	06_asm_fixing/02_decontam/reads/KSB1_2I.ont.decontam.fastq.gz	to_produce	02_reads/KSB1_2I/qc/KSB1_2I_R1.qc.fastq.gz	02_reads/KSB1_2I/qc/KSB1_2I_R2.qc.fastq.gz	kraken2_decontam	drop	561	Escherichia	
KSB1_2J	KSB1_2J	KEEP	external_qc	PASS	PASS		Klebsiella variicola subsp. variicola	ST355	KL63	True	True	02_reads/KSB1_2J/qc/KSB1_2J.ont.qc.fastq.gz	ready	02_reads/KSB1_2J/qc/KSB1_2J_R1.qc.fastq.gz	02_reads/KSB1_2J/qc/KSB1_2J_R2.qc.fastq.gz	standard				
KSB1_3B	KSB1_3B	KEEP	external_qc	PASS	PASS		Klebsiella variicola subsp. variicola	ST360	KL53	True	True	02_reads/KSB1_3B/qc/KSB1_3B.ont.qc.fastq.gz	ready	02_reads/KSB1_3B/qc/KSB1_3B_R1.qc.fastq.gz	02_reads/KSB1_3B/qc/KSB1_3B_R2.qc.fastq.gz	standard				
KSB1_3C	KSB1_3C	KEEP	external_qc	PASS	PASS		Klebsiella variicola subsp. variicola	ST3198	KL103	True	True	02_reads/KSB1_3C/qc/KSB1_3C.ont.qc.fastq.gz	ready	02_reads/KSB1_3C/qc/KSB1_3C_R1.qc.fastq.gz	02_reads/KSB1_3C/qc/KSB1_3C_R2.qc.fastq.gz	standard				
KSB1_3D	KSB1_3D	KEEP	external_qc	PASS	PASS		Klebsiella pneumoniae	ST2136	KL102	True	True	02_reads/KSB1_3D/qc/KSB1_3D.ont.qc.fastq.gz	ready	02_reads/KSB1_3D/qc/KSB1_3D_R1.qc.fastq.gz	02_reads/KSB1_3D/qc/KSB1_3D_R2.qc.fastq.gz	standard				
KSB1_3E	KSB1_3E	KEEP	external_qc	PASS	PASS_REFERENCE_MISMATCH	K locus ambiguous on fragmented reference assembly	Klebsiella pneumoniae	ST6936	KL22	False	True	02_reads/KSB1_3E/qc/KSB1_3E.ont.qc.fastq.gz	ready	02_reads/KSB1_3E/qc/KSB1_3E_R1.qc.fastq.gz	02_reads/KSB1_3E/qc/KSB1_3E_R2.qc.fastq.gz	standard				
KSB1_3F	KSB1_3F	KEEP	external_qc	PASS	PASS		Klebsiella variicola subsp. variicola	ST2089	KL19	True	True	02_reads/KSB1_3F/qc/KSB1_3F.ont.qc.fastq.gz	ready	02_reads/KSB1_3F/qc/KSB1_3F_R1.qc.fastq.gz	02_reads/KSB1_3F/qc/KSB1_3F_R2.qc.fastq.gz	standard				
KSB1_3G	KSB1_3G	KEEP	external_qc	PASS	PASS		Klebsiella pneumoniae	ST39	KL62	True	True	02_reads/KSB1_3G/qc/KSB1_3G.ont.qc.fastq.gz	ready	02_reads/KSB1_3G/qc/KSB1_3G_R1.qc.fastq.gz	02_reads/KSB1_3G/qc/KSB1_3G_R2.qc.fastq.gz	standard				
KSB1_3I	KSB1_3I	KEEP	external_qc	PASS_PROVISIONAL_CHECK_EXTERNAL	PASS		Klebsiella quasipneumoniae subsp. similipneumoniae	ST1548	KL170	True	True	02_reads/KSB1_3I/qc/KSB1_3I.ont.qc.fastq.gz	ready	02_reads/KSB1_3I/qc/KSB1_3I_R1.qc.fastq.gz	02_reads/KSB1_3I/qc/KSB1_3I_R2.qc.fastq.gz	standard				
KSB1_3J	KSB1_3J	KEEP	external_qc	PASS	PASS		Klebsiella pneumoniae	ST152	KL149	True	True	02_reads/KSB1_3J/qc/KSB1_3J.ont.qc.fastq.gz	ready	02_reads/KSB1_3J/qc/KSB1_3J_R1.qc.fastq.gz	02_reads/KSB1_3J/qc/KSB1_3J_R2.qc.fastq.gz	standard				
KSB1_4A	KSB1_4A	KEEP	external_qc	PASS	PASS		Klebsiella pneumoniae	ST5142	KL27	True	True	02_reads/KSB1_4A/qc/KSB1_4A.ont.qc.fastq.gz	ready	02_reads/KSB1_4A/qc/KSB1_4A_R1.qc.fastq.gz	02_reads/KSB1_4A/qc/KSB1_4A_R2.qc.fastq.gz	standard				
KSB1_4B	KSB1_4B	KEEP	external_qc	PASS	PASS		Klebsiella pneumoniae	ST2116	KL28	True	True	02_reads/KSB1_4B/qc/KSB1_4B.ont.qc.fastq.gz	ready	02_reads/KSB1_4B/qc/KSB1_4B_R1.qc.fastq.gz	02_reads/KSB1_4B/qc/KSB1_4B_R2.qc.fastq.gz	standard				
KSB1_4C	KSB1_4C	KEEP	external_qc	PASS	PASS		Klebsiella pneumoniae	ST1322	KL139	True	True	02_reads/KSB1_4C/qc/KSB1_4C.ont.qc.fastq.gz	ready	02_reads/KSB1_4C/qc/KSB1_4C_R1.qc.fastq.gz	02_reads/KSB1_4C/qc/KSB1_4C_R2.qc.fastq.gz	standard				
KSB1_4D	KSB1_4D	KEEP	external_qc	PASS	PASS		Klebsiella pneumoniae	ST6934	KL46	True	True	02_reads/KSB1_4D/qc/KSB1_4D.ont.qc.fastq.gz	ready	02_reads/KSB1_4D/qc/KSB1_4D_R1.qc.fastq.gz	02_reads/KSB1_4D/qc/KSB1_4D_R2.qc.fastq.gz	standard				
KSB1_4G	KSB1_4G	KEEP	external_qc	PASS	PASS		Klebsiella quasipneumoniae subsp. quasipneumoniae	ST6938	KL6	True	True	02_reads/KSB1_4G/qc/KSB1_4G.ont.qc.fastq.gz	ready	02_reads/KSB1_4G/qc/KSB1_4G_R1.qc.fastq.gz	02_reads/KSB1_4G/qc/KSB1_4G_R2.qc.fastq.gz	standard				
KSB1_4H	KSB1_4H	KEEP	external_qc	PASS	PASS		Klebsiella variicola subsp. variicola	ST4595	KL6	True	True	02_reads/KSB1_4H/qc/KSB1_4H.ont.qc.fastq.gz	ready	02_reads/KSB1_4H/qc/KSB1_4H_R1.qc.fastq.gz	02_reads/KSB1_4H/qc/KSB1_4H_R2.qc.fastq.gz	standard				
KSB1_4J	KSB1_4J	KEEP	external_qc	PASS	PASS		Klebsiella variicola subsp. variicola	ST208	KL9	True	True	02_reads/KSB1_4J/qc/KSB1_4J.ont.qc.fastq.gz	ready	02_reads/KSB1_4J/qc/KSB1_4J_R1.qc.fastq.gz	02_reads/KSB1_4J/qc/KSB1_4J_R2.qc.fastq.gz	standard				
KSB1_5A	KSB1_5A	KEEP	external_qc	PASS	PASS		Klebsiella pneumoniae	ST2990	KL8	True	True	02_reads/KSB1_5A/qc/KSB1_5A.ont.qc.fastq.gz	ready	02_reads/KSB1_5A/qc/KSB1_5A_R1.qc.fastq.gz	02_reads/KSB1_5A/qc/KSB1_5A_R2.qc.fastq.gz	standard				
KSB1_5C	KSB1_5C	KEEP	external_qc	PASS_BORDERLINE_MAPPING	PASS		Klebsiella pneumoniae	ST3169	KL31	True	True	02_reads/KSB1_5C/qc/KSB1_5C.ont.qc.fastq.gz	ready	02_reads/KSB1_5C/qc/KSB1_5C_R1.qc.fastq.gz	02_reads/KSB1_5C/qc/KSB1_5C_R2.qc.fastq.gz	standard				
KSB1_5E	KSB1_5E	KEEP	external_qc	PASS	PASS		Klebsiella pneumoniae	ST461	KL51	True	True	02_reads/KSB1_5E/qc/KSB1_5E.ont.qc.fastq.gz	ready	02_reads/KSB1_5E/qc/KSB1_5E_R1.qc.fastq.gz	02_reads/KSB1_5E/qc/KSB1_5E_R2.qc.fastq.gz	standard				
KSB1_5F	KSB1_5F	KEEP	external_qc	PASS	PASS		Klebsiella pneumoniae	ST6937	KL36	True	True	02_reads/KSB1_5F/qc/KSB1_5F.ont.qc.fastq.gz	ready	02_reads/KSB1_5F/qc/KSB1_5F_R1.qc.fastq.gz	02_reads/KSB1_5F/qc/KSB1_5F_R2.qc.fastq.gz	standard				
KSB1_6B	KSB1_6B	KEEP	external_qc	PASS	PASS		Klebsiella variicola subsp. variicola	ST1599	KL60	True	True	02_reads/KSB1_6B/qc/KSB1_6B.ont.qc.fastq.gz	ready	02_reads/KSB1_6B/qc/KSB1_6B_R1.qc.fastq.gz	02_reads/KSB1_6B/qc/KSB1_6B_R2.qc.fastq.gz	standard				
KSB1_6C	KSB1_6C	KEEP	external_qc	PASS	PASS		Klebsiella pneumoniae	ST20	KL28	True	True	02_reads/KSB1_6C/qc/KSB1_6C.ont.qc.fastq.gz	ready	02_reads/KSB1_6C/qc/KSB1_6C_R1.qc.fastq.gz	02_reads/KSB1_6C/qc/KSB1_6C_R2.qc.fastq.gz	standard				
KSB1_6D_v2	KSB1_6D	KEEP	external_qc	PASS_PROVISIONAL_CHECK_EXTERNAL	PASS		Klebsiella quasipneumoniae subsp. similipneumoniae	ST414	KL123	True	True	02_reads/KSB1_6D_v2/qc/KSB1_6D_v2.ont.qc.fastq.gz	ready	02_reads/KSB1_6D_v2/qc/KSB1_6D_v2_R1.qc.fastq.gz	02_reads/KSB1_6D_v2/qc/KSB1_6D_v2_R2.qc.fastq.gz	standard				
KSB1_6E	KSB1_6E	KEEP	external_qc	PASS	PASS		Klebsiella pneumoniae	ST4553	KL14	True	True	02_reads/KSB1_6E/qc/KSB1_6E.ont.qc.fastq.gz	ready	02_reads/KSB1_6E/qc/KSB1_6E_R1.qc.fastq.gz	02_reads/KSB1_6E/qc/KSB1_6E_R2.qc.fastq.gz	standard				
KSB1_6I.1	KSB1_6I	KEEP	external_qc	PASS	PASS		Klebsiella pneumoniae	ST252	KL81	True	True	02_reads/KSB1_6I.1/qc/KSB1_6I.1.ont.qc.fastq.gz	ready	02_reads/KSB1_6I.1/qc/KSB1_6I.1_R1.qc.fastq.gz	02_reads/KSB1_6I.1/qc/KSB1_6I.1_R2.qc.fastq.gz	standard				
KSB1_6I.2	KSB1_6I	DROP	external_qc	PASS	DROP_VARIANT	morphological variant; the other variant of this isolate was kept	Klebsiella pneumoniae	ST252	KL81	True	False									
KSB1_7B.1	KSB1_7B	KEEP	external_qc	PASS	PASS		Klebsiella pneumoniae	ST5168	KL21	True	True	02_reads/KSB1_7B.1/qc/KSB1_7B.1.ont.qc.fastq.gz	ready	02_reads/KSB1_7B.1/qc/KSB1_7B.1_R1.qc.fastq.gz	02_reads/KSB1_7B.1/qc/KSB1_7B.1_R2.qc.fastq.gz	standard				
KSB1_7B.2	KSB1_7B	DROP	internal_qc	FAIL_VARIANT	FAIL_VARIANT	morphological variant; the other variant of this isolate was kept					False									
KSB1_7C	KSB1_7C	KEEP	external_qc	PASS	PASS		Klebsiella pneumoniae	ST15	KL24	True	True	02_reads/KSB1_7C/qc/KSB1_7C.ont.qc.fastq.gz	ready	02_reads/KSB1_7C/qc/KSB1_7C_R1.qc.fastq.gz	02_reads/KSB1_7C/qc/KSB1_7C_R2.qc.fastq.gz	standard				
KSB1_7D	KSB1_7D	KEEP	external_qc	PASS	PASS		Klebsiella pneumoniae	ST461	KL117	True	True	02_reads/KSB1_7D/qc/KSB1_7D.ont.qc.fastq.gz	ready	02_reads/KSB1_7D/qc/KSB1_7D_R1.qc.fastq.gz	02_reads/KSB1_7D/qc/KSB1_7D_R2.qc.fastq.gz	standard				
KSB1_7H	KSB1_7H	KEEP	external_qc	PASS	PASS		Klebsiella pneumoniae	ST111	KL63	True	True	02_reads/KSB1_7H/qc/KSB1_7H.ont.qc.fastq.gz	ready	02_reads/KSB1_7H/qc/KSB1_7H_R1.qc.fastq.gz	02_reads/KSB1_7H/qc/KSB1_7H_R2.qc.fastq.gz	standard				
KSB1_8A	KSB1_8A	KEEP	external_qc	PASS	PASS		Klebsiella pneumoniae	ST2991	KL119	True	True	02_reads/KSB1_8A/qc/KSB1_8A.ont.qc.fastq.gz	ready	02_reads/KSB1_8A/qc/KSB1_8A_R1.qc.fastq.gz	02_reads/KSB1_8A/qc/KSB1_8A_R2.qc.fastq.gz	standard				
KSB1_8B	KSB1_8B	KEEP	external_qc	PASS	PASS		Klebsiella variicola subsp. variicola	ST2388	KL135	True	True	02_reads/KSB1_8B/qc/KSB1_8B.ont.qc.fastq.gz	ready	02_reads/KSB1_8B/qc/KSB1_8B_R1.qc.fastq.gz	02_reads/KSB1_8B/qc/KSB1_8B_R2.qc.fastq.gz	standard				
KSB1_8E.1	KSB1_8E	KEEP	external_qc	PASS	PASS		Klebsiella variicola subsp. variicola	ST2994	KL35	True	True	02_reads/KSB1_8E.1/qc/KSB1_8E.1.ont.qc.fastq.gz	ready	02_reads/KSB1_8E.1/qc/KSB1_8E.1_R1.qc.fastq.gz	02_reads/KSB1_8E.1/qc/KSB1_8E.1_R2.qc.fastq.gz	standard				
KSB1_8E.2	KSB1_8E	DROP	internal_qc	FAIL_VARIANT	FAIL_VARIANT	morphological variant; the other variant of this isolate was kept					False									
KSB1_8F	KSB1_8F	KEEP	external_qc	PASS	PASS		Klebsiella variicola subsp. variicola	ST2992	KL101	True	True	02_reads/KSB1_8F/qc/KSB1_8F.ont.qc.fastq.gz	ready	02_reads/KSB1_8F/qc/KSB1_8F_R1.qc.fastq.gz	02_reads/KSB1_8F/qc/KSB1_8F_R2.qc.fastq.gz	standard				
KSB1_8I	KSB1_8I	KEEP	external_qc	PASS	PASS		Klebsiella pneumoniae	ST127	KL30	True	True	02_reads/KSB1_8I/qc/KSB1_8I.ont.qc.fastq.gz	ready	02_reads/KSB1_8I/qc/KSB1_8I_R1.qc.fastq.gz	02_reads/KSB1_8I/qc/KSB1_8I_R2.qc.fastq.gz	standard				
KSB1_9B	KSB1_9B	KEEP	external_qc	PASS	PASS		Klebsiella variicola subsp. variicola	ST2996	KL20	True	True	02_reads/KSB1_9B/qc/KSB1_9B.ont.qc.fastq.gz	ready	02_reads/KSB1_9B/qc/KSB1_9B_R1.qc.fastq.gz	02_reads/KSB1_9B/qc/KSB1_9B_R2.qc.fastq.gz	standard				
KSB1_9E	KSB1_9E	KEEP	external_qc	PASS	PASS		Klebsiella pneumoniae	ST359	KL10	True	True	02_reads/KSB1_9E/qc/KSB1_9E.ont.qc.fastq.gz	ready	02_reads/KSB1_9E/qc/KSB1_9E_R1.qc.fastq.gz	02_reads/KSB1_9E/qc/KSB1_9E_R2.qc.fastq.gz	standard				
KSB1_10A_v2	KSB1_10A	KEEP	external_qc	PASS	PASS_REFERENCE_MISMATCH	reference row describes a different strain	Klebsiella quasipneumoniae subsp. quasipneumoniae	ST5062	KL6	False	True	02_reads/KSB1_10A_v2/qc/KSB1_10A_v2.ont.qc.fastq.gz	ready	02_reads/KSB1_10A_v2/qc/KSB1_10A_v2_R1.qc.fastq.gz	02_reads/KSB1_10A_v2/qc/KSB1_10A_v2_R2.qc.fastq.gz	standard				
KSB1_10C	KSB1_10C	KEEP	external_qc	PASS	PASS		Klebsiella pneumoniae	ST1966	KL58	True	True	02_reads/KSB1_10C/qc/KSB1_10C.ont.qc.fastq.gz	ready	02_reads/KSB1_10C/qc/KSB1_10C_R1.qc.fastq.gz	02_reads/KSB1_10C/qc/KSB1_10C_R2.qc.fastq.gz	standard				
KSB1_10D	KSB1_10D	KEEP	external_qc	PASS	PASS		Klebsiella pneumoniae	ST1728	KL116	True	True	02_reads/KSB1_10D/qc/KSB1_10D.ont.qc.fastq.gz	ready	02_reads/KSB1_10D/qc/KSB1_10D_R1.qc.fastq.gz	02_reads/KSB1_10D/qc/KSB1_10D_R2.qc.fastq.gz	standard				
KSB1_10F	KSB1_10F	KEEP	external_qc	PASS	PASS		Klebsiella variicola subsp. variicola	ST1986	KL137	True	True	02_reads/KSB1_10F/qc/KSB1_10F.ont.qc.fastq.gz	ready	02_reads/KSB1_10F/qc/KSB1_10F_R1.qc.fastq.gz	02_reads/KSB1_10F/qc/KSB1_10F_R2.qc.fastq.gz	standard				
KSB1_10G	KSB1_10G	KEEP	external_qc	PASS	PASS		Klebsiella pneumoniae	ST1800	KL30	True	True	02_reads/KSB1_10G/qc/KSB1_10G.ont.qc.fastq.gz	ready	02_reads/KSB1_10G/qc/KSB1_10G_R1.qc.fastq.gz	02_reads/KSB1_10G/qc/KSB1_10G_R2.qc.fastq.gz	standard				
KSB1_10H	KSB1_10H	KEEP	external_qc	PASS	PASS		Klebsiella pneumoniae	ST345	KL15	True	True	02_reads/KSB1_10H/qc/KSB1_10H.ont.qc.fastq.gz	ready	02_reads/KSB1_10H/qc/KSB1_10H_R1.qc.fastq.gz	02_reads/KSB1_10H/qc/KSB1_10H_R2.qc.fastq.gz	standard				
KSB2_1D	KSB2_1D	KEEP	external_qc	PASS	PASS		Klebsiella variicola subsp. variicola	ST2995	KL134	True	True	02_reads/KSB2_1D/qc/KSB2_1D.ont.qc.fastq.gz	ready	02_reads/KSB2_1D/qc/KSB2_1D_R1.qc.fastq.gz	02_reads/KSB2_1D/qc/KSB2_1D_R2.qc.fastq.gz	standard				
KSB2_3B	KSB2_3B	KEEP	external_qc	PASS	PASS		Klebsiella pneumoniae	ST215	KL16	True	True	02_reads/KSB2_3B/qc/KSB2_3B.ont.qc.fastq.gz	ready	02_reads/KSB2_3B/qc/KSB2_3B_R1.qc.fastq.gz	02_reads/KSB2_3B/qc/KSB2_3B_R2.qc.fastq.gz	standard				
KSB2_3C	KSB2_3C	KEEP	external_qc	PASS	PASS		Klebsiella pneumoniae	ST310	KL1	True	True	02_reads/KSB2_3C/qc/KSB2_3C.ont.qc.fastq.gz	ready	02_reads/KSB2_3C/qc/KSB2_3C_R1.qc.fastq.gz	02_reads/KSB2_3C/qc/KSB2_3C_R2.qc.fastq.gz	standard				
KSB2_4A	KSB2_4A	KEEP	external_qc	REDO_DECONTAM_ECOLI	PASS		Klebsiella quasipneumoniae subsp. similipneumoniae	ST1191	KL13	True	True	06_asm_fixing/02_decontam/reads/KSB2_4A.ont.decontam.fastq.gz	to_produce	02_reads/KSB2_4A/qc/KSB2_4A_R1.qc.fastq.gz	02_reads/KSB2_4A/qc/KSB2_4A_R2.qc.fastq.gz	kraken2_decontam	drop	561	Escherichia	
KSB2_4B	KSB2_4B	KEEP	external_qc	PASS	PASS		Klebsiella pneumoniae	ST1731	KL43	True	True	02_reads/KSB2_4B/qc/KSB2_4B.ont.qc.fastq.gz	ready	02_reads/KSB2_4B/qc/KSB2_4B_R1.qc.fastq.gz	02_reads/KSB2_4B/qc/KSB2_4B_R2.qc.fastq.gz	standard				
KSB2_4D	KSB2_4D	KEEP	external_qc	PASS	PASS		Klebsiella pneumoniae	ST35	KL22	True	True	02_reads/KSB2_4D/qc/KSB2_4D.ont.qc.fastq.gz	ready	02_reads/KSB2_4D/qc/KSB2_4D_R1.qc.fastq.gz	02_reads/KSB2_4D/qc/KSB2_4D_R2.qc.fastq.gz	standard				
KSB2_5D_v2	KSB2_5D	DROP	external_qc	REDO_DECONTAM_KLEBSIELLA	DROP_INTERNAL_MISMATCH	ONT and Illumina libraries are different strains	Klebsiella variicola subsp. variicola	ST6940	KL53	True	False									
KSB2_6A	KSB2_6A	KEEP	external_qc	PASS	PASS		Klebsiella variicola subsp. variicola	ST641	KL60	True	True	02_reads/KSB2_6A/qc/KSB2_6A.ont.qc.fastq.gz	ready	02_reads/KSB2_6A/qc/KSB2_6A_R1.qc.fastq.gz	02_reads/KSB2_6A/qc/KSB2_6A_R2.qc.fastq.gz	standard				
KSB2_6B.1	KSB2_6B	KEEP	external_qc	PASS	PASS		Klebsiella pneumoniae	ST215	KL16	True	True	02_reads/KSB2_6B.1/qc/KSB2_6B.1.ont.qc.fastq.gz	ready	02_reads/KSB2_6B.1/qc/KSB2_6B.1_R1.qc.fastq.gz	02_reads/KSB2_6B.1/qc/KSB2_6B.1_R2.qc.fastq.gz	standard				
KSB2_6B.2	KSB2_6B	DROP	internal_qc	FAIL_VARIANT	FAIL_VARIANT	morphological variant; the other variant of this isolate was kept					False									
KSB2_6D	KSB2_6D	KEEP	external_qc	PASS	PASS		Klebsiella pneumoniae	ST111	KL63	True	True	02_reads/KSB2_6D/qc/KSB2_6D.ont.qc.fastq.gz	ready	02_reads/KSB2_6D/qc/KSB2_6D_R1.qc.fastq.gz	02_reads/KSB2_6D/qc/KSB2_6D_R2.qc.fastq.gz	standard				
KSB2_7A	KSB2_7A	KEEP	external_qc	PASS	PASS		Klebsiella pneumoniae	ST3692	KL8	True	True	02_reads/KSB2_7A/qc/KSB2_7A.ont.qc.fastq.gz	ready	02_reads/KSB2_7A/qc/KSB2_7A_R1.qc.fastq.gz	02_reads/KSB2_7A/qc/KSB2_7A_R2.qc.fastq.gz	standard				
KSB2_7B	KSB2_7B	KEEP	external_qc	PASS	PASS		Klebsiella pneumoniae	ST215	KL16	True	True	02_reads/KSB2_7B/qc/KSB2_7B.ont.qc.fastq.gz	ready	02_reads/KSB2_7B/qc/KSB2_7B_R1.qc.fastq.gz	02_reads/KSB2_7B/qc/KSB2_7B_R2.qc.fastq.gz	standard				
KSB2_7C	KSB2_7C	KEEP	external_qc	PASS	PASS		Klebsiella variicola subsp. variicola	ST3573	KL121	True	True	02_reads/KSB2_7C/qc/KSB2_7C.ont.qc.fastq.gz	ready	02_reads/KSB2_7C/qc/KSB2_7C_R1.qc.fastq.gz	02_reads/KSB2_7C/qc/KSB2_7C_R2.qc.fastq.gz	standard				
KSB2_8A	KSB2_8A	KEEP	external_qc	PASS	PASS		Klebsiella pneumoniae	ST463	KL117	True	True	02_reads/KSB2_8A/qc/KSB2_8A.ont.qc.fastq.gz	ready	02_reads/KSB2_8A/qc/KSB2_8A_R1.qc.fastq.gz	02_reads/KSB2_8A/qc/KSB2_8A_R2.qc.fastq.gz	standard				
KSB2_8C	KSB2_8C	KEEP	external_qc	PASS	PASS		Klebsiella pneumoniae	ST2267	KL127	True	True	02_reads/KSB2_8C/qc/KSB2_8C.ont.qc.fastq.gz	ready	02_reads/KSB2_8C/qc/KSB2_8C_R1.qc.fastq.gz	02_reads/KSB2_8C/qc/KSB2_8C_R2.qc.fastq.gz	standard				
KSB2_8D	KSB2_8D	KEEP	external_qc	PASS	PASS		Klebsiella pneumoniae	ST643	KL38	True	True	02_reads/KSB2_8D/qc/KSB2_8D.ont.qc.fastq.gz	ready	02_reads/KSB2_8D/qc/KSB2_8D_R1.qc.fastq.gz	02_reads/KSB2_8D/qc/KSB2_8D_R2.qc.fastq.gz	standard				
KSB2_9B	KSB2_9B	KEEP	external_qc	PASS	PASS		Klebsiella pneumoniae	ST25	KL2	True	True	02_reads/KSB2_9B/qc/KSB2_9B.ont.qc.fastq.gz	ready	02_reads/KSB2_9B/qc/KSB2_9B_R1.qc.fastq.gz	02_reads/KSB2_9B/qc/KSB2_9B_R2.qc.fastq.gz	standard				
KSB2_9C	KSB2_9C	KEEP	external_qc	PASS	PASS		Klebsiella pneumoniae	ST788	KL8	True	True	02_reads/KSB2_9C/qc/KSB2_9C.ont.qc.fastq.gz	ready	02_reads/KSB2_9C/qc/KSB2_9C_R1.qc.fastq.gz	02_reads/KSB2_9C/qc/KSB2_9C_R2.qc.fastq.gz	standard				
KSB2_10C.1	KSB2_10C	KEEP	external_qc	PASS	PASS		Klebsiella pneumoniae	ST661	KL24	True	True	02_reads/KSB2_10C.1/qc/KSB2_10C.1.ont.qc.fastq.gz	ready	02_reads/KSB2_10C.1/qc/KSB2_10C.1_R1.qc.fastq.gz	02_reads/KSB2_10C.1/qc/KSB2_10C.1_R2.qc.fastq.gz	standard				
KSB2_10C.2	KSB2_10C	DROP	internal_qc	FAIL_VARIANT	FAIL_VARIANT	morphological variant; the other variant of this isolate was kept					False									
