sample	status	klebsiella_pct	unclassified_pct	dominant_klebsiella_species	dominant_klebsiella_pct	mixed_species_detail	contaminants_detail	flags
INF001.1	PASS	97.29	0.58	Klebsiella variicola	78.36			
INF001.2	PASS	98.39	0.42	Klebsiella pneumoniae	93.65			
INF002	PASS	94.34	1.64	Klebsiella pneumoniae	83.90			
INF003	PASS	97.32	0.50	Klebsiella pneumoniae	93.74			
INF004	PASS	95.54	1.52	Klebsiella pneumoniae	83.67			
INF005	PASS	94.38	1.89	Klebsiella variicola	65.37			
INF006	PASS	96.35	0.61	Klebsiella pneumoniae	90.90			
INF007	PASS	95.51	1.63	Klebsiella pneumoniae	85.56			
INF008	PASS	93.14	2.96	Klebsiella pneumoniae	79.36			
INF011	PASS	95.05	1.43	Klebsiella pneumoniae	85.11			
INF012	PASS	94.71	2.04	Klebsiella pneumoniae	82.79			
INF013	PASS	95.95	1.55	Klebsiella pneumoniae	85.34			
INF014	PASS	94.97	1.95	Klebsiella pneumoniae	74.60			
INF016	PASS	92.53	2.21	Klebsiella pneumoniae	77.99			
INF017	PASS	98.00	0.78	Klebsiella pneumoniae	89.72			
INF019	PASS	94.67	0.76	Klebsiella pneumoniae	86.23			
INF020	PASS	95.49	1.33	Klebsiella pneumoniae	87.02			
INF023	PASS	96.58	1.29	Klebsiella pneumoniae	86.92			
INF024	PASS	94.64	1.62	Klebsiella pneumoniae	84.58			
INF025	PASS	96.90	0.83	Klebsiella pneumoniae	91.20			
INF027	PASS	95.74	1.31	Klebsiella pneumoniae	85.75			
INF028	PASS	96.80	1.04	Klebsiella pneumoniae	89.64			
INF030	PASS	95.97	1.10	Klebsiella pneumoniae	89.25			
INF033	PASS	94.59	1.17	Klebsiella pneumoniae	86.34			
INF034_v2	PASS	95.93	0.65	Klebsiella pneumoniae	65.33			
INF035_v2	PASS	96.97	1.08	Klebsiella quasipneumoniae	55.69			
INF036	PASS	98.60	0.13	Klebsiella variicola	81.32			
INF038	PASS	99.31	0.14	Klebsiella pneumoniae	95.62			
INF039	PASS	97.48	0.71	Klebsiella pneumoniae	92.12			
INF040	PASS	96.42	0.23	Klebsiella pneumoniae	90.22			
INF041	PASS	98.07	0.30	Klebsiella pneumoniae	89.73			
INF045	PASS	91.31	1.81	Klebsiella pneumoniae	64.30			
INF046	PASS	96.88	0.30	Klebsiella pneumoniae	87.21			
INF047	PASS	99.01	0.23	Klebsiella variicola	82.07			
INF048	PASS	97.56	0.62	Klebsiella variicola	84.31			
INF050	PASS	94.81	1.21	Klebsiella pneumoniae	89.40			
INF051	PASS	96.89	1.02	Klebsiella pneumoniae	87.87			
INF052	PASS	98.87	0.17	Klebsiella pneumoniae	93.68			
INF053	PASS	97.98	0.50	Klebsiella pneumoniae	82.27			
INF054	PASS	96.61	0.72	Klebsiella pneumoniae	91.97			
INF055	PASS	93.90	2.34	Klebsiella pneumoniae	83.77			
INF056	PASS	94.95	1.33	Klebsiella pneumoniae	86.90			
INF057	PASS	94.99	0.71	Klebsiella pneumoniae	84.47			
INF060	PASS	97.93	0.66	Klebsiella pneumoniae	82.76			
INF062	PASS	95.18	1.24	Klebsiella pneumoniae	88.62			
INF063	PASS	97.37	0.69	Klebsiella pneumoniae	91.14			
INF066	PASS	98.96	0.22	Klebsiella pneumoniae	93.68			
INF067	PASS	97.89	0.29	Klebsiella pneumoniae	88.04			
INF068	PASS	96.99	0.44	Klebsiella pneumoniae	92.66			
INF070	PASS	95.62	0.95	Klebsiella pneumoniae	89.87			
INF071.1	PASS	98.05	0.45	Klebsiella pneumoniae	90.00			
INF071.2	PASS	97.44	0.58	Klebsiella pneumoniae	90.93			
INF072	PASS	96.23	0.99	Klebsiella pneumoniae	90.85			
INF074	PASS	98.21	0.32	Klebsiella pneumoniae	93.89			
INF077_v2	PASS	97.25	0.77	Klebsiella pneumoniae	74.15			
INF080	PASS	95.49	0.90	Klebsiella pneumoniae	89.57			
INF081	PASS	96.28	1.16	Klebsiella variicola	79.83			
INF082	PASS	95.62	1.14	Klebsiella pneumoniae	89.83			
INF083	PASS	96.03	1.70	Klebsiella pneumoniae	85.92			
INF084_v2	PASS	95.81	1.09	Klebsiella pneumoniae	70.56			
INF087	PASS	95.66	0.87	Klebsiella pneumoniae	89.59			
INF088	PASS	95.50	1.37	Klebsiella pneumoniae	88.75			
INF089	PASS	96.86	0.77	Klebsiella quasipneumoniae	91.82			
INF090	PASS	97.29	0.88	Klebsiella pneumoniae	90.07			
INF091.1	PASS	92.63	1.89	Klebsiella pneumoniae	83.39			
INF091.2	PASS	95.31	1.26	Klebsiella pneumoniae	87.08			
INF092.1	PASS	98.53	0.27	Klebsiella pneumoniae	93.25			
INF092.2	FAIL	1.41	0.80	Klebsiella pneumoniae	0.95		Enterobacter:95.17%	NON_KLEBSIELLA_CONTAMINATION: Enterobacter 95.2% | LOW_KLEBSIELLA: only 1.4% of reads classified as Klebsiella (threshold: 50.0%)
INF093.1	PASS	96.86	0.71	Klebsiella pneumoniae	90.63			
INF093.2	PASS	98.47	0.43	Klebsiella pneumoniae	93.92			
INF096	PASS	97.28	0.66	Klebsiella pneumoniae	87.82			
INF097	PASS	95.95	1.08	Klebsiella pneumoniae	83.48			
INF098	PASS	94.48	1.75	Klebsiella pneumoniae	74.68			
INF099	PASS	96.44	1.54	Klebsiella pneumoniae	88.96			
INF100	PASS	97.72	0.64	Klebsiella pneumoniae	88.56			
INF101	PASS	91.83	1.68	Klebsiella pneumoniae	75.22			
INF103	PASS	97.21	0.83	Klebsiella variicola	72.47			
INF104.1	PASS	97.16	0.60	Klebsiella pneumoniae	88.22			
INF104.2	PASS	94.79	1.55	Klebsiella pneumoniae	87.76			
INF106	PASS	97.46	0.55	Klebsiella pneumoniae	90.05			
INF107	PASS	97.92	0.64	Klebsiella pneumoniae	90.11			
INF108	PASS	97.04	0.95	Klebsiella pneumoniae	87.45			
INF109	PASS	96.50	0.99	Klebsiella pneumoniae	89.90			
INF110	PASS	97.04	0.82	Klebsiella pneumoniae	86.84			
INF112	PASS	96.84	0.98	Klebsiella variicola	76.21			
INF113	PASS	95.07	1.19	Klebsiella pneumoniae	82.02			
INF114	PASS	94.12	1.37	Klebsiella variicola	69.36			
INF117.1	PASS	98.02	0.52	Klebsiella pneumoniae	91.89			
INF117.2	PASS	95.25	1.30	Klebsiella pneumoniae	88.14			
INF118	PASS	93.12	1.31	Klebsiella pneumoniae	74.26			
INF120	PASS	97.41	0.79	Klebsiella pneumoniae	85.04			
INF123	PASS	97.18	0.81	Klebsiella variicola	69.29			
INF126	PASS	96.80	1.13	Klebsiella pneumoniae	82.40			
INF128	PASS	87.58	1.90	Klebsiella pneumoniae	66.42			
INF129	PASS	98.11	0.68	Klebsiella pneumoniae	89.22			
INF130	PASS	96.49	0.77	Klebsiella pneumoniae	86.03			
INF131_v2	PASS	96.02	1.05	Klebsiella pneumoniae	63.50			
INF132	PASS	97.80	0.91	Klebsiella pneumoniae	84.52			
INF136.1	PASS	95.79	1.42	Klebsiella variicola	76.79			
INF136.2	PASS	91.56	3.35	Klebsiella variicola	66.40			
INF137	PASS	97.23	0.98	Klebsiella pneumoniae	86.96			
INF138	PASS	97.06	1.32	Klebsiella pneumoniae	88.61			
INF139	PASS	96.98	0.76	Klebsiella pneumoniae	87.96			
INF143	PASS	96.52	1.36	Klebsiella pneumoniae	86.93			
INF147	PASS	97.03	1.09	Klebsiella pneumoniae	90.47			
INF149	PASS	98.12	0.74	Klebsiella pneumoniae	88.92			
INF150	PASS	95.33	1.69	Klebsiella pneumoniae	76.96			
INF152	PASS	98.88	0.24	Klebsiella variicola	90.51			
INF153	PASS	97.30	0.67	Klebsiella pneumoniae	91.27			
INF155	PASS	92.19	1.95	Klebsiella pneumoniae	74.90			
INF159	PASS	95.64	1.03	Klebsiella pneumoniae	84.74			
INF160	PASS	98.48	0.39	Klebsiella pneumoniae	95.20			
INF162	PASS	98.41	0.31	Klebsiella pneumoniae	95.73			
INF165	PASS	96.34	1.28	Klebsiella pneumoniae	85.88			
INF166	PASS	98.66	0.36	Klebsiella pneumoniae	93.87			
INF167_v2	PASS	92.91	1.13	Klebsiella pneumoniae	62.92			
INF169	PASS	92.11	1.28	Klebsiella variicola	59.52			
INF170	PASS	97.00	0.39	Klebsiella pneumoniae	90.10			
INF172	PASS	97.22	0.61	Klebsiella pneumoniae	91.04			
INF173	PASS	97.17	1.23	Klebsiella pneumoniae	83.46			
INF175	PASS	98.13	0.61	Klebsiella pneumoniae	89.12			
INF176	PASS	96.45	0.75	Klebsiella pneumoniae	87.40			
INF180	PASS	94.94	1.67	Klebsiella pneumoniae	82.93			
INF181	PASS	93.19	2.44	Klebsiella variicola	59.93			
INF183	PASS	98.22	0.42	Klebsiella pneumoniae	91.95			
INF184	FAIL	92.57	0.32	Klebsiella pneumoniae	88.38		Escherichia:5.94%	NON_KLEBSIELLA_CONTAMINATION: Escherichia 5.9%
INF186	FAIL	95.96	0.75	Klebsiella pneumoniae	46.94	Klebsiella pneumoniae:46.94%; Klebsiella quasipneumoniae:41.14%		MIXED_KLEBSIELLA: 2 species each ≥ 20.0% (Klebsiella pneumoniae 46.9%, Klebsiella quasipneumoniae 41.1%)
INF187_v2	PASS	96.11	0.72	Klebsiella pneumoniae	65.53			
INF189	PASS	97.14	1.34	Klebsiella variicola	76.99			
INF191	PASS	93.91	2.22	Klebsiella pneumoniae	82.32			
INF193	PASS	96.82	0.61	Klebsiella variicola	75.63			
INF195	FAIL	97.33	0.53	Klebsiella quasipneumoniae	49.24	Klebsiella quasipneumoniae:49.24%; Klebsiella pneumoniae:30.41%		MIXED_KLEBSIELLA: 2 species each ≥ 20.0% (Klebsiella quasipneumoniae 49.2%, Klebsiella pneumoniae 30.4%)
INF196	PASS	97.14	0.62	Klebsiella pneumoniae	93.50			
INF197	PASS	89.10	2.58	Klebsiella pneumoniae	62.66			
INF198	PASS	97.03	0.98	Klebsiella pneumoniae	86.77			
INF199	PASS	97.96	0.50	Klebsiella pneumoniae	94.09			
INF200	PASS	97.68	0.58	Klebsiella pneumoniae	93.67			
INF202_v2	PASS	97.14	0.85	Klebsiella pneumoniae	78.45			
INF203	PASS	95.87	1.52	Klebsiella variicola	65.52			
INF204	PASS	98.26	0.40	Klebsiella pneumoniae	94.21			
INF205	PASS	97.32	0.82	Klebsiella pneumoniae	92.53			
INF207	PASS	95.82	1.33	Klebsiella quasipneumoniae	75.44			
INF209	PASS	96.25	0.66	Klebsiella variicola	70.39			
INF211	PASS	95.27	1.35	Klebsiella pneumoniae	78.46			
INF212	PASS	94.72	1.24	Klebsiella variicola	69.78			
INF213	PASS	95.50	0.40	Klebsiella pneumoniae	90.71			
INF216	FAIL	98.18	0.43	Klebsiella pneumoniae	58.21	Klebsiella pneumoniae:58.21%; Klebsiella variicola:33.68%		MIXED_KLEBSIELLA: 2 species each ≥ 20.0% (Klebsiella pneumoniae 58.2%, Klebsiella variicola 33.7%)
INF217	PASS	97.47	0.51	Klebsiella variicola	83.35			
INF218	PASS	95.59	1.21	Klebsiella variicola	75.65			
INF219	PASS	97.80	0.83	Klebsiella variicola	80.99			
INF220	PASS	97.95	0.51	Klebsiella pneumoniae	90.74			
INF221	PASS	97.18	0.62	Klebsiella quasipneumoniae	82.67			
INF224	PASS	97.68	0.48	Klebsiella pneumoniae	93.48			
INF225	PASS	97.06	0.61	Klebsiella pneumoniae	92.24			
INF226_v2	PASS	95.99	1.03	Klebsiella pneumoniae	73.21			
INF227_v2	PASS	96.45	0.88	Klebsiella pneumoniae	80.38			
INF229_v2	PASS	94.53	1.14	Klebsiella pneumoniae	68.43			
INF230	PASS	97.68	0.65	Klebsiella quasipneumoniae	85.96			
INF233	PASS	96.43	1.27	Klebsiella pneumoniae	87.64			
INF234	PASS	97.29	0.82	Klebsiella pneumoniae	92.05			
INF238	PASS	94.23	1.98	Klebsiella variicola	74.82			
INF239	PASS	97.50	0.60	Klebsiella pneumoniae	93.21			
INF241	PASS	96.25	0.94	Klebsiella pneumoniae	89.84			
INF243	PASS	96.68	0.89	Klebsiella pneumoniae	91.91			
INF244	PASS	95.76	0.99	Klebsiella variicola	70.32			
INF245	PASS	97.72	0.34	Klebsiella variicola	75.15			
INF246	PASS	91.10	2.07	Klebsiella pneumoniae	81.00			
INF248	PASS	96.78	1.13	Klebsiella pneumoniae	88.50			
INF251_v2	PASS	92.81	2.35	Klebsiella pneumoniae	63.64			
INF252	PASS	93.50	1.70	Klebsiella pneumoniae	86.77			
INF253	PASS	95.91	0.97	Klebsiella pneumoniae	90.52			
INF254.1	PASS	94.43	1.58	Klebsiella pneumoniae	89.37			
INF254.2	PASS	97.77	0.52	Klebsiella pneumoniae	95.14			
INF255.1_v2	PASS	91.06	1.16	Klebsiella pneumoniae	66.03			
INF255.2_v2	PASS	83.20	3.97	Klebsiella pneumoniae	30.61			
INF256	PASS	95.45	1.19	Klebsiella pneumoniae	88.71			
INF257.1_v2	PASS	93.32	2.20	Klebsiella pneumoniae	63.10			
INF257.2_v2	PASS	94.03	2.11	Klebsiella pneumoniae	61.56			
INF258	PASS	96.95	0.83	Klebsiella pneumoniae	90.81			
INF259	PASS	95.13	1.64	Klebsiella variicola	77.07			
INF260	PASS	96.00	0.89	Klebsiella pneumoniae	91.49			
INF261	PASS	94.08	1.22	Klebsiella pneumoniae	87.80			
INF262_v2	FAIL	89.98	1.58	Klebsiella variicola	28.00	Klebsiella variicola:28.00%; Klebsiella michiganensis:23.02%		MIXED_KLEBSIELLA: 2 species each ≥ 20.0% (Klebsiella variicola 28.0%, Klebsiella michiganensis 23.0%)
INF264	PASS	98.18	0.44	Klebsiella pneumoniae	93.11			
INF265	PASS	96.54	1.05	Klebsiella pneumoniae	88.37			
INF267	PASS	98.50	0.36	Klebsiella variicola	78.34			
INF268	PASS	97.60	0.38	Klebsiella pneumoniae	93.45			
INF269	FAIL	90.59	1.09	Klebsiella pneumoniae	85.87		Escherichia:5.40%	NON_KLEBSIELLA_CONTAMINATION: Escherichia 5.4%
INF271	PASS	98.09	0.84	Klebsiella pneumoniae	91.33			
INF273	PASS	98.15	0.47	Klebsiella pneumoniae	91.42			
INF275	PASS	96.88	1.22	Klebsiella pneumoniae	90.45			
INF280	PASS	97.78	0.81	Klebsiella pneumoniae	88.99			
INF282	PASS	95.93	0.55	Klebsiella pneumoniae	91.00			
INF283	PASS	96.39	0.49	Klebsiella pneumoniae	92.11			
INF284	PASS	98.41	0.26	Klebsiella pneumoniae	92.85			
INF286	PASS	97.42	0.32	Klebsiella pneumoniae	93.19			
INF287	PASS	94.01	2.03	Klebsiella variicola	70.33			
INF288	PASS	91.99	2.13	Klebsiella variicola	68.39			
INF289	PASS	95.05	0.79	Klebsiella pneumoniae	88.79			
INF292	PASS	97.30	0.72	Klebsiella pneumoniae	91.78			
INF293	PASS	91.54	2.25	Klebsiella pneumoniae	78.62			
INF294	PASS	98.42	0.33	Klebsiella pneumoniae	94.13			
INF295	PASS	96.35	0.54	Klebsiella pneumoniae	87.71			
INF297	PASS	96.25	1.16	Klebsiella pneumoniae	89.94			
INF301	PASS	95.07	1.01	Klebsiella pneumoniae	87.00			
INF303	PASS	95.80	1.39	Klebsiella pneumoniae	89.10			
INF306	PASS	97.81	0.57	Klebsiella pneumoniae	93.72			
INF307	PASS	97.68	0.50	Klebsiella variicola	84.33			
INF308	PASS	98.59	0.45	Klebsiella pneumoniae	92.89			
INF309.1	PASS	96.98	0.50	Klebsiella quasipneumoniae	87.43			
INF309.2	PASS	96.42	0.40	Klebsiella quasipneumoniae	87.38			
INF311	PASS	94.47	0.70	Klebsiella pneumoniae	83.95			
INF312	PASS	97.16	0.61	Klebsiella variicola	81.93			
INF314	PASS	95.56	0.52	Klebsiella pneumoniae	86.69			
INF315.1	PASS	97.95	0.53	Klebsiella pneumoniae	89.63			
INF315.2	PASS	97.88	0.47	Klebsiella pneumoniae	91.16			
INF317	PASS	96.52	0.69	Klebsiella pneumoniae	88.72			
INF318	PASS	96.25	0.46	Klebsiella quasipneumoniae	83.24			
INF320	PASS	98.05	0.22	Klebsiella variicola	84.23			
INF324	PASS	98.41	0.48	Klebsiella pneumoniae	92.09			
INF325	PASS	98.20	0.54	Klebsiella pneumoniae	93.84			
INF326	PASS	99.07	0.20	Klebsiella pneumoniae	94.45			
INF328	PASS	94.31	0.70	Klebsiella pneumoniae	87.46			
INF330	PASS	98.42	0.25	Klebsiella variicola	80.55			
INF332_v2	PASS	92.33	3.12	Klebsiella pneumoniae	58.82			
INF336_v2	PASS	82.19	2.59	Klebsiella variicola	27.75			
INF337	PASS	96.02	0.33	Klebsiella pneumoniae	85.56			
INF338	PASS	97.35	0.16	Klebsiella pneumoniae	92.32			
INF339	PASS	95.73	0.78	Klebsiella pneumoniae	84.19			
INF340	PASS	98.31	0.31	Klebsiella pneumoniae	91.45			
INF342	PASS	98.75	0.31	Klebsiella pneumoniae	93.84			
INF347	PASS	96.38	0.71	Klebsiella pneumoniae	85.77			
INF349	PASS	98.00	0.39	Klebsiella variicola	81.01			
INF351	PASS	97.91	0.34	Klebsiella pneumoniae	92.96			
INF353	PASS	98.22	0.39	Klebsiella pneumoniae	91.89			
INF356	PASS	97.77	0.50	Klebsiella pneumoniae	89.14			
INF360	PASS	93.08	2.19	Klebsiella pneumoniae	76.89			
KSB1_10A_v2	PASS	93.51	2.48	Klebsiella quasipneumoniae	62.03			
KSB1_10C	PASS	97.62	0.77	Klebsiella pneumoniae	90.77			
KSB1_10D	PASS	96.65	0.67	Klebsiella pneumoniae	89.21			
KSB1_10F	PASS	95.38	1.55	Klebsiella variicola	67.10			
KSB1_10G	PASS	95.95	0.69	Klebsiella pneumoniae	89.17			
KSB1_10H	PASS	97.29	0.50	Klebsiella pneumoniae	90.85			
KSB1_1A	PASS	98.20	0.42	Klebsiella pneumoniae	93.41			
KSB1_1C	PASS	92.88	2.55	Klebsiella pneumoniae	77.31			
KSB1_1D	PASS	94.23	1.80	Klebsiella pneumoniae	81.96			
KSB1_1E_v2	PASS	94.02	0.69	Klebsiella pneumoniae	74.50			
KSB1_1F	PASS	97.59	0.58	Klebsiella pneumoniae	90.97			
KSB1_1G	PASS	97.57	0.77	Klebsiella pneumoniae	90.53			
KSB1_2A	PASS	97.34	0.75	Klebsiella variicola	84.75			
KSB1_2C	PASS	96.93	0.85	Klebsiella variicola	74.39			
KSB1_2D	PASS	97.62	0.77	Klebsiella pneumoniae	91.06			
KSB1_2E	PASS	96.33	1.18	Klebsiella pneumoniae	89.63			
KSB1_2F	FAIL	96.93	0.91	Klebsiella variicola	53.56	Klebsiella variicola:53.56%; Klebsiella pneumoniae:22.12%		MIXED_KLEBSIELLA: 2 species each ≥ 20.0% (Klebsiella variicola 53.6%, Klebsiella pneumoniae 22.1%)
KSB1_2G	PASS	96.92	1.22	Klebsiella variicola	75.06			
KSB1_2I	FAIL	65.94	1.17	Klebsiella variicola	53.65		Escherichia:22.37%	NON_KLEBSIELLA_CONTAMINATION: Escherichia 22.4%
KSB1_2J	PASS	96.36	0.66	Klebsiella variicola	77.69			
KSB1_3B	PASS	96.58	1.07	Klebsiella variicola	67.96			
KSB1_3C	PASS	96.99	1.14	Klebsiella variicola	55.38			
KSB1_3D	PASS	89.27	0.80	Klebsiella pneumoniae	65.47			
KSB1_3E	PASS	86.70	1.61	Klebsiella pneumoniae	68.62			
KSB1_3F	PASS	97.76	0.48	Klebsiella variicola	65.76			
KSB1_3G	PASS	97.17	0.52	Klebsiella pneumoniae	87.62			
KSB1_3I	FAIL	94.15	0.89	Klebsiella quasipneumoniae	53.62	Klebsiella quasipneumoniae:53.62%; Klebsiella pneumoniae:25.80%		MIXED_KLEBSIELLA: 2 species each ≥ 20.0% (Klebsiella quasipneumoniae 53.6%, Klebsiella pneumoniae 25.8%)
KSB1_3J	PASS	97.73	0.27	Klebsiella pneumoniae	91.05			
KSB1_4A	PASS	98.20	0.23	Klebsiella pneumoniae	92.95			
KSB1_4B	PASS	93.38	1.24	Klebsiella pneumoniae	71.71			
KSB1_4C	PASS	96.73	0.35	Klebsiella pneumoniae	89.10			
KSB1_4D	PASS	93.08	0.50	Klebsiella pneumoniae	78.75			
KSB1_4G	PASS	95.60	2.22	Klebsiella quasipneumoniae	87.57			
KSB1_4H	PASS	93.31	0.61	Klebsiella variicola	61.65			
KSB1_4J	PASS	90.07	1.97	Klebsiella variicola	64.48			
KSB1_5A	PASS	95.28	1.22	Klebsiella pneumoniae	86.56			
KSB1_5C	PASS	94.56	1.14	Klebsiella pneumoniae	84.64			
KSB1_5E	PASS	90.80	2.96	Klebsiella pneumoniae	77.53			
KSB1_5F	PASS	95.49	2.04	Klebsiella pneumoniae	80.88			
KSB1_6B	PASS	94.62	1.50	Klebsiella variicola	70.18			
KSB1_6C	PASS	93.05	1.64	Klebsiella pneumoniae	83.64			
KSB1_6D_v2	FAIL	93.89	2.29	Klebsiella quasipneumoniae	27.85	Klebsiella quasipneumoniae:27.85%; Klebsiella pneumoniae:20.77%		MIXED_KLEBSIELLA: 2 species each ≥ 20.0% (Klebsiella quasipneumoniae 27.9%, Klebsiella pneumoniae 20.8%)
KSB1_6E	PASS	94.62	1.64	Klebsiella pneumoniae	83.81			
KSB1_6I.1	PASS	95.40	0.90	Klebsiella pneumoniae	87.51			
KSB1_6I.2	PASS	95.32	0.96	Klebsiella pneumoniae	85.98			
KSB1_7B.1	PASS	96.16	1.13	Klebsiella pneumoniae	89.82			
KSB1_7B.2	FAIL	3.95	1.93	Klebsiella pneumoniae	3.24		Escherichia:76.41%	NON_KLEBSIELLA_CONTAMINATION: Escherichia 76.4% | LOW_KLEBSIELLA: only 4.0% of reads classified as Klebsiella (threshold: 50.0%)
KSB1_7C	PASS	94.63	1.89	Klebsiella pneumoniae	76.99			
KSB1_7D	PASS	92.48	2.20	Klebsiella pneumoniae	80.82			
KSB1_7H	PASS	97.96	0.79	Klebsiella pneumoniae	92.29			
KSB1_8A	PASS	95.73	1.38	Klebsiella pneumoniae	86.71			
KSB1_8B	PASS	92.71	2.14	Klebsiella variicola	60.79			
KSB1_8E.1	PASS	97.74	0.44	Klebsiella variicola	82.40			
KSB1_8E.2	FAIL	7.41	0.63	Klebsiella variicola	5.96		Escherichia:86.89%	NON_KLEBSIELLA_CONTAMINATION: Escherichia 86.9% | LOW_KLEBSIELLA: only 7.4% of reads classified as Klebsiella (threshold: 50.0%)
KSB1_8F	PASS	93.16	3.18	Klebsiella variicola	51.76			
KSB1_8I	PASS	94.36	2.60	Klebsiella pneumoniae	73.48			
KSB1_9B	PASS	94.30	2.45	Klebsiella variicola	67.47			
KSB1_9E	PASS	94.06	1.47	Klebsiella pneumoniae	86.36			
KSB2_10C.1	PASS	95.82	0.87	Klebsiella pneumoniae	76.34			
KSB2_10C.2	FAIL	0.66	1.70	Klebsiella pneumoniae	0.36		Escherichia:85.67%	NON_KLEBSIELLA_CONTAMINATION: Escherichia 85.7% | LOW_KLEBSIELLA: only 0.7% of reads classified as Klebsiella (threshold: 50.0%)
KSB2_1D	PASS	97.51	0.77	Klebsiella variicola	78.86			
KSB2_3B	PASS	95.17	1.73	Klebsiella pneumoniae	83.08			
KSB2_3C	PASS	96.97	0.77	Klebsiella pneumoniae	91.50			
KSB2_4A	FAIL	29.54	2.75	Klebsiella quasipneumoniae	20.89		Escherichia:58.93%	NON_KLEBSIELLA_CONTAMINATION: Escherichia 58.9% | LOW_KLEBSIELLA: only 29.5% of reads classified as Klebsiella (threshold: 50.0%)
KSB2_4B	PASS	96.25	1.37	Klebsiella pneumoniae	85.64			
KSB2_4D	PASS	94.02	2.77	Klebsiella pneumoniae	78.19			
KSB2_5D_v2	PASS	94.29	1.94	Klebsiella pneumoniae	49.44			
KSB2_6A	PASS	94.36	1.62	Klebsiella variicola	65.33			
KSB2_6B.1	PASS	96.43	1.03	Klebsiella pneumoniae	90.17			
KSB2_6B.2	FAIL	6.67	1.70	Klebsiella pneumoniae	5.60		Escherichia:80.97%	NON_KLEBSIELLA_CONTAMINATION: Escherichia 81.0% | LOW_KLEBSIELLA: only 6.7% of reads classified as Klebsiella (threshold: 50.0%)
KSB2_6D	PASS	96.62	1.45	Klebsiella pneumoniae	88.04			
KSB2_7A	PASS	98.61	0.40	Klebsiella pneumoniae	90.85			
KSB2_7B	PASS	97.44	0.66	Klebsiella pneumoniae	89.67			
KSB2_7C	PASS	92.89	2.37	Klebsiella variicola	65.05			
KSB2_8A	PASS	94.40	2.13	Klebsiella pneumoniae	84.78			
KSB2_8C	PASS	95.46	2.18	Klebsiella pneumoniae	81.28			
KSB2_8D	PASS	88.08	2.37	Klebsiella pneumoniae	74.82			
KSB2_9B	PASS	93.79	1.72	Klebsiella pneumoniae	74.39			
KSB2_9C	PASS	95.93	1.15	Klebsiella pneumoniae	88.17			
