sample	total_reads	mapped	mapped_pct	properly_paired	properly_paired_pct	singletons	singletons_pct	secondary	supplementary	duplicates	notes
INF001.1	6508096	6430286	98.80	6417972	98.63	604	0.01	0	676	0	
INF001.2	6512831	5354730	82.22	5167320	79.41	145567	2.24	0	5411	0	
INF002	7122485	7116769	99.92	7104088	99.76	518	0.01	0	969	0	
INF003	4674882	4538831	97.09	4523570	96.77	855	0.02	0	352	0	
INF004	4589184	4562773	99.42	4544168	99.05	269	0.01	0	1402	0	
INF005	4584473	4575971	99.81	4555814	99.41	850	0.02	0	1821	0	
INF006	4963442	4873449	98.19	4859322	97.93	1493	0.03	0	1646	0	
INF007	4578000	4569658	99.82	4561340	99.66	872	0.02	0	1180	0	
INF008	4577301	4545065	99.30	4533342	99.06	3238	0.07	0	969	0	
INF011	5806266	5779260	99.53	5762386	99.26	1300	0.02	0	998	0	
INF012	4758669	4753809	99.90	4740720	99.65	428	0.01	0	1103	0	
INF013	4600361	4598692	99.96	4587746	99.74	111	0.00	0	507	0	
INF014	4755932	4743907	99.75	4728174	99.44	2703	0.06	0	1086	0	
INF016	7839383	7733556	98.65	7708736	98.49	6479	0.08	0	12581	0	
INF017	5096098	5052985	99.15	5041812	98.95	1529	0.03	0	774	0	
INF019	5701168	5594404	98.13	5585292	98.00	142	0.00	0	2122	0	
INF020	4511691	4451050	98.66	4426348	98.12	547	0.01	0	721	0	
INF023	5231129	5222020	99.83	5212756	99.67	763	0.01	0	1301	0	
INF024	5117727	5066861	99.01	5032110	98.36	12462	0.24	0	1795	0	
INF025	5254979	5253348	99.97	5228150	99.50	125	0.00	0	641	0	
INF027	6206597	6199605	99.89	6185720	99.75	722	0.01	0	5279	0	
INF028	4418159	4361855	98.73	4347064	98.41	306	0.01	0	645	0	
INF030	4961061	4958909	99.96	4939994	99.61	144	0.00	0	1491	0	
INF033	5393197	5127282	95.07	5107288	94.72	8551	0.16	0	1261	0	
INF034_v2	12021626	11767400	97.89	11731900	97.60	21716	0.18	0	654	0	
INF035_v2	10871418	10757843	98.96	10724144	98.66	15557	0.14	0	1150	0	
INF036	5480987	5474363	99.88	5463952	99.73	710	0.01	0	2095	0	
INF038	5218867	5215670	99.94	5199758	99.65	191	0.00	0	805	0	
INF039	5789165	5779039	99.83	5769392	99.67	410	0.01	0	821	0	
INF040	5741480	5610057	97.71	5595568	97.48	4599	0.08	0	1076	0	
INF041	5289632	5287904	99.97	5269692	99.64	132	0.00	0	936	0	
INF045	5205818	5200476	99.90	5180244	99.53	598	0.01	0	1218	0	
INF046	5488965	5381579	98.04	5361826	97.71	188	0.00	0	1329	0	
INF047	5546944	5545457	99.97	5534806	99.80	131	0.00	0	1292	0	
INF048	5576455	5574745	99.97	5559066	99.70	166	0.00	0	829	0	
INF050	5566001	5282191	94.90	5263174	94.57	202	0.00	0	821	0	
INF051	5827757	5826008	99.97	5813644	99.77	101	0.00	0	805	0	
INF052	5506918	5504250	99.95	5496986	99.83	162	0.00	0	712	0	
INF053	5182288	5180074	99.96	5166986	99.72	250	0.00	0	1014	0	
INF054	5346182	5344354	99.97	5329498	99.70	112	0.00	0	760	0	
INF055	5701676	5699633	99.96	5692184	99.85	149	0.00	0	786	0	
INF056	5460080	5301728	97.10	5275392	96.64	126	0.00	0	1350	0	
INF057	5973604	5944442	99.51	5930680	99.30	144	0.00	0	1330	0	
INF060	5443813	5434085	99.82	5422220	99.62	110	0.00	0	643	0	
INF062	5574435	5572088	99.96	5557272	99.73	181	0.00	0	2069	0	
INF063	5156792	5112019	99.13	5101886	98.96	143	0.00	0	1056	0	
INF066	7864608	7860016	99.94	7841652	99.74	428	0.01	0	2798	0	
INF067	5773990	5765969	99.86	5753208	99.65	563	0.01	0	814	0	
INF068	5902434	5839354	98.93	5824588	98.71	3954	0.07	0	1434	0	
INF070	6010022	5912862	98.38	5893866	98.08	178	0.00	0	854	0	
INF071.1	5279900	5279225	99.99	5267914	99.78	49	0.00	0	628	0	
INF071.2	5282379	4642578	87.89	4585856	86.87	28165	0.53	0	3107	0	
INF072	5287738	5213969	98.60	5203976	98.43	1803	0.03	0	760	0	
INF074	4694025	4632729	98.69	4616730	98.40	2974	0.06	0	2241	0	
INF077_v2	11149783	11100730	99.56	11067586	99.27	20947	0.19	0	707	0	
INF080	5676568	5647112	99.48	5627832	99.16	70	0.00	0	834	0	
INF081	4565083	4564126	99.98	4553400	99.78	103	0.00	0	1795	0	
INF082	4579090	4436605	96.89	4426700	96.71	1613	0.04	0	1570	0	
INF083	4584288	4539673	99.03	4525644	98.73	187	0.00	0	376	0	
INF084_v2	11791673	11726164	99.44	11690448	99.15	23831	0.20	0	711	0	
INF087	4461095	4424246	99.17	4415332	99.00	53	0.00	0	961	0	
INF088	4624221	4592554	99.32	4575784	98.98	57	0.00	0	1057	0	
INF089	4635050	4634358	99.99	4622320	99.74	96	0.00	0	566	0	
INF090	4670784	4617650	98.86	4606110	98.64	50	0.00	0	942	0	
INF091.1	4330053	4263595	98.47	4251826	98.21	2672	0.06	0	663	0	
INF091.2	4330116	4329489	99.99	4320378	99.79	53	0.00	0	726	0	
INF092.1	4349617	4317326	99.26	4306230	99.02	1491	0.03	0	755	0	
INF092.2	4350138	733142	16.85	493994	11.36	233622	5.37	0	1276	0	
INF093.1	4560559	4357172	95.54	4341898	95.23	1707	0.04	0	1201	0	
INF093.2	4560628	4185280	91.77	4157776	91.19	13404	0.29	0	1270	0	
INF096	4337520	4334919	99.94	4310132	99.42	329	0.01	0	2186	0	
INF097	4614834	4614107	99.98	4601788	99.73	53	0.00	0	664	0	
INF098	4872823	4788514	98.27	4770002	97.90	921	0.02	0	375	0	
INF099	4583972	4572367	99.75	4561246	99.51	631	0.01	0	314	0	
INF100	5529830	5529070	99.99	5512818	99.70	38	0.00	0	660	0	
INF101	4432125	4429772	99.95	4414988	99.66	137	0.00	0	2015	0	
INF103	4611091	4569244	99.09	4542542	98.54	8309	0.18	0	1375	0	
INF104.1	4780547	4736229	99.07	4721772	98.78	2190	0.05	0	661	0	
INF104.2	4780442	4779738	99.99	4768132	99.75	66	0.00	0	556	0	
INF106	5058821	5040535	99.64	5025912	99.36	930	0.02	0	491	0	
INF107	5073848	5070708	99.94	5045410	99.45	144	0.00	0	306	0	
INF108	5752555	5751796	99.99	5733964	99.68	35	0.00	0	421	0	
INF109	5264545	5263969	99.99	5242748	99.59	30	0.00	0	399	0	
INF110	5035512	4985787	99.01	4957038	98.46	63	0.00	0	772	0	
INF112	5038157	5012404	99.49	4992572	99.11	71	0.00	0	525	0	
INF113	4812900	4812206	99.99	4788758	99.52	70	0.00	0	998	0	
INF114	4732407	4731872	99.99	4712534	99.59	65	0.00	0	367	0	
INF117.1	5685834	5541730	97.47	5513556	96.98	4878	0.09	0	354	0	
INF117.2	5688980	5154915	90.61	5087088	89.48	22499	0.40	0	3500	0	
INF118	6067660	5949600	98.05	5901014	97.26	11148	0.18	0	632	0	
INF120	5558916	5558329	99.99	5536574	99.61	51	0.00	0	398	0	
INF123	5335706	5334941	99.99	5320616	99.73	89	0.00	0	686	0	
INF126	6090765	6090115	99.99	6068370	99.64	52	0.00	0	623	0	
INF128	5702069	5636810	98.86	5600804	98.26	12427	0.22	0	1977	0	
INF129	5302474	5301937	99.99	5285406	99.69	43	0.00	0	424	0	
INF130	5120078	5119680	99.99	5100550	99.63	36	0.00	0	676	0	
INF131_v2	8570350	8545193	99.71	8501306	99.21	12879	0.15	0	1084	0	
INF132	5667242	5657715	99.83	5633960	99.42	433	0.01	0	354	0	
INF136.1	4564669	4563860	99.98	4541930	99.52	101	0.00	0	1051	0	
INF136.2	4564579	4563768	99.98	4542670	99.54	103	0.00	0	961	0	
INF137	8061496	8056390	99.94	8044974	99.81	476	0.01	0	948	0	
INF138	4591095	4590456	99.99	4577704	99.72	49	0.00	0	363	0	
INF139	4703547	4703076	99.99	4691292	99.76	33	0.00	0	915	0	
INF143	3198458	3196474	99.94	3090812	96.93	816	0.03	0	9770	0	
INF147	5414112	5366176	99.11	5343912	98.71	132	0.00	0	328	0	
INF149	6492238	6491522	99.99	6477762	99.79	94	0.00	0	526	0	
INF150	5461853	5461131	99.99	5432236	99.47	58	0.00	0	461	0	
INF152	5379145	5378571	99.99	5363148	99.71	62	0.00	0	361	0	
INF153	4546928	4513324	99.26	4494162	98.85	58	0.00	0	402	0	
INF155	5502270	5427116	98.63	5419750	98.51	86	0.00	0	806	0	
INF159	6058865	5817036	96.01	5803214	95.79	7707	0.13	0	469	0	
INF160	9238109	9206157	99.65	9198418	99.58	74	0.00	0	699	0	
INF162	5071374	5000580	98.60	4993902	98.48	78	0.00	0	402	0	
INF165	5042349	4996122	99.08	4978170	98.74	5391	0.11	0	553	0	
INF166	4236666	4166614	98.35	4156622	98.12	580	0.01	0	274	0	
INF167_v2	11049463	10974595	99.32	10935502	98.98	24478	0.22	0	1783	0	
INF169	6765546	6761185	99.94	6722594	99.38	167	0.00	0	890	0	
INF170	4374115	4234690	96.81	4221852	96.53	4959	0.11	0	469	0	
INF172	4474301	4443621	99.31	4432090	99.06	778	0.02	0	373	0	
INF173	4439468	4438605	99.98	4432024	99.84	61	0.00	0	332	0	
INF175	4213176	4212340	99.98	4202788	99.76	50	0.00	0	366	0	
INF176	4092894	4092233	99.98	4057614	99.15	67	0.00	0	424	0	
INF180	4121803	4121248	99.99	4109738	99.72	55	0.00	0	397	0	
INF181	4490299	4406538	98.13	4396848	97.93	93	0.00	0	353	0	
INF183	4505658	4504765	99.98	4495338	99.78	67	0.00	0	494	0	
INF184	4182201	4181509	99.98	4170402	99.73	64	0.00	0	403	0	
INF186	4701064	4666748	99.27	4657922	99.09	108	0.00	0	204	0	
INF187_v2	10322815	10286549	99.65	10253886	99.34	15350	0.15	0	775	0	
INF189	4692907	4676159	99.64	4663162	99.37	1334	0.03	0	325	0	
INF191	5518572	5517949	99.99	5502370	99.73	53	0.00	0	1160	0	
INF193	4025907	3923617	97.46	3902682	96.95	66	0.00	0	313	0	
INF195	4505400	4504427	99.98	4497894	99.84	145	0.00	0	460	0	
INF196	4624194	4610867	99.71	4606000	99.62	145	0.00	0	550	0	
INF197	4347694	4318417	99.33	4298324	98.87	7753	0.18	0	374	0	
INF198	4516022	4511030	99.89	4502356	99.71	390	0.01	0	540	0	
INF199	5075484	5067569	99.84	5055620	99.62	255	0.01	0	424	0	
INF200	4880630	4867441	99.73	4852898	99.45	871	0.02	0	800	0	
INF202_v2	9115930	9094068	99.76	9030646	99.09	14776	0.16	0	1978	0	
INF203	4711650	4681401	99.36	4671344	99.15	1295	0.03	0	440	0	
INF204	4500375	4467304	99.27	4434576	98.58	6977	0.16	0	2123	0	
INF205	4434714	4433018	99.96	4424094	99.78	70	0.00	0	654	0	
INF207	5161370	5101612	98.84	5090042	98.64	2330	0.05	0	924	0	
INF209	5522420	5445838	98.61	5434692	98.42	128	0.00	0	482	0	
INF211	4879937	4879351	99.99	4865948	99.72	64	0.00	0	527	0	
INF212	4474445	4411168	98.59	4401340	98.38	95	0.00	0	491	0	
INF213	4592746	4457576	97.06	4444940	96.79	68	0.00	0	592	0	
INF216	5105526	5098566	99.86	5086830	99.67	1198	0.02	0	2034	0	
INF217	5282980	5208479	98.59	5193614	98.33	2775	0.05	0	1266	0	
INF218	5312049	5195670	97.81	5183648	97.59	4475	0.08	0	565	0	
INF219	5834228	5833081	99.98	5824664	99.84	139	0.00	0	424	0	
INF220	5494928	5493733	99.98	5482462	99.78	117	0.00	0	504	0	
INF221	4793222	4774967	99.62	4761596	99.35	571	0.01	0	310	0	
INF224	5270250	5239340	99.41	5230206	99.25	2084	0.04	0	392	0	
INF225	5455962	5454353	99.97	5446452	99.83	99	0.00	0	454	0	
INF226_v2	8038114	7984503	99.33	7922280	98.59	17915	0.22	0	2766	0	
INF227_v2	9302999	9257980	99.52	9173360	98.63	21469	0.23	0	2485	0	
INF229_v2	10342077	10288658	99.48	10196648	98.62	27125	0.26	0	2831	0	
INF230	5117827	5116955	99.98	5106396	99.79	126	0.00	0	549	0	
INF233	4925788	4882703	99.13	4870992	98.90	59	0.00	0	536	0	
INF234	5459230	5409803	99.09	5399660	99.02	89	0.00	0	5996	0	
INF238	4868589	4862742	99.88	4852054	99.68	609	0.01	0	1065	0	
INF239	4813514	4745836	98.59	4741886	98.52	62	0.00	0	296	0	
INF241	5276897	5276211	99.99	5265982	99.80	76	0.00	0	419	0	
INF243	5262327	5165582	98.16	5149542	97.86	69	0.00	0	393	0	
INF244	3328800	3307471	99.36	3240008	97.57	727	0.02	0	8096	0	
INF245	5048116	4953381	98.12	4947438	98.03	145	0.00	0	1242	0	
INF246	5878194	5863449	99.75	5846776	99.48	4003	0.07	0	874	0	
INF248	6153044	6151223	99.97	6125486	99.56	113	0.00	0	460	0	
INF251_v2	11761049	11590041	98.55	11503662	97.83	28108	0.24	0	2509	0	
INF252	5914908	5906994	99.87	5876088	99.35	1426	0.02	0	626	0	
INF253	6618546	6489543	98.05	6457746	97.58	133	0.00	0	710	0	
INF254.1	3446808	3393140	98.44	3389422	98.35	240	0.01	0	492	0	
INF254.2	3446630	3392087	98.42	3388574	98.32	999	0.03	0	314	0	
INF255.1_v2	15595799	15387348	98.66	15298422	98.13	33919	0.22	0	5263	0	
INF255.2_v2	11752482	11430859	97.26	11282610	96.16	33239	0.28	0	19662	0	
INF256	5527823	5330992	96.44	5304370	95.97	6431	0.12	0	473	0	
INF257.1_v2	10469944	10430299	99.62	10389256	99.24	17821	0.17	0	1012	0	
INF257.2_v2	10116718	10081338	99.65	10054716	99.40	16940	0.17	0	1274	0	
INF258	5095624	5094314	99.97	5063368	99.37	88	0.00	0	310	0	
INF259	5323931	5287621	99.32	5263634	98.88	586	0.01	0	689	0	
INF260	5469270	5338736	97.61	5306322	97.03	3948	0.07	0	558	0	
INF261	5450939	5311379	97.44	5261604	96.55	17698	0.32	0	1301	0	
INF262_v2	10078610	10039996	99.62	9961532	98.87	21100	0.21	0	3696	0	
INF264	5327247	5325779	99.97	5298098	99.46	62	0.00	0	537	0	
INF265	5626760	5579621	99.16	5558532	98.80	53	0.00	0	542	0	
INF267	2701091	2689967	99.59	2687802	99.52	128	0.00	0	339	0	
INF268	5507738	5484260	99.57	5450094	98.96	1614	0.03	0	404	0	
INF269	5305127	5303748	99.97	5283028	99.59	595	0.01	0	425	0	
INF271	5401103	5400154	99.98	5378762	99.59	59	0.00	0	459	0	
INF273	5096778	5050998	99.10	5028546	98.69	70	0.00	0	1364	0	
INF275	3302088	3265876	98.90	3153634	95.80	550	0.02	0	10326	0	
INF280	9363710	9342621	99.77	9326298	99.61	1085	0.01	0	1272	0	
INF282	5135066	4990672	97.19	4960304	96.61	7720	0.15	0	660	0	
INF283	4960864	4959989	99.98	4940742	99.61	111	0.00	0	846	0	
INF284	5127672	4986156	97.24	4966636	96.87	72	0.00	0	484	0	
INF286	5058130	5057253	99.98	5031626	99.48	59	0.00	0	408	0	
INF287	4721711	4721095	99.99	4696056	99.47	58	0.00	0	453	0	
INF288	5098263	5078335	99.61	5047362	99.01	86	0.00	0	541	0	
INF289	5391562	5212853	96.69	5173298	95.96	8595	0.16	0	608	0	
INF292	4940585	4940085	99.99	4916880	99.53	42	0.00	0	541	0	
INF293	3532144	3452027	97.73	3359862	95.36	943	0.03	0	8680	0	
INF294	4381805	4368492	99.70	4336246	99.00	2505	0.06	0	1969	0	
INF295	4906197	4831129	98.47	4801774	97.88	86	0.00	0	399	0	
INF297	4816311	4728503	98.18	4709066	97.79	6692	0.14	0	1035	0	
INF301	3991103	3935288	98.60	3912210	98.07	4355	0.11	0	1717	0	
INF303	4419917	4419073	99.98	4403312	99.63	70	0.00	0	413	0	
INF306	4431797	4345580	98.05	4328436	97.68	49	0.00	0	337	0	
INF307	4448698	4447437	99.97	4424674	99.47	423	0.01	0	414	0	
INF308	5343880	5340567	99.94	5320604	99.57	271	0.01	0	404	0	
INF309.1	4201357	4032007	95.97	4005308	95.34	9972	0.24	0	497	0	
INF309.2	4201356	4129372	98.29	4106846	97.76	6310	0.15	0	496	0	
INF311	3841090	3738663	97.33	3716312	96.91	2653	0.07	0	6128	0	
INF312	3653599	3632269	99.42	3610964	98.95	2176	0.06	0	4473	0	
INF314	4891823	4829001	98.72	4795018	98.03	8078	0.17	0	621	0	
INF315.1	4399435	4397684	99.96	4380986	99.59	109	0.00	0	469	0	
INF315.2	4399436	4397685	99.96	4380970	99.59	109	0.00	0	470	0	
INF317	4137412	4136630	99.98	4127024	99.76	52	0.00	0	540	0	
INF318	4109387	3924645	95.50	3905490	95.05	4572	0.11	0	479	0	
INF320	4152646	4151454	99.97	4135792	99.60	120	0.00	0	364	0	
INF324	4348997	4348444	99.99	4336230	99.72	39	0.00	0	407	0	
INF325	4039847	4039219	99.98	4026960	99.69	32	0.00	0	459	0	
INF326	3622765	3620131	99.93	3599626	99.52	2092	0.06	0	5655	0	
INF328	3567047	3523130	98.77	3508618	98.37	37	0.00	0	439	0	
INF330	5156635	5155843	99.98	5135002	99.59	92	0.00	0	331	0	
INF332_v2	11612492	11571615	99.65	11519454	99.22	21423	0.18	0	1922	0	
INF336_v2	9702304	9621706	99.17	9570774	98.67	17652	0.18	0	2876	0	
INF337	4246082	4124346	97.13	4094190	96.46	8988	0.21	0	1438	0	
INF338	3957583	3895270	98.43	3880254	98.05	1659	0.04	0	265	0	
INF339	3733562	3731028	99.93	3709970	99.50	2022	0.05	0	4832	0	
INF340	5056417	4732007	93.58	4715864	93.27	1916	0.04	0	541	0	
INF342	5873664	5816430	99.03	5814206	98.99	128	0.00	0	306	0	
INF347	4166997	4142782	99.42	4127820	99.07	1599	0.04	0	637	0	
INF349	5603684	5600568	99.94	5572044	99.45	220	0.00	0	728	0	
INF351	5985905	5979776	99.90	5939862	99.24	355	0.01	0	839	0	
INF353	6313407	6259496	99.15	6237678	98.81	2623	0.04	0	625	0	
INF356	5144711	5131648	99.75	5115114	99.43	1043	0.02	0	435	0	
INF360	5898316	5644735	95.70	5617316	95.25	197	0.00	0	562	0	
KSB1_10A_v2	10183620	10159940	99.77	10127130	99.46	14066	0.14	0	1140	0	
KSB1_10C	5777036	5775650	99.98	5757930	99.69	116	0.00	0	1072	0	
KSB1_10D	6861228	6536126	95.26	6508384	94.98	7924	0.12	0	8514	0	
KSB1_10F	5730092	5728538	99.97	5712382	99.70	110	0.00	0	364	0	
KSB1_10G	5049526	4974616	98.52	4936874	97.79	11118	0.22	0	840	0	
KSB1_10H	4916447	4888113	99.42	4870990	99.08	778	0.02	0	421	0	
KSB1_1A	6109189	6106196	99.95	6096042	99.80	257	0.00	0	1129	0	
KSB1_1C	5788550	5733464	99.05	5719876	98.84	3094	0.05	0	1714	0	
KSB1_1D	6029104	5942210	98.56	5921864	98.23	414	0.01	0	544	0	
KSB1_1E_v2	5446868	5424115	99.58	5401462	99.45	2253	0.04	0	15418	0	
KSB1_1F	6013724	6009348	99.93	5994316	99.68	214	0.00	0	398	0	
KSB1_1G	5165144	5163958	99.98	5152746	99.77	86	0.00	0	442	0	
KSB1_2A	5688732	5686709	99.96	5669378	99.69	151	0.00	0	1898	0	
KSB1_2C	6454458	6450959	99.95	6432698	99.84	411	0.01	0	11560	0	
KSB1_2D	6059472	6057235	99.96	6033518	99.58	165	0.00	0	376	0	
KSB1_2E	6343593	6238372	98.34	6220030	98.16	155	0.00	0	6761	0	
KSB1_2F	4613824	4606227	99.84	4589200	99.47	679	0.01	0	274	0	
KSB1_2G	5045398	4993589	98.97	4984618	98.81	715	0.01	0	764	0	
KSB1_2I	5426763	5392870	99.38	5372502	99.01	761	0.01	0	291	0	
KSB1_2J	4999354	4998262	99.98	4990474	99.83	84	0.00	0	408	0	
KSB1_3B	5940859	5937237	99.94	5919282	99.64	386	0.01	0	383	0	
KSB1_3C	6607099	6599136	99.88	6583276	99.79	545	0.01	0	9831	0	
KSB1_3D	6139301	6057365	98.67	6005890	97.87	16606	0.27	0	2607	0	
KSB1_3E	5986331	5849505	97.71	5799132	96.92	15278	0.26	0	2975	0	
KSB1_3F	4835492	4831710	99.92	4822176	99.73	300	0.01	0	328	0	
KSB1_3G	4951023	4833289	97.62	4820888	97.38	114	0.00	0	659	0	
KSB1_3I	4817986	4705539	97.67	4678842	97.12	7461	0.15	0	546	0	
KSB1_3J	4743220	4735538	99.84	4722516	99.57	896	0.02	0	424	0	
KSB1_4A	5249402	5248052	99.97	5229452	99.63	166	0.00	0	370	0	
KSB1_4B	6065917	5792242	95.49	5770260	95.14	7193	0.12	0	663	0	
KSB1_4C	6332426	6320544	99.81	6304408	99.57	814	0.01	0	1026	0	
KSB1_4D	6247832	6158670	98.57	6122584	98.03	18200	0.29	0	2252	0	
KSB1_4G	5378291	5376711	99.97	5368942	99.84	212	0.00	0	743	0	
KSB1_4H	5551811	5550830	99.98	5537924	99.76	101	0.00	0	427	0	
KSB1_4J	4617916	4457075	96.52	4441070	96.18	7413	0.16	0	358	0	
KSB1_5A	5134742	5103781	99.40	5079648	98.94	3555	0.07	0	508	0	
KSB1_5C	5757337	5468327	94.98	5402426	93.87	48264	0.84	0	1919	0	
KSB1_5E	5146884	5012075	97.38	4977484	96.75	11857	0.23	0	1986	0	
KSB1_5F	5051924	5049990	99.96	5035644	99.69	150	0.00	0	480	0	
KSB1_6B	3851166	3704081	96.18	3607830	93.92	501	0.01	0	9654	0	
KSB1_6C	5947514	5878675	98.84	5856186	98.48	4671	0.08	0	920	0	
KSB1_6D_v2	12166836	12105719	99.50	12060442	99.13	29981	0.25	0	786	0	
KSB1_6E	5818408	5813000	99.91	5800456	99.70	204	0.00	0	688	0	
KSB1_6I.1	4755714	4713528	99.11	4688260	98.59	12166	0.26	0	632	0	
KSB1_6I.2	4755589	4599807	96.72	4583548	96.39	6018	0.13	0	507	0	
KSB1_7B.1	2341157	2339503	99.93	2268260	97.16	394	0.02	0	6653	0	
KSB1_7B.2	2334914	322487	13.81	224006	9.60	93905	4.02	0	410	0	
KSB1_7C	5328424	5327061	99.97	5311944	99.70	109	0.00	0	590	0	
KSB1_7D	5723600	5594086	97.74	5549228	96.97	13848	0.24	0	812	0	
KSB1_7H	4844559	4843223	99.97	4826356	99.63	68	0.00	0	381	0	
KSB1_8A	5643793	5642131	99.97	5621598	99.61	114	0.00	0	427	0	
KSB1_8B	5653435	5495022	97.20	5467210	96.72	7337	0.13	0	607	0	
KSB1_8E.1	6399926	6349853	99.22	6332772	98.96	2429	0.04	0	354	0	
KSB1_8E.2	6400071	806304	12.60	543520	8.49	258795	4.04	0	499	0	
KSB1_8F	5493419	5484646	99.84	5465300	99.50	1245	0.02	0	603	0	
KSB1_8I	4602088	4578993	99.50	4563110	99.17	107	0.00	0	720	0	
KSB1_9B	5219265	5212891	99.88	5210174	99.83	274	0.01	0	435	0	
KSB1_9E	6182805	6031868	97.56	6003824	97.14	643	0.01	0	2507	0	
KSB2_10C.1	5315266	5289126	99.51	5275868	99.27	136	0.00	0	356	0	
KSB2_10C.2	5315527	626443	11.79	410164	7.72	212932	4.01	0	617	0	
KSB2_1D	5563089	5536751	99.53	5522542	99.28	182	0.00	0	227	0	
KSB2_3B	4808637	4807093	99.97	4792102	99.67	106	0.00	0	485	0	
KSB2_3C	4389022	4386810	99.95	4374212	99.67	200	0.00	0	172	0	
KSB2_4A	5209149	5118347	98.26	5089572	97.71	10570	0.20	0	351	0	
KSB2_4B	4877392	4854996	99.54	4842542	99.30	112	0.00	0	958	0	
KSB2_4D	4927526	4888199	99.20	4876556	98.97	139	0.00	0	194	0	
KSB2_5D_v2	11605088	11509704	99.18	11457886	98.77	20910	0.18	0	4044	0	
KSB2_6A	5131009	4919718	95.88	4887206	95.26	4595	0.09	0	641	0	
KSB2_6B.1	4897655	4896830	99.98	4886652	99.79	59	0.00	0	671	0	
KSB2_6B.2	4897441	572310	11.69	376226	7.68	193401	3.95	0	457	0	
KSB2_6D	4383280	4366451	99.62	4357992	99.43	111	0.00	0	480	0	
KSB2_7A	4539440	4538333	99.98	4512974	99.42	65	0.00	0	296	0	
KSB2_7B	4452866	4449233	99.92	4436164	99.63	185	0.00	0	324	0	
KSB2_7C	4592695	4578763	99.70	4566664	99.44	122	0.00	0	229	0	
KSB2_8A	4906559	4860639	99.06	4849474	98.84	76	0.00	0	335	0	
KSB2_8C	4269234	4242335	99.37	4233210	99.16	65	0.00	0	366	0	
KSB2_8D	5766776	5764672	99.96	5746260	99.66	306	0.01	0	770	0	
KSB2_9B	4086228	4082481	99.91	4008580	98.34	647	0.02	0	9988	0	
KSB2_9C	5310452	5288195	99.58	5276134	99.36	103	0.00	0	360	0	
