file	format	type	num_seqs	sum_len	min_len	avg_len	max_len	Q1	Q2	Q3	sum_gap	N50	N50_num	Q20(%)	Q30(%)	AvgQual	GC(%)	sum_n
INF001.1/qc/INF001.1.ont.qc.fastq.gz	FASTQ	DNA	30641	446886340	3682	14584.6	135910	5993	9403	17598	0	21312	5558	84	74	16.11	57.21	0
INF001.2/qc/INF001.2.ont.qc.fastq.gz	FASTQ	DNA	40942	637784736	4042	15577.8	159714	6406	10084	19149	0	22735	7321	84	74	16.07	57.11	0
INF002/qc/INF002.ont.qc.fastq.gz	FASTQ	DNA	87144	659309449	1639	7565.7	98658	2909	4790	9150	0	11207	11082	75	63	13.53	56.76	0
INF003/qc/INF003.ont.qc.fastq.gz	FASTQ	DNA	56726	874671079	3824	15419.2	180753	6188	9927	19514	0	23077	9673	89	82	18.14	56.99	0
INF004/qc/INF004.ont.qc.fastq.gz	FASTQ	DNA	77956	734576260	2035	9423.0	113270	3767	6189	11252	0	13553	11267	75	63	13.49	56.90	0
INF005/qc/INF005.ont.qc.fastq.gz	FASTQ	DNA	57899	402520655	1506	6952.1	93823	2751	4458	8234	0	10021	8152	76	64	13.76	56.65	0
INF006/qc/INF006.ont.qc.fastq.gz	FASTQ	DNA	67579	864227160	3774	12788.4	202034	5870	8682	15110	0	16835	11316	86	78	17.02	56.96	0
INF007/qc/INF007.ont.qc.fastq.gz	FASTQ	DNA	61484	537069836	1878	8735.1	93996	3518	5791	10452	0	12392	9166	76	64	13.64	56.62	0
INF008/qc/INF008.ont.qc.fastq.gz	FASTQ	DNA	109941	908737451	1609	8265.7	113063	3257	5478	9918	0	11861	13433	74	63	13.18	56.76	0
INF011/qc/INF011.ont.qc.fastq.gz	FASTQ	DNA	66297	530582495	1835	8003.1	118912	3246	5239	9593	0	11416	9473	75	63	13.43	56.88	0
INF012/qc/INF012.ont.qc.fastq.gz	FASTQ	DNA	57858	473417399	1665	8182.4	77244	3181	5288	9842	0	12052	8490	75	63	13.47	56.93	0
INF013/qc/INF013.ont.qc.fastq.gz	FASTQ	DNA	66406	645522026	2121	9720.8	103444	4130	6662	11826	0	13386	10175	76	65	13.89	57.10	0
INF014/qc/INF014.ont.qc.fastq.gz	FASTQ	DNA	93442	736160331	1616	7878.3	91578	3020	5019	9415	0	11612	11837	75	64	13.49	56.97	0
INF016/qc/INF016.ont.qc.fastq.gz	FASTQ	DNA	64359	472517673	1547	7341.9	119134	2866	4704	8694	0	10631	8919	75	63	13.40	56.75	0
INF017/qc/INF017.ont.qc.fastq.gz	FASTQ	DNA	72815	1178127238	3791	16179.7	239643	6441	10481	20241	0	23958	11938	79	67	14.82	57.27	0
INF019/qc/INF019.ont.qc.fastq.gz	FASTQ	DNA	119978	1640096967	3191	13670.0	185236	5540	8868	16553	0	19794	16759	77	65	14.46	56.47	0
INF020/qc/INF020.ont.qc.fastq.gz	FASTQ	DNA	35206	429006247	3000	12185.6	176097	5088	7889	14404	0	17204	6130	87	79	16.77	57.03	0
INF023/qc/INF023.ont.qc.fastq.gz	FASTQ	DNA	30959	394922616	2972	12756.3	146397	5195	8152	15007	0	18348	5403	88	80	17.28	57.21	0
INF024/qc/INF024.ont.qc.fastq.gz	FASTQ	DNA	37951	447123664	2687	11781.6	179608	4766	7518	13786	0	17009	6342	87	79	16.62	57.27	0
INF025/qc/INF025.ont.qc.fastq.gz	FASTQ	DNA	40287	549954310	3267	13650.9	153937	5550	8753	16130	0	19705	6931	88	81	17.55	57.32	0
INF027/qc/INF027.ont.qc.fastq.gz	FASTQ	DNA	48741	750343586	2992	15394.5	228808	6222	10028	18936	0	22450	8382	55	43	10.78	57.30	0
INF028/qc/INF028.ont.qc.fastq.gz	FASTQ	DNA	33239	434485175	3239	13071.5	156261	5412	8547	15526	0	18519	5886	87	79	16.70	57.25	0
INF030/qc/INF030.ont.qc.fastq.gz	FASTQ	DNA	20216	287546796	3530	14223.7	152337	5913	9171	17124	0	20462	3734	86	78	16.20	57.21	0
INF033/qc/INF033.ont.qc.fastq.gz	FASTQ	DNA	24310	333748812	3012	13728.9	131235	5315	8646	16570	0	20670	4246	87	79	16.89	57.16	0
INF034/qc/INF034.ont.qc.fastq.gz	FASTQ	DNA	32084	404010327	2822	12592.3	149615	5072	7998	14950	0	18499	5500	87	79	16.90	57.12	0
INF035/qc/INF035.ont.qc.fastq.gz	FASTQ	DNA	25689	327953029	2798	12766.3	214165	4966	7908	15162	0	19288	4392	87	79	16.95	57.20	0
INF036/qc/INF036.ont.qc.fastq.gz	FASTQ	DNA	59044	912268727	4077	15450.7	166680	6565	10140	18698	0	21886	10144	85	75	16.62	57.46	0
INF038/qc/INF038.ont.qc.fastq.gz	FASTQ	DNA	54951	842706396	4219	15335.6	209786	6852	10549	19000	0	20872	9898	85	75	16.70	57.51	0
INF039/qc/INF039.ont.qc.fastq.gz	FASTQ	DNA	82050	1068041343	3911	13017.0	212996	5805	8532	15233	0	17663	12908	88	81	17.14	57.40	0
INF040/qc/INF040.ont.qc.fastq.gz	FASTQ	DNA	25356	386843306	3894	15256.5	167895	6409	10154	18689	0	21535	4819	85	75	16.67	57.23	0
INF041/qc/INF041.ont.qc.fastq.gz	FASTQ	DNA	35095	370291025	3189	10551.1	92383	5070	7504	12552	0	13300	6542	85	75	16.64	57.39	0
INF045/qc/INF045.ont.qc.fastq.gz	FASTQ	DNA	84736	789718505	1796	9319.8	201587	3010	5100	10282	0	16024	10440	83	73	15.73	56.99	0
INF046/qc/INF046.ont.qc.fastq.gz	FASTQ	DNA	53247	772918353	3514	14515.7	165567	5867	9521	18053	0	21232	9047	85	75	16.76	57.14	0
INF047/qc/INF047.ont.qc.fastq.gz	FASTQ	DNA	44340	620881955	3694	14002.8	170566	5958	9167	16556	0	19444	7794	84	74	16.09	57.40	0
INF048/qc/INF048.ont.qc.fastq.gz	FASTQ	DNA	49487	787666657	4255	15916.6	201667	6742	10740	20836	0	23239	9047	89	83	18.07	57.02	0
INF050/qc/INF050.ont.qc.fastq.gz	FASTQ	DNA	40884	512442775	3450	12534.1	157885	5476	8359	15146	0	17341	7343	87	81	16.68	57.03	0
INF051/qc/INF051.ont.qc.fastq.gz	FASTQ	DNA	75933	1054747182	3744	13890.5	132735	5895	9049	17416	0	20299	12188	90	84	18.24	57.42	0
INF052/qc/INF052.ont.qc.fastq.gz	FASTQ	DNA	30656	493627155	4183	16102.1	172299	6928	11004	19996	0	22355	5943	85	75	16.65	57.41	0
INF053/qc/INF053.ont.qc.fastq.gz	FASTQ	DNA	249639	1776062537	2048	7114.5	172639	3103	4540	7767	0	9356	20204	82	72	15.86	56.87	0
INF054/qc/INF054.ont.qc.fastq.gz	FASTQ	DNA	58175	841008263	3902	14456.5	146628	6180	9507	17774	0	20742	10014	89	83	17.72	57.20	0
INF055/qc/INF055.ont.qc.fastq.gz	FASTQ	DNA	25856	395670840	3926	15302.9	135301	6244	10352	20396	0	22545	5075	88	81	17.05	56.90	0
INF056/qc/INF056.ont.qc.fastq.gz	FASTQ	DNA	91752	1168840798	3292	12739.1	143066	5390	8316	15412	0	18229	13814	89	83	17.85	56.99	0
INF057/qc/INF057.ont.qc.fastq.gz	FASTQ	DNA	185307	2189192307	3639	11813.9	180647	5425	7930	13862	0	15594	21574	90	83	18.01	56.46	0
INF060/qc/INF060.ont.qc.fastq.gz	FASTQ	DNA	47098	637291369	3257	13531.2	172480	5428	8694	16216	0	19630	7898	84	74	16.02	57.41	0
INF062/qc/INF062.ont.qc.fastq.gz	FASTQ	DNA	82216	1061626425	3553	12912.6	238125	5529	8269	15128	0	18302	12693	88	81	16.95	56.71	0
INF063/qc/INF063.ont.qc.fastq.gz	FASTQ	DNA	129648	1831456647	4138	14126.4	161242	6454	9755	17446	0	18989	18432	89	82	17.52	57.20	0
INF066/qc/INF066.ont.qc.fastq.gz	FASTQ	DNA	57594	837885439	3733	14548.1	228893	6070	9355	17191	0	20757	9652	84	74	16.11	57.47	0
INF067/qc/INF067.ont.qc.fastq.gz	FASTQ	DNA	86368	791204520	2508	9160.9	184204	3866	5748	10050	0	12500	11768	84	74	16.21	57.00	0
INF068/qc/INF068.ont.qc.fastq.gz	FASTQ	DNA	139003	1891531534	3880	13607.8	194098	6421	9897	17086	0	17794	18725	90	83	18.65	57.10	0
INF070/qc/INF070.ont.qc.fastq.gz	FASTQ	DNA	111316	1732472106	4048	15563.5	226824	6756	10664	19408	0	21547	17009	87	80	17.00	56.92	0
INF071.1/qc/INF071.1.ont.qc.fastq.gz	FASTQ	DNA	11573	184099299	4583	15907.7	136717	7046	10741	19609	0	21879	2391	92	85	19.48	57.17	0
INF071.2/qc/INF071.2.ont.qc.fastq.gz	FASTQ	DNA	16974	281987201	4061	16612.9	172014	6649	10679	21017	0	25266	3248	84	74	15.98	57.23	0
INF072/qc/INF072.ont.qc.fastq.gz	FASTQ	DNA	87693	1130957267	3641	12896.8	149630	5668	8585	15738	0	17889	13574	88	81	16.96	57.03	0
INF074/qc/INF074.ont.qc.fastq.gz	FASTQ	DNA	230125	3922231034	4472	17043.9	208101	7883	12708	22201	0	22767	26226	82	71	15.75	57.23	0
INF077/qc/INF077.ont.qc.fastq.gz	FASTQ	DNA	235921	3064586085	3320	12989.9	224228	5466	8505	15417	0	18183	25470	80	69	15.09	57.14	0
INF080/qc/INF080.ont.qc.fastq.gz	FASTQ	DNA	100976	1138549616	3330	11275.4	239113	5252	7705	13006	0	14400	14529	87	79	16.71	56.89	0
INF081/qc/INF081.ont.qc.fastq.gz	FASTQ	DNA	83090	852997945	2946	10266.0	157207	4847	7128	11710	0	12811	12260	86	79	16.49	57.05	0
INF082/qc/INF082.ont.qc.fastq.gz	FASTQ	DNA	58981	673943895	3324	11426.5	165765	5286	7799	13027	0	14522	9770	86	79	16.41	56.92	0
INF083/qc/INF083.ont.qc.fastq.gz	FASTQ	DNA	23119	315399222	3687	13642.4	130512	5970	9625	17928	0	19068	4729	84	74	16.03	57.23	0
INF084/qc/INF084.ont.qc.fastq.gz	FASTQ	DNA	100662	1333654178	3598	13248.8	178248	5858	8832	15554	0	17939	15092	82	73	15.52	57.18	0
INF087/qc/INF087.ont.qc.fastq.gz	FASTQ	DNA	85407	959057709	3237	11229.3	222212	5281	7868	13154	0	14261	12880	87	80	16.95	57.18	0
INF088/qc/INF088.ont.qc.fastq.gz	FASTQ	DNA	77991	981611644	3257	12586.2	178203	5462	8382	14989	0	17309	12143	86	79	16.45	57.14	0
INF089/qc/INF089.ont.qc.fastq.gz	FASTQ	DNA	94024	1086458205	3397	11555.1	167622	5447	8024	13484	0	14671	14021	87	79	16.85	57.75	0
INF090/qc/INF090.ont.qc.fastq.gz	FASTQ	DNA	39041	471825132	3426	12085.4	224314	5579	8314	14087	0	15562	7177	87	80	17.14	57.15	0
INF091.1/qc/INF091.1.ont.qc.fastq.gz	FASTQ	DNA	71488	802630439	2812	11227.5	151524	4468	6912	12761	0	16495	10523	86	80	16.10	57.05	0
INF091.2/qc/INF091.2.ont.qc.fastq.gz	FASTQ	DNA	76058	1026955171	3221	13502.3	187190	5265	8361	16105	0	20621	11532	89	82	17.31	57.14	0
INF092.1/qc/INF092.1.ont.qc.fastq.gz	FASTQ	DNA	53799	909536827	4344	16906.2	206672	7030	11068	21102	0	24712	9525	83	73	15.87	57.39	0
INF092.2/qc/INF092.2.ont.qc.fastq.gz	FASTQ	DNA	12611	200129476	4546	15869.4	104510	7007	10826	20074	0	22009	2643	91	85	18.96	54.79	0
INF093.1/qc/INF093.1.ont.qc.fastq.gz	FASTQ	DNA	24197	340737472	3599	14081.8	149858	5799	9110	17158	0	20558	4463	83	73	15.66	57.14	0
INF093.2/qc/INF093.2.ont.qc.fastq.gz	FASTQ	DNA	42780	610971073	3894	14281.7	145277	6116	9510	17452	0	19893	7711	83	74	15.99	57.29	0
INF096/qc/INF096.ont.qc.fastq.gz	FASTQ	DNA	128563	1672134962	3654	13006.3	170571	5832	8837	15684	0	17523	17629	83	73	15.92	57.23	0
INF097/qc/INF097.ont.qc.fastq.gz	FASTQ	DNA	74576	769210364	3106	10314.4	177442	4931	7396	12756	0	13346	11522	90	83	17.87	56.97	0
INF098/qc/INF098.ont.qc.fastq.gz	FASTQ	DNA	76601	808762119	3177	10558.1	158193	5209	7772	13041	0	13364	11867	90	83	17.93	57.20	0
INF099/qc/INF099.ont.qc.fastq.gz	FASTQ	DNA	30879	367707312	3441	11908.0	131767	5460	8274	14654	0	15942	5953	83	73	15.74	57.22	0
INF100/qc/INF100.ont.qc.fastq.gz	FASTQ	DNA	82957	885608144	3269	10675.5	114059	5150	7681	13139	0	13748	12590	90	84	18.37	57.07	0
INF101/qc/INF101.ont.qc.fastq.gz	FASTQ	DNA	44370	449471220	2823	10130.1	113212	4715	7150	12486	0	13390	7841	89	82	17.50	57.19	0
INF103/qc/INF103.ont.qc.fastq.gz	FASTQ	DNA	102061	1062168144	3149	10407.2	162804	5037	7566	12842	0	13273	14093	89	82	17.73	57.08	0
INF104.1/qc/INF104.1.ont.qc.fastq.gz	FASTQ	DNA	37245	373621316	2729	10031.4	149284	4121	6143	10881	0	14277	5942	82	72	15.51	57.13	0
INF104.2/qc/INF104.2.ont.qc.fastq.gz	FASTQ	DNA	19791	281394447	3654	14218.3	143724	5923	9576	17859	0	20275	3865	87	80	16.31	57.14	0
INF106/qc/INF106.ont.qc.fastq.gz	FASTQ	DNA	63169	696751258	3606	11030.0	99592	5585	8186	13685	0	13760	10600	90	84	18.17	57.15	0
INF107/qc/INF107.ont.qc.fastq.gz	FASTQ	DNA	105229	1091210924	3455	10369.9	120753	5322	7791	12810	0	12754	14192	90	84	17.94	57.32	0
INF108/qc/INF108.ont.qc.fastq.gz	FASTQ	DNA	55557	583985625	3271	10511.5	129769	5121	7643	12922	0	13360	9535	89	83	17.48	57.13	0
INF109/qc/INF109.ont.qc.fastq.gz	FASTQ	DNA	100787	1333386958	3709	13229.8	194051	5888	8855	15836	0	17964	15112	85	78	16.10	57.41	0
INF110/qc/INF110.ont.qc.fastq.gz	FASTQ	DNA	43026	466492067	3375	10842.1	103166	5255	7879	13471	0	13937	7944	89	83	17.63	57.14	0
INF112/qc/INF112.ont.qc.fastq.gz	FASTQ	DNA	65547	672749205	3119	10263.6	121019	4927	7361	12593	0	13207	10627	89	83	17.58	57.18	0
INF113/qc/INF113.ont.qc.fastq.gz	FASTQ	DNA	36713	355706624	2796	9688.8	112311	4552	6855	11857	0	12691	6685	90	83	18.05	56.96	0
INF114/qc/INF114.ont.qc.fastq.gz	FASTQ	DNA	123888	1172035679	2682	9460.4	390005	4378	6619	11269	0	12301	15448	88	81	17.19	57.08	0
INF117.1/qc/INF117.1.ont.qc.fastq.gz	FASTQ	DNA	22021	348521395	4024	15826.8	134499	6454	10264	19722	0	23141	4156	83	73	15.79	57.53	0
INF117.2/qc/INF117.2.ont.qc.fastq.gz	FASTQ	DNA	36839	578011470	3998	15690.2	208847	6404	10312	19884	0	22854	6768	88	81	17.04	57.06	0
INF118/qc/INF118.ont.qc.fastq.gz	FASTQ	DNA	114868	996200133	2134	8672.6	111384	3696	5766	10232	0	11946	14179	89	82	17.70	56.66	0
INF120/qc/INF120.ont.qc.fastq.gz	FASTQ	DNA	93577	934781180	2917	9989.4	136420	4637	6921	11850	0	12934	13287	89	82	17.69	57.09	0
INF123/qc/INF123.ont.qc.fastq.gz	FASTQ	DNA	112650	1026252559	2696	9110.1	126130	4338	6454	10824	0	11564	14453	89	83	17.93	57.23	0
INF126/qc/INF126.ont.qc.fastq.gz	FASTQ	DNA	144737	1352235186	2855	9342.7	162990	4488	6609	11050	0	11791	16699	88	82	17.21	57.16	0
INF128/qc/INF128.ont.qc.fastq.gz	FASTQ	DNA	95107	771102075	2261	8107.7	119267	3764	5717	9622	0	10400	12428	89	82	17.73	56.59	0
INF129/qc/INF129.ont.qc.fastq.gz	FASTQ	DNA	75684	677229156	2832	8948.1	128463	4339	6355	10574	0	11177	11167	89	82	17.73	57.01	0
INF130/qc/INF130.ont.qc.fastq.gz	FASTQ	DNA	120454	1044009557	2803	8667.3	118782	4369	6341	10314	0	10576	14387	89	82	17.59	57.03	0
INF131/qc/INF131.ont.qc.fastq.gz	FASTQ	DNA	281911	2691783150	2861	9548.3	255040	4476	6586	11074	0	12145	23655	85	77	16.30	57.23	0
INF132/qc/INF132.ont.qc.fastq.gz	FASTQ	DNA	117028	1083989191	2758	9262.6	97731	4422	6609	11136	0	11776	14683	89	82	17.66	57.55	0
INF136.1/qc/INF136.1.ont.qc.fastq.gz	FASTQ	DNA	23344	324979260	3710	13921.3	276069	5829	9120	16911	0	19878	4388	88	81	16.99	56.73	0
INF136.2/qc/INF136.2.ont.qc.fastq.gz	FASTQ	DNA	8818	139044936	3154	15768.3	139994	5548	9670	20864	0	25371	1629	86	80	16.22	56.80	0
INF137/qc/INF137.ont.qc.fastq.gz	FASTQ	DNA	97308	1000209664	2779	10278.8	148618	4591	7075	12398	0	13805	13658	90	83	17.97	57.24	0
INF138/qc/INF138.ont.qc.fastq.gz	FASTQ	DNA	11124	163661517	3677	14712.5	150779	5983	9138	16710	0	21066	1990	80	71	14.83	57.36	0
INF139/qc/INF139.ont.qc.fastq.gz	FASTQ	DNA	71222	774114342	3230	10869.0	114039	5285	7988	13676	0	13987	11378	90	83	18.33	56.88	0
INF143/qc/INF143.ont.qc.fastq.gz	FASTQ	DNA	104627	993550074	2826	9496.1	175838	4392	6397	10490	0	11819	13806	87	80	17.11	57.21	0
INF147/qc/INF147.ont.qc.fastq.gz	FASTQ	DNA	116174	1518476642	3695	13070.7	251041	5688	8589	15295	0	17736	16454	89	82	17.88	57.09	0
INF149/qc/INF149.ont.qc.fastq.gz	FASTQ	DNA	100737	1437720590	3646	14272.0	186599	5845	8941	16676	0	20709	14886	89	82	18.12	57.29	0
INF150/qc/INF150.ont.qc.fastq.gz	FASTQ	DNA	100779	666139170	1463	6609.9	122323	2300	3235	6129	0	12405	10323	76	67	13.87	57.32	0
INF152/qc/INF152.ont.qc.fastq.gz	FASTQ	DNA	35145	596297642	4701	16966.8	234155	7661	11897	20376	0	22175	6836	90	83	19.06	57.45	0
INF153/qc/INF153.ont.qc.fastq.gz	FASTQ	DNA	33350	502613343	3624	15070.9	165873	5897	9342	17500	0	22066	5691	88	81	17.48	57.12	0
INF155/qc/INF155.ont.qc.fastq.gz	FASTQ	DNA	37392	539776091	3459	14435.6	230591	5576	8696	16504	0	21890	6102	88	81	17.70	57.02	0
INF159/qc/INF159.ont.qc.fastq.gz	FASTQ	DNA	68868	830652180	3299	12061.5	211005	5186	7802	13766	0	16328	10798	88	81	17.41	57.12	0
INF160/qc/INF160.ont.qc.fastq.gz	FASTQ	DNA	18848	366010097	4903	19419.0	190263	8190	13286	24398	0	27533	3795	90	83	18.75	57.08	0
INF162/qc/INF162.ont.qc.fastq.gz	FASTQ	DNA	87856	1559387953	4692	17749.4	229494	7910	12516	21827	0	23741	14932	90	83	18.55	57.20	0
INF165/qc/INF165.ont.qc.fastq.gz	FASTQ	DNA	154675	1648281118	3062	10656.4	480862	4755	7017	11942	0	13857	18670	89	82	17.91	57.00	0
INF166/qc/INF166.ont.qc.fastq.gz	FASTQ	DNA	62620	1028320027	4350	16421.6	189792	7261	11509	20239	0	22126	11119	90	83	18.81	57.06	0
INF167/qc/INF167.ont.qc.fastq.gz	FASTQ	DNA	86590	1192525354	3505	13772.1	312615	5868	9296	16805	0	19071	13573	89	81	18.07	56.89	0
INF169/qc/INF169.ont.qc.fastq.gz	FASTQ	DNA	78259	1027092468	3230	13124.3	203576	5397	8538	15576	0	18672	12062	89	82	17.93	57.11	0
INF170/qc/INF170.ont.qc.fastq.gz	FASTQ	DNA	49952	812540343	4101	16266.4	187288	6896	11176	20196	0	22566	9075	90	83	18.48	56.73	0
INF172/qc/INF172.ont.qc.fastq.gz	FASTQ	DNA	42928	643763978	3841	14996.4	264259	6428	10172	18030	0	20393	7758	90	82	18.47	57.41	0
INF173/qc/INF173.ont.qc.fastq.gz	FASTQ	DNA	157260	2030708565	3317	12913.1	264362	5292	8214	15169	0	18533	19875	88	81	17.49	57.35	0
INF175/qc/INF175.ont.qc.fastq.gz	FASTQ	DNA	28379	403260563	3869	14209.8	324442	6254	9992	18824	0	20051	5706	84	74	16.06	57.45	0
INF176/qc/INF176.ont.qc.fastq.gz	FASTQ	DNA	76850	957519956	3510	12459.6	101239	5736	8995	15938	0	16731	12355	83	74	15.85	57.03	0
INF180/qc/INF180.ont.qc.fastq.gz	FASTQ	DNA	21876	322555726	3505	14744.7	154382	6155	10446	19914	0	21328	4496	82	72	15.32	57.09	0
INF181/qc/INF181.ont.qc.fastq.gz	FASTQ	DNA	27721	369011753	3474	13311.6	129004	5841	9327	17371	0	18659	5495	83	73	15.85	56.90	0
INF183/qc/INF183.ont.qc.fastq.gz	FASTQ	DNA	49200	888378482	4591	18056.5	163828	7967	12895	22640	0	24296	9422	90	83	18.89	56.93	0
INF184/qc/INF184.ont.qc.fastq.gz	FASTQ	DNA	62399	888647814	3862	14241.4	176100	6327	9830	17193	0	19033	10822	89	82	18.39	57.17	0
INF186/qc/INF186.ont.qc.fastq.gz	FASTQ	DNA	165733	2644232772	3998	15954.8	192710	6764	10742	19645	0	22379	22219	83	72	15.89	57.54	0
INF187/qc/INF187.ont.qc.fastq.gz	FASTQ	DNA	142386	2058401143	3919	14456.5	153536	6717	10630	18994	0	19568	18896	83	73	15.71	57.23	0
INF189/qc/INF189.ont.qc.fastq.gz	FASTQ	DNA	37937	546065326	3909	14394.0	150786	6515	10427	18884	0	19709	7515	82	72	15.52	57.35	0
INF191/qc/INF191.ont.qc.fastq.gz	FASTQ	DNA	30963	316274115	2720	10214.6	138553	4302	6954	12273	0	13966	5562	80	70	14.85	56.84	0
INF193/qc/INF193.ont.qc.fastq.gz	FASTQ	DNA	76897	1032775713	3754	13430.6	161985	6112	9455	16776	0	18065	12566	88	80	17.45	56.90	0
INF195/qc/INF195.ont.qc.fastq.gz	FASTQ	DNA	64923	901477790	3874	13885.3	136305	6276	9966	17823	0	18816	11298	87	80	17.10	57.71	0
INF196/qc/INF196.ont.qc.fastq.gz	FASTQ	DNA	49268	859078682	4190	17436.8	114672	8243	13830	23607	0	23345	9721	87	80	17.16	56.95	0
INF197/qc/INF197.ont.qc.fastq.gz	FASTQ	DNA	66358	632274482	1834	9528.2	226682	3401	5540	10413	0	15105	8905	87	80	16.85	56.90	0
INF198/qc/INF198.ont.qc.fastq.gz	FASTQ	DNA	41032	561457506	3903	13683.4	109710	6413	10057	17779	0	18302	7982	82	72	15.65	56.99	0
INF199/qc/INF199.ont.qc.fastq.gz	FASTQ	DNA	159530	1949935664	3859	12223.0	226778	5865	8539	14573	0	15643	19971	87	79	16.81	57.38	0
INF200/qc/INF200.ont.qc.fastq.gz	FASTQ	DNA	73525	973224012	3855	13236.6	148306	6261	9479	16270	0	17156	12318	86	79	16.71	57.29	0
INF202/qc/INF202.ont.qc.fastq.gz	FASTQ	DNA	64136	855993738	3772	13346.5	187854	6188	9421	16548	0	17768	11100	88	80	17.34	57.01	0
INF203/qc/INF203.ont.qc.fastq.gz	FASTQ	DNA	195770	2447105697	3057	12499.9	260767	5125	7945	14758	0	18062	22455	88	81	17.52	57.05	0
INF204/qc/INF204.ont.qc.fastq.gz	FASTQ	DNA	118064	1479903307	3798	12534.8	138747	6044	9123	15508	0	16052	16659	81	71	15.23	56.92	0
INF205/qc/INF205.ont.qc.fastq.gz	FASTQ	DNA	69607	1026399017	3680	14745.6	155163	6329	10394	19646	0	21134	11767	87	80	17.09	57.17	0
INF207/qc/INF207.ont.qc.fastq.gz	FASTQ	DNA	160992	1800380309	3041	11183.0	197633	4829	7155	12400	0	15156	19759	88	81	17.29	57.62	0
INF209/qc/INF209.ont.qc.fastq.gz	FASTQ	DNA	90724	1185206914	3638	13063.9	162532	5935	8987	16001	0	17608	14179	88	81	17.64	56.72	0
INF211/qc/INF211.ont.qc.fastq.gz	FASTQ	DNA	202381	2357223477	3068	11647.5	211784	5156	7866	13680	0	15557	22325	88	81	17.35	57.11	0
INF212/qc/INF212.ont.qc.fastq.gz	FASTQ	DNA	66115	596459270	2923	9021.5	125515	4637	6561	10062	0	10393	10152	86	79	16.62	56.80	0
INF213/qc/INF213.ont.qc.fastq.gz	FASTQ	DNA	82256	1026210264	3566	12475.8	130119	5900	9189	15550	0	16110	13123	80	70	14.95	57.16	0
INF216/qc/INF216.ont.qc.fastq.gz	FASTQ	DNA	246647	3857379976	4190	15639.3	168483	7152	11200	19837	0	20996	26964	80	68	15.11	57.37	0
INF217/qc/INF217.ont.qc.fastq.gz	FASTQ	DNA	54310	673368843	3497	12398.6	134879	5701	8651	15116	0	16411	9608	89	81	18.07	57.03	0
INF218/qc/INF218.ont.qc.fastq.gz	FASTQ	DNA	89924	1072449321	3618	11926.2	177279	5684	8370	14096	0	15103	13934	86	78	16.21	56.95	0
INF219/qc/INF219.ont.qc.fastq.gz	FASTQ	DNA	46230	656440211	3687	14199.4	174642	6023	9705	17293	0	19425	8193	85	78	16.16	57.37	0
INF220/qc/INF220.ont.qc.fastq.gz	FASTQ	DNA	16594	271589583	4173	16366.7	142929	6917	11001	19990	0	22997	3281	89	82	18.10	57.28	0
INF221/qc/INF221.ont.qc.fastq.gz	FASTQ	DNA	77357	891392179	3437	11523.1	261119	5333	7813	13033	0	14557	11932	87	79	16.80	57.53	0
INF224/qc/INF224.ont.qc.fastq.gz	FASTQ	DNA	77623	1147947842	3867	14788.8	177345	6420	9959	17844	0	20221	12665	88	81	17.65	56.99	0
INF225/qc/INF225.ont.qc.fastq.gz	FASTQ	DNA	99856	1635567151	4404	16379.3	199118	7554	11862	20552	0	21594	16084	87	79	16.75	57.10	0
INF226/qc/INF226.ont.qc.fastq.gz	FASTQ	DNA	52705	709843546	3477	13468.2	205532	5700	8941	16565	0	19067	9016	86	78	16.79	56.95	0
INF227/qc/INF227.ont.qc.fastq.gz	FASTQ	DNA	99978	1738166069	4474	17385.5	202557	7956	12782	22245	0	23148	16332	89	82	18.34	57.04	0
INF229/qc/INF229.ont.qc.fastq.gz	FASTQ	DNA	78562	1152867390	3802	14674.6	260763	6163	9510	17169	0	20529	12539	87	79	16.93	56.74	0
INF230/qc/INF230.ont.qc.fastq.gz	FASTQ	DNA	49514	803953845	4002	16236.9	193630	6649	10534	19757	0	23282	8604	86	79	16.66	57.79	0
INF233/qc/INF233.ont.qc.fastq.gz	FASTQ	DNA	66436	851398647	3275	12815.3	185181	5223	8036	15179	0	18890	10429	86	78	16.69	57.20	0
INF234/qc/INF234.ont.qc.fastq.gz	FASTQ	DNA	69133	1014407001	3489	14673.3	184328	5939	9469	17606	0	21089	11220	87	79	17.03	56.84	0
INF238/qc/INF238.ont.qc.fastq.gz	FASTQ	DNA	27922	433795157	3665	15536.0	144791	6105	10044	19887	0	23449	5166	82	73	15.06	57.01	0
INF239/qc/INF239.ont.qc.fastq.gz	FASTQ	DNA	64133	1085215661	4364	16921.3	228202	7073	11335	21293	0	24135	11073	86	78	16.39	57.48	0
INF241/qc/INF241.ont.qc.fastq.gz	FASTQ	DNA	76463	916177315	3308	11982.0	184322	5155	7852	14109	0	16516	11841	85	77	16.24	56.98	0
INF243/qc/INF243.ont.qc.fastq.gz	FASTQ	DNA	77919	1083218114	3468	13901.8	203600	5828	9065	16292	0	19257	12224	86	78	16.44	56.68	0
INF244/qc/INF244.ont.qc.fastq.gz	FASTQ	DNA	86070	1275819737	3848	14823.0	223431	6295	9818	17628	0	20486	13526	86	79	16.68	56.74	0
INF245/qc/INF245.ont.qc.fastq.gz	FASTQ	DNA	74880	940306263	3806	12557.5	201225	5856	8760	15256	0	16510	12342	81	71	15.19	56.92	0
INF246/qc/INF246.ont.qc.fastq.gz	FASTQ	DNA	105744	930941352	2295	8803.7	158325	3676	5562	9817	0	12072	13373	84	76	15.91	56.54	0
INF248/qc/INF248.ont.qc.fastq.gz	FASTQ	DNA	60502	942009928	3605	15569.9	248544	5723	9208	18062	0	24422	9273	85	77	16.00	57.21	0
INF251/qc/INF251.ont.qc.fastq.gz	FASTQ	DNA	79585	1101002486	3450	13834.3	243739	5580	8791	16420	0	19876	12293	86	78	16.52	56.84	0
INF252/qc/INF252.ont.qc.fastq.gz	FASTQ	DNA	104288	1396526999	3047	13391.1	219672	5121	8375	16162	0	20047	14822	82	75	15.05	56.78	0
INF253/qc/INF253.ont.qc.fastq.gz	FASTQ	DNA	70609	1006753240	3567	14258.1	228260	5741	9100	17195	0	20741	11188	84	77	15.89	56.89	0
INF254.1/qc/INF254.1.ont.qc.fastq.gz	FASTQ	DNA	4734	76639141	4007	16189.1	114158	6960	11628	20842	0	22509	1044	91	84	18.57	57.08	0
INF254.2/qc/INF254.2.ont.qc.fastq.gz	FASTQ	DNA	9062	180295347	6005	19895.8	110113	10283	16049	25883	0	24843	2298	92	86	20.02	57.19	0
INF255/qc/INF255.ont.qc.fastq.gz	FASTQ	DNA	83703	1199252926	3108	14327.5	339430	5223	8754	17230	0	22199	12294	83	75	15.26	56.91	0
INF256/qc/INF256.ont.qc.fastq.gz	FASTQ	DNA	78633	1103549298	3270	14034.2	254095	5301	8370	16417	0	21635	11731	85	77	16.07	57.03	0
INF257/qc/INF257.ont.qc.fastq.gz	FASTQ	DNA	78035	1063648211	2926	13630.4	196616	4914	7947	16152	0	22152	11320	85	77	16.02	56.95	0
INF258/qc/INF258.ont.qc.fastq.gz	FASTQ	DNA	99162	1375347086	3467	13869.7	207298	5562	8857	17414	0	20683	14674	86	78	16.53	56.91	0
INF259/qc/INF259.ont.qc.fastq.gz	FASTQ	DNA	74590	1037689801	3210	13911.9	194581	5443	8804	17119	0	21053	11655	84	76	15.73	57.03	0
INF260/qc/INF260.ont.qc.fastq.gz	FASTQ	DNA	69471	1028038946	3636	14798.1	177225	5970	9591	17920	0	21202	11229	84	76	15.90	57.07	0
INF261/qc/INF261.ont.qc.fastq.gz	FASTQ	DNA	96738	1076850312	2651	11131.6	224439	4220	6600	12690	0	17183	12945	86	78	16.43	56.81	0
INF262/qc/INF262.ont.qc.fastq.gz	FASTQ	DNA	90226	1177301267	3279	13048.4	163181	5286	8352	15408	0	18613	13305	82	74	15.06	56.48	0
INF264/qc/INF264.ont.qc.fastq.gz	FASTQ	DNA	18783	326863068	4631	17402.1	117902	7438	12013	22560	0	24639	3863	89	82	17.90	56.94	0
INF265/qc/INF265.ont.qc.fastq.gz	FASTQ	DNA	35269	479892892	3709	13606.6	123833	6221	9816	17580	0	18455	6959	82	72	15.41	57.08	0
INF267/qc/INF267.ont.qc.fastq.gz	FASTQ	DNA	99776	1474386733	3956	14777.0	192310	6258	9859	18586	0	21093	15337	90	84	18.85	57.00	0
INF268/qc/INF268.ont.qc.fastq.gz	FASTQ	DNA	83558	1103822398	4411	13210.3	151438	6999	9954	15966	0	15797	13781	81	71	15.19	57.16	0
INF269/qc/INF269.ont.qc.fastq.gz	FASTQ	DNA	227471	2034341256	2731	8943.3	172703	4300	6468	10609	0	11040	19878	88	81	17.27	56.85	0
INF271/qc/INF271.ont.qc.fastq.gz	FASTQ	DNA	64514	823725534	3676	12768.2	316591	6013	9310	16235	0	16861	11149	81	71	15.09	57.22	0
INF273/qc/INF273.ont.qc.fastq.gz	FASTQ	DNA	53704	708894780	3783	13200.0	104579	6103	9400	16837	0	17804	9703	83	73	15.67	57.17	0
INF275/qc/INF275.ont.qc.fastq.gz	FASTQ	DNA	34053	462105568	3857	13570.2	143214	6162	9652	17182	0	18235	6672	90	84	18.36	57.21	0
INF280/qc/INF280.ont.qc.fastq.gz	FASTQ	DNA	46033	625692549	3689	13592.3	157544	5941	9248	16796	0	18787	8311	91	85	18.89	57.51	0
INF282/qc/INF282.ont.qc.fastq.gz	FASTQ	DNA	123444	1540803834	3684	12481.8	281976	5787	8873	15384	0	16332	16938	89	82	17.80	56.96	0
INF283/qc/INF283.ont.qc.fastq.gz	FASTQ	DNA	113385	1416108615	3534	12489.4	166414	5604	8702	15633	0	16936	15999	90	83	18.36	56.74	0
INF284/qc/INF284.ont.qc.fastq.gz	FASTQ	DNA	104560	1404514287	3752	13432.6	180810	6251	9810	16908	0	17586	15616	84	73	16.41	56.95	0
INF286/qc/INF286.ont.qc.fastq.gz	FASTQ	DNA	121146	1340875584	3426	11068.3	219737	5236	7770	13199	0	14147	16277	81	71	15.30	57.50	0
INF287/qc/INF287.ont.qc.fastq.gz	FASTQ	DNA	51458	661882045	3078	12862.6	181013	5106	8048	15411	0	19174	8342	86	78	16.46	57.28	0
INF288/qc/INF288.ont.qc.fastq.gz	FASTQ	DNA	67843	889090643	3232	13105.1	154837	5262	8263	15937	0	19578	10744	84	76	15.78	56.22	0
INF289/qc/INF289.ont.qc.fastq.gz	FASTQ	DNA	81748	1114700425	3639	13635.8	170291	5909	9236	16859	0	18865	13070	89	82	17.91	56.98	0
INF292/qc/INF292.ont.qc.fastq.gz	FASTQ	DNA	66723	806889257	3143	12093.1	367945	5089	7754	14073	0	17010	10579	88	80	17.81	56.93	0
INF293/qc/INF293.ont.qc.fastq.gz	FASTQ	DNA	75726	879558161	2790	11615.0	128580	4665	7318	13771	0	17148	11353	85	76	15.92	56.97	0
INF294/qc/INF294.ont.qc.fastq.gz	FASTQ	DNA	64117	976191971	3956	15225.2	150295	6426	10265	19225	0	21739	11088	90	83	18.77	57.00	0
INF295/qc/INF295.ont.qc.fastq.gz	FASTQ	DNA	52279	484634560	2959	9270.2	109374	4581	6708	10981	0	11365	8847	84	74	16.07	56.76	0
INF297/qc/INF297.ont.qc.fastq.gz	FASTQ	DNA	70022	793167287	2997	11327.4	202560	4715	7179	13200	0	16171	10659	85	77	16.42	56.91	0
INF301/qc/INF301.ont.qc.fastq.gz	FASTQ	DNA	117494	1197975818	2810	10196.1	134341	4464	6680	11800	0	13799	15406	86	77	16.76	57.07	0
INF303/qc/INF303.ont.qc.fastq.gz	FASTQ	DNA	115478	1320945578	2913	11438.9	156858	4755	7282	13521	0	16330	15619	85	76	16.11	57.29	0
INF306/qc/INF306.ont.qc.fastq.gz	FASTQ	DNA	107124	1442858205	3671	13469.0	163801	5808	8987	16522	0	18782	15694	89	82	17.97	57.22	0
INF307/qc/INF307.ont.qc.fastq.gz	FASTQ	DNA	152408	2065852605	3725	13554.8	167744	5804	9036	16726	0	19054	19875	88	81	17.45	56.99	0
INF308/qc/INF308.ont.qc.fastq.gz	FASTQ	DNA	78426	1076558164	3568	13727.1	162089	5708	8999	16942	0	19667	12411	90	83	18.63	57.18	0
INF309.1/qc/INF309.1.ont.qc.fastq.gz	FASTQ	DNA	13782	227034423	4828	16473.3	122302	7717	12040	20786	0	21620	3042	92	85	19.16	57.71	0
INF309.2/qc/INF309.2.ont.qc.fastq.gz	FASTQ	DNA	17244	309900802	4966	17971.5	145709	8089	12885	23610	0	24631	3776	92	86	19.77	57.74	0
INF311/qc/INF311.ont.qc.fastq.gz	FASTQ	DNA	71161	949493395	3491	13342.9	189079	5645	8765	16307	0	19038	11483	87	78	17.27	56.86	0
INF312/qc/INF312.ont.qc.fastq.gz	FASTQ	DNA	160315	2330303187	3987	14535.8	165308	6354	10000	18186	0	19991	20981	89	82	17.53	56.90	0
INF314/qc/INF314.ont.qc.fastq.gz	FASTQ	DNA	63698	656957984	3180	10313.6	113923	4937	7342	12329	0	13071	10450	85	76	16.36	57.08	0
INF315.1/qc/INF315.1.ont.qc.fastq.gz	FASTQ	DNA	42091	586641969	3495	13937.5	161614	5562	8687	16618	0	20977	7095	83	73	15.74	57.28	0
INF315.2/qc/INF315.2.ont.qc.fastq.gz	FASTQ	DNA	43577	668844907	3944	15348.6	191644	6386	10083	19019	0	22088	7834	82	72	15.28	57.34	0
INF317/qc/INF317.ont.qc.fastq.gz	FASTQ	DNA	124499	1400839443	3162	11251.8	172881	5010	7658	13309	0	15092	16642	86	78	17.11	57.09	0
INF318/qc/INF318.ont.qc.fastq.gz	FASTQ	DNA	102874	1285357360	3719	12494.5	157746	5832	8843	15119	0	16116	15268	87	79	17.46	57.58	0
INF320/qc/INF320.ont.qc.fastq.gz	FASTQ	DNA	82813	959627361	3638	11587.9	159766	5721	8541	14268	0	14557	13022	85	76	16.57	57.26	0
INF324/qc/INF324.ont.qc.fastq.gz	FASTQ	DNA	117667	1464696040	3743	12447.8	167136	5695	8317	14352	0	16310	16732	86	78	17.07	57.51	0
INF325/qc/INF325.ont.qc.fastq.gz	FASTQ	DNA	92870	1196296517	3815	12881.4	163189	6003	8949	15465	0	16692	14382	86	77	16.94	57.23	0
INF326/qc/INF326.ont.qc.fastq.gz	FASTQ	DNA	58783	710613926	3762	12088.8	114726	5953	8902	14933	0	15264	10426	86	76	16.67	57.26	0
INF328/qc/INF328.ont.qc.fastq.gz	FASTQ	DNA	169906	1828295829	3463	10760.6	207064	5205	7386	12093	0	13199	19833	87	79	17.42	57.08	0
INF330/qc/INF330.ont.qc.fastq.gz	FASTQ	DNA	49809	571176062	3670	11467.3	95438	5672	8340	13742	0	14210	9115	85	76	16.49	57.28	0
INF332/qc/INF332.ont.qc.fastq.gz	FASTQ	DNA	99121	1067609155	3521	10770.8	194045	5442	7965	13060	0	13229	14249	84	75	16.22	57.64	0
INF336/qc/INF336.ont.qc.fastq.gz	FASTQ	DNA	63177	449723904	1203	7118.5	88834	2590	4523	8356	0	10668	8487	73	60	12.82	56.28	0
INF337/qc/INF337.ont.qc.fastq.gz	FASTQ	DNA	108583	1178854106	3420	10856.7	106274	5293	7735	12876	0	13602	15207	86	76	16.73	57.14	0
INF338/qc/INF338.ont.qc.fastq.gz	FASTQ	DNA	141710	1554744437	3604	10971.3	119539	5630	8237	13429	0	13425	17278	84	75	16.32	57.11	0
INF339/qc/INF339.ont.qc.fastq.gz	FASTQ	DNA	58510	646514463	3268	11049.6	105819	5378	8319	13884	0	14055	10046	85	76	16.37	57.17	0
INF340/qc/INF340.ont.qc.fastq.gz	FASTQ	DNA	143551	1337403419	3134	9316.6	135274	4739	6779	10869	0	11164	16494	85	76	16.45	57.21	0
INF342/qc/INF342.ont.qc.fastq.gz	FASTQ	DNA	135356	1548576729	3535	11440.8	117388	5456	8068	13634	0	14551	17617	80	71	15.04	57.10	0
INF347/qc/INF347.ont.qc.fastq.gz	FASTQ	DNA	129024	1939745086	4388	15034.0	152502	7207	10909	18791	0	19444	18684	87	78	17.22	56.52	0
INF349/qc/INF349.ont.qc.fastq.gz	FASTQ	DNA	236425	2664566073	3572	11270.2	163818	5546	8126	13332	0	13892	23289	85	77	16.59	57.17	0
INF351/qc/INF351.ont.qc.fastq.gz	FASTQ	DNA	107895	1261704731	3555	11693.8	108241	5678	8642	14514	0	14884	15258	80	70	14.99	57.14	0
INF353/qc/INF353.ont.qc.fastq.gz	FASTQ	DNA	112818	1011849394	3000	8968.9	117923	4604	6554	10416	0	10653	14376	84	75	16.02	57.16	0
INF356/qc/INF356.ont.qc.fastq.gz	FASTQ	DNA	25014	311449505	3723	12451.0	103998	5755	8664	14959	0	16273	4972	92	86	19.52	57.07	0
INF360/qc/INF360.ont.qc.fastq.gz	FASTQ	DNA	11233	192611017	4251	17146.9	165357	7892	12429	22285	0	23254	2513	82	71	15.43	57.40	0
KSB1_10A/qc/KSB1_10A.ont.qc.fastq.gz	FASTQ	DNA	21489	302794217	3982	14090.7	126631	6420	9936	17692	0	18891	4440	90	83	17.95	57.85	0
KSB1_10C/qc/KSB1_10C.ont.qc.fastq.gz	FASTQ	DNA	117853	1220694372	3239	10357.8	133369	5031	7346	12025	0	12778	15808	90	83	17.95	57.12	0
KSB1_10D/qc/KSB1_10D.ont.qc.fastq.gz	FASTQ	DNA	127620	1244742437	3083	9753.5	131219	4810	7000	11364	0	11929	15986	91	84	18.46	57.24	0
KSB1_10F/qc/KSB1_10F.ont.qc.fastq.gz	FASTQ	DNA	227169	1770973218	2451	7795.8	129368	3781	5516	8858	0	9447	19347	87	76	16.69	57.20	0
KSB1_10G/qc/KSB1_10G.ont.qc.fastq.gz	FASTQ	DNA	76134	775657883	3216	10188.1	150107	4961	7170	11862	0	12603	11799	90	83	18.00	57.17	0
KSB1_10H/qc/KSB1_10H.ont.qc.fastq.gz	FASTQ	DNA	60069	740202500	3445	12322.5	132090	5766	8910	15102	0	15950	10397	79	69	14.77	57.13	0
KSB1_1A/qc/KSB1_1A.ont.qc.fastq.gz	FASTQ	DNA	62077	960029068	4508	15465.1	138290	7111	10829	18985	0	20534	11167	92	85	19.23	57.26	0
KSB1_1C/qc/KSB1_1C.ont.qc.fastq.gz	FASTQ	DNA	13505	201589778	2688	14927.0	170690	5863	9793	18494	0	21916	2525	42	28	9.61	57.17	0
KSB1_1D/qc/KSB1_1D.ont.qc.fastq.gz	FASTQ	DNA	7342	126813993	3139	17272.4	178285	7005	11694	21947	0	25031	1484	43	29	9.73	57.28	0
KSB1_1E/qc/KSB1_1E.ont.qc.fastq.gz	FASTQ	DNA	2881	49890983	2773	17317.2	165297	6681	11619	22169	0	25862	574	44	29	9.84	57.18	0
KSB1_1F/qc/KSB1_1F.ont.qc.fastq.gz	FASTQ	DNA	83606	1121199700	3872	13410.5	243248	6277	9365	15848	0	17150	13410	86	78	17.14	57.38	0
KSB1_1G/qc/KSB1_1G.ont.qc.fastq.gz	FASTQ	DNA	106398	1218783532	3216	11454.9	115415	5306	8105	13889	0	14985	15098	90	83	18.01	57.34	0
KSB1_2A/qc/KSB1_2A.ont.qc.fastq.gz	FASTQ	DNA	47985	656625701	3730	13684.0	203592	6068	9449	17010	0	18822	8705	90	83	18.04	57.42	0
KSB1_2C/qc/KSB1_2C.ont.qc.fastq.gz	FASTQ	DNA	65882	841604031	3490	12774.4	183762	5770	8857	15272	0	16737	11078	86	78	17.06	57.08	0
KSB1_2D/qc/KSB1_2D.ont.qc.fastq.gz	FASTQ	DNA	52898	655612200	3478	12393.9	126089	5683	8813	15630	0	16559	9313	90	84	18.38	57.41	0
KSB1_2E/qc/KSB1_2E.ont.qc.fastq.gz	FASTQ	DNA	54138	672990462	3419	12431.0	123705	5484	8476	15317	0	17009	9350	88	81	17.21	56.60	0
KSB1_2F/qc/KSB1_2F.ont.qc.fastq.gz	FASTQ	DNA	67823	779155397	3369	11488.1	146614	5334	7928	13566	0	14945	11140	90	83	17.83	57.25	0
KSB1_2G/qc/KSB1_2G.ont.qc.fastq.gz	FASTQ	DNA	172776	1633057611	2900	9451.9	134200	4486	6600	10828	0	11740	18900	88	81	16.89	57.29	0
KSB1_2I/qc/KSB1_2I.ont.qc.fastq.gz	FASTQ	DNA	27015	404195490	3727	14961.9	133552	6336	10018	18518	0	21212	5158	86	78	17.11	56.25	0
KSB1_2J/qc/KSB1_2J.ont.qc.fastq.gz	FASTQ	DNA	21128	455116237	4654	21540.9	202000	8783	15380	29255	0	31482	4421	85	75	16.70	57.17	0
KSB1_3B/qc/KSB1_3B.ont.qc.fastq.gz	FASTQ	DNA	11733	208638571	4015	17782.2	178532	6774	11531	23649	0	27742	2294	86	76	17.07	57.33	0
KSB1_3C/qc/KSB1_3C.ont.qc.fastq.gz	FASTQ	DNA	36223	637764519	3064	17606.6	213770	6058	10885	23478	0	29061	6299	83	72	15.89	57.22	0
KSB1_3D/qc/KSB1_3D.ont.qc.fastq.gz	FASTQ	DNA	567129	2196501412	1074	3873.0	166237	1890	2653	3977	0	4467	20854	84	73	16.09	55.95	0
KSB1_3E/qc/KSB1_3E.ont.qc.fastq.gz	FASTQ	DNA	80182	868028790	2701	10825.7	164433	4278	6726	12754	0	16134	11604	89	82	17.55	56.20	0
KSB1_3F/qc/KSB1_3F.ont.qc.fastq.gz	FASTQ	DNA	52687	747193281	3121	14181.7	186615	5241	8598	17132	0	22507	8409	84	74	16.37	57.15	0
KSB1_3G/qc/KSB1_3G.ont.qc.fastq.gz	FASTQ	DNA	32875	650788569	4087	19795.9	189297	7335	13156	26840	0	30740	6232	84	74	16.35	57.40	0
KSB1_3I/qc/KSB1_3I.ont.qc.fastq.gz	FASTQ	DNA	35512	393385877	2520	11077.5	180219	3907	6063	12458	0	18938	5264	84	74	16.45	56.92	0
KSB1_3J/qc/KSB1_3J.ont.qc.fastq.gz	FASTQ	DNA	19743	332203763	4168	16826.4	144967	6904	11207	21186	0	24784	3854	87	77	17.38	57.14	0
KSB1_4A/qc/KSB1_4A.ont.qc.fastq.gz	FASTQ	DNA	25419	430708239	4248	16944.3	145336	7055	11364	21286	0	24392	4930	86	76	17.11	57.38	0
KSB1_4B/qc/KSB1_4B.ont.qc.fastq.gz	FASTQ	DNA	18941	296320523	3132	15644.4	251616	5672	9829	19909	0	24973	3408	85	75	16.66	57.08	0
KSB1_4C/qc/KSB1_4C.ont.qc.fastq.gz	FASTQ	DNA	22116	352537788	3778	15940.4	115317	6450	10374	19973	0	23625	4168	86	76	17.20	57.30	0
KSB1_4D/qc/KSB1_4D.ont.qc.fastq.gz	FASTQ	DNA	153195	1522569723	2961	9938.8	153033	4489	6763	11491	0	12841	17789	85	75	16.63	56.54	0
KSB1_4G/qc/KSB1_4G.ont.qc.fastq.gz	FASTQ	DNA	25373	536369045	4113	21139.4	233251	7480	13071	28447	0	34684	4630	87	79	16.93	58.10	0
KSB1_4H/qc/KSB1_4H.ont.qc.fastq.gz	FASTQ	DNA	20230	298330790	3264	14746.9	169339	5151	8472	17908	0	25315	3323	91	84	18.91	56.71	0
KSB1_4J/qc/KSB1_4J.ont.qc.fastq.gz	FASTQ	DNA	31373	619466837	4403	19745.2	221148	7484	12529	25309	0	30654	5720	87	79	16.81	56.84	0
KSB1_5A/qc/KSB1_5A.ont.qc.fastq.gz	FASTQ	DNA	26038	531034447	4646	20394.6	279608	7781	12896	26125	0	31594	4841	86	78	16.46	56.86	0
KSB1_5C/qc/KSB1_5C.ont.qc.fastq.gz	FASTQ	DNA	41622	730796747	3941	17557.9	416782	6446	10494	20859	0	28061	6819	87	79	16.95	57.01	0
KSB1_5E/qc/KSB1_5E.ont.qc.fastq.gz	FASTQ	DNA	123397	1257285452	2249	10188.9	364715	3525	5425	10473	0	16910	13976	82	75	15.14	56.67	0
KSB1_5F/qc/KSB1_5F.ont.qc.fastq.gz	FASTQ	DNA	39275	710969089	3965	18102.3	223143	6752	11163	21844	0	28124	6661	88	80	17.42	57.52	0
KSB1_6B/qc/KSB1_6B.ont.qc.fastq.gz	FASTQ	DNA	35525	790512047	4589	22252.3	267296	7939	13741	29518	0	36230	6326	86	79	16.52	56.56	0
KSB1_6C/qc/KSB1_6C.ont.qc.fastq.gz	FASTQ	DNA	108492	1618752161	3635	14920.5	419874	6142	9782	17608	0	20978	16033	84	77	15.77	56.83	0
KSB1_6D/qc/KSB1_6D.ont.qc.fastq.gz	FASTQ	DNA	39033	620788784	3594	15904.2	186031	5879	9435	18956	0	25466	6374	84	77	15.88	57.48	0
KSB1_6E/qc/KSB1_6E.ont.qc.fastq.gz	FASTQ	DNA	69750	890065344	3295	12760.8	398947	5184	7870	14148	0	18084	10548	84	77	15.68	57.06	0
KSB1_6I.1/qc/KSB1_6I.1.ont.qc.fastq.gz	FASTQ	DNA	49393	675129157	3383	13668.5	141151	5417	8450	16356	0	20543	8095	81	71	15.11	56.77	0
KSB1_6I.2/qc/KSB1_6I.2.ont.qc.fastq.gz	FASTQ	DNA	35273	494716602	3287	14025.4	188455	5306	8498	16965	0	21982	5898	82	72	15.47	56.90	0
KSB1_7B.1/qc/KSB1_7B.1.ont.qc.fastq.gz	FASTQ	DNA	79557	1068855103	3372	13435.1	192400	5599	8897	16606	0	19165	12513	89	82	17.34	57.35	0
KSB1_7B.2/qc/KSB1_7B.2.ont.qc.fastq.gz	FASTQ	DNA	95082	1093101361	2784	11496.4	134427	4496	7059	13493	0	17252	13361	90	83	17.88	50.96	0
KSB1_7C/qc/KSB1_7C.ont.qc.fastq.gz	FASTQ	DNA	84870	1225672587	3452	14441.8	253333	5635	8880	16358	0	21434	12554	84	76	15.57	57.09	0
KSB1_7D/qc/KSB1_7D.ont.qc.fastq.gz	FASTQ	DNA	50608	636854379	3094	12584.1	295747	4764	7958	14560	0	17960	8045	85	77	15.95	56.40	0
KSB1_7H/qc/KSB1_7H.ont.qc.fastq.gz	FASTQ	DNA	24893	335187660	3606	13465.1	123678	5764	9124	16491	0	18726	4801	90	83	18.34	57.32	0
KSB1_8A/qc/KSB1_8A.ont.qc.fastq.gz	FASTQ	DNA	124753	2020962755	3518	16199.7	205662	5807	9487	19820	0	26689	17198	88	81	17.14	57.18	0
KSB1_8B/qc/KSB1_8B.ont.qc.fastq.gz	FASTQ	DNA	28553	445742484	3814	15611.1	187517	5991	9270	17981	0	23969	4765	88	81	17.25	56.85	0
KSB1_8E.1/qc/KSB1_8E.1.ont.qc.fastq.gz	FASTQ	DNA	10137	172033926	4499	16970.9	135909	7137	11596	21646	0	24281	2103	92	85	19.54	57.47	0
KSB1_8E.2/qc/KSB1_8E.2.ont.qc.fastq.gz	FASTQ	DNA	16041	255679212	4265	15939.1	124651	6775	10549	19876	0	23042	3155	92	84	19.35	51.11	0
KSB1_8F/qc/KSB1_8F.ont.qc.fastq.gz	FASTQ	DNA	55138	751726890	2569	13633.6	212784	4817	7880	15316	0	22522	8011	86	79	16.01	56.75	0
KSB1_8I/qc/KSB1_8I.ont.qc.fastq.gz	FASTQ	DNA	78420	787739300	1910	10045.1	238366	2963	4689	9954	0	20537	8694	87	80	16.43	56.96	0
KSB1_9B/qc/KSB1_9B.ont.qc.fastq.gz	FASTQ	DNA	58886	828830882	3006	14075.2	204647	4875	7811	15833	0	24181	8427	86	79	16.07	57.14	0
KSB1_9E/qc/KSB1_9E.ont.qc.fastq.gz	FASTQ	DNA	154133	1388987079	2572	9011.6	142734	3849	5658	9980	0	12406	17664	88	77	16.88	56.46	0
KSB2_10C.1/qc/KSB2_10C.1.ont.qc.fastq.gz	FASTQ	DNA	34672	373723463	2655	10778.8	143473	4274	6782	12548	0	15629	5702	91	85	18.98	56.93	0
KSB2_10C.2/qc/KSB2_10C.2.ont.qc.fastq.gz	FASTQ	DNA	64749	779776043	3111	12043.1	175931	5023	7752	14239	0	17180	10295	89	82	17.58	50.52	0
KSB2_1D/qc/KSB2_1D.ont.qc.fastq.gz	FASTQ	DNA	87404	1102611189	3400	12615.1	149829	5366	8285	15432	0	17976	13354	90	83	17.89	57.48	0
KSB2_3B/qc/KSB2_3B.ont.qc.fastq.gz	FASTQ	DNA	61095	845900820	3198	13845.7	185361	5199	8158	15666	0	21580	9184	88	80	17.07	57.15	0
KSB2_3C/qc/KSB2_3C.ont.qc.fastq.gz	FASTQ	DNA	198164	2965087613	4005	14962.8	153812	6527	10158	18754	0	20925	23996	89	83	17.53	57.25	0
KSB2_4A/qc/KSB2_4A.ont.qc.fastq.gz	FASTQ	DNA	110465	1495497954	3115	13538.2	229760	5227	8424	15941	0	20392	15432	87	80	16.66	52.47	0
KSB2_4B/qc/KSB2_4B.ont.qc.fastq.gz	FASTQ	DNA	46561	614082849	3493	13188.8	171538	5697	8991	16439	0	18380	8298	89	83	17.47	57.27	0
KSB2_4D/qc/KSB2_4D.ont.qc.fastq.gz	FASTQ	DNA	31636	531279192	3934	16793.5	237450	6460	10159	19995	0	26457	5417	87	81	16.80	57.17	0
KSB2_5D/qc/KSB2_5D.ont.qc.fastq.gz	FASTQ	DNA	83523	1074064365	3190	12859.5	210989	5177	7998	14318	0	18348	12372	86	79	16.17	57.18	0
KSB2_6A/qc/KSB2_6A.ont.qc.fastq.gz	FASTQ	DNA	23301	334540471	3735	14357.3	148665	6279	10203	18301	0	19702	4709	90	83	18.21	56.92	0
KSB2_6B.1/qc/KSB2_6B.1.ont.qc.fastq.gz	FASTQ	DNA	39161	554882794	3307	14169.3	165011	5625	9163	17694	0	21262	6855	89	82	17.73	57.27	0
KSB2_6B.2/qc/KSB2_6B.2.ont.qc.fastq.gz	FASTQ	DNA	46195	660975126	3528	14308.4	196604	5732	9111	17580	0	21432	7873	88	81	17.05	51.20	0
KSB2_6D/qc/KSB2_6D.ont.qc.fastq.gz	FASTQ	DNA	62925	874119648	3788	13891.5	126200	6167	9748	17505	0	18919	10894	88	82	17.14	57.33	0
KSB2_7A/qc/KSB2_7A.ont.qc.fastq.gz	FASTQ	DNA	15351	245735902	4079	16007.8	132964	6589	10577	20631	0	23601	3060	92	85	19.28	57.25	0
KSB2_7B/qc/KSB2_7B.ont.qc.fastq.gz	FASTQ	DNA	135839	1465840784	3237	10791.0	212129	5001	7391	12573	0	13929	17432	89	82	17.74	57.09	0
KSB2_7C/qc/KSB2_7C.ont.qc.fastq.gz	FASTQ	DNA	89419	1139095795	3117	12738.9	231544	5012	7755	14160	0	18611	12733	86	79	16.23	57.03	0
KSB2_8A/qc/KSB2_8A.ont.qc.fastq.gz	FASTQ	DNA	64418	947213395	3590	14704.2	244083	5694	8782	16718	0	22457	9972	85	79	16.00	56.87	0
KSB2_8C/qc/KSB2_8C.ont.qc.fastq.gz	FASTQ	DNA	31205	446851359	3403	14319.9	206749	5581	8617	16095	0	21707	5143	87	80	16.64	57.37	0
KSB2_8D/qc/KSB2_8D.ont.qc.fastq.gz	FASTQ	DNA	30483	418153627	3819	13717.6	100808	6524	9987	17223	0	17904	6234	88	81	16.82	56.85	0
KSB2_9B/qc/KSB2_9B.ont.qc.fastq.gz	FASTQ	DNA	43882	377387075	1898	8600.0	113082	3529	5646	10266	0	12105	7020	75	63	13.54	56.70	0
KSB2_9C/qc/KSB2_9C.ont.qc.fastq.gz	FASTQ	DNA	26643	430634297	3967	16163.1	129723	7363	12054	21282	0	21959	5613	78	68	14.34	57.40	0
