library	isolate	resequenced	species	ST	K_locus	K_locus_confidence	O_locus	ont_reads	ont_bases	ont_mean_read_len	ont_read_n50	ont_mean_qual	ont_q20_pct	ont_gc_pct	illumina_raw_read_pairs	illumina_read_pairs	illumina_bases	illumina_read_len	illumina_q30_pct	illumina_gc_pct	illumina_pct_reads_kept	contigs	total_len	mean_contig_len	chromosome_len	chromosome_circular	chromosome_gc_pct	assembly_gc_pct	plasmid_contigs	circular_contigs	single_contig	fully_circular	ont_depth	illumina_depth
INF001.1	INF001	False	Klebsiella variicola subsp. variicola	ST3090	KL3	Typeable	OL3α/β	30641	446886340	14584.6	21312	16.11	84	57.21	3342112.0	3253710.0	813335422.0	124.0	94.16489999999999	56.6603	97.35490611924436	2	5658607	2829303.5	5571684	Y	57.40723989371975	57.3370265862252	1	2	False	True	78.97462043220177	143.73421267813794
INF002	INF002	False	Klebsiella pneumoniae	ST133	KL116	Typeable	OL2α.1	87144	659309449	7565.7	11207	13.53	75	56.76	3656438.0	3560758.0	890011062.0	124.0	94.2855	56.5762	97.38324566148803	3	5627296	1875765.3333333333	5425360	Y	57.402273766164825	57.236015308240404	2	3	False	True	117.16274548202192	158.15963155305852
INF003	INF003	False	Klebsiella pneumoniae	ST323	KL21	Typeable	OL3γ	56726	874671079	15419.2	23077	18.14	89	56.99	2409084.0	2337265.0	584291252.0	124.0	93.6965	56.17379999999999	97.01882541248042	3	5534757	1844919.0	5232791	Y	57.58447069642185	57.233461198025495	2	3	False	True	158.03242653652183	105.5676431684354
INF004	INF004	False	Klebsiella pneumoniae	ST345	KL15	Typeable	OL4	77956	734576260	9423.0	13553	13.49	75	56.9	2361792.0	2293891.0	573446790.0	124.0	93.5863	56.3674	97.12502201718017	3	5366531	1788843.6666666667	5266612	Y	57.368076478768515	57.222049029438196	2	3	False	True	136.88102425943313	106.8561404005679
INF005	INF005	False	Klebsiella variicola subsp. variicola	ST641	KL60	Typeable	OL5	57899	402520655	6952.1	10021	13.76	76	56.65	2358514.0	2291326.0	572778412.0	124.0	93.91080000000001	56.1666	97.15125710510941	8	5985226	748153.25	5570501	Y	57.41244818015471	57.024563483484165	7	7	False	False	67.25237359458106	95.69871079220735
INF006	INF006	False	Klebsiella pneumoniae	ST35	KL22	Typeable	OL2α.1	67579	864227160	12788.4	16835	17.02	86	56.96	2552111.0	2480898.0	620145708.0	124.0	94.0231	56.11469999999999	97.20964331096884	4	5594491	1398622.75	5301918	Y	57.4661848787552	57.10585645771885	3	4	False	True	154.47824654646865	110.84935305106399
INF007	INF007	False	Klebsiella pneumoniae	ST1449	KL107	Typeable	OL2α.2	61484	537069836	8735.1	12392	13.64	76	56.62	2350783.0	2288410.0	571977766.0	124.0	94.03059999999999	56.031600000000005	97.34671383960153	3	5590104	1863368.0	5243601	Y	57.553082318811065	56.952428792022474	2	2	False	False	96.07510629498127	102.31970031326787
INF008	INF008	False	Klebsiella pneumoniae	ST221	KL39	Typeable	OL3γ	109941	908737451	8265.7	11861	13.18	74	56.76	2366071.0	2288166.0	571959486.0	124.0	93.98570000000001	56.652	96.70741072436118	2	5562892	2781446.0	5325685	Y	57.38621416775494	57.1827926912836	1	1	False	False	163.35701843573452	102.81693155286854
INF011	INF011	False	Klebsiella pneumoniae	ST1393	KL8	Typeable	OL2α.1	66297	530582495	8003.1	11416	13.43	75	56.88	3019676.0	2902634.0	725536292.0	124.0	93.7383	56.544200000000004	96.1240212526112	3	5480623	1826874.3333333333	5305410	Y	57.432055204027584	57.26713915553031	2	3	False	True	96.81061715064145	132.38208356969636
INF012	INF012	False	Klebsiella pneumoniae	ST690	KL30	Typeable	OL2α.2	57858	473417399	8182.4	12052	13.47	75	56.93	2458430.0	2378783.0	594674566.0	124.0	93.4726	56.7706	96.76024942748013	1	5310414	5310414.0	5310414	Y	57.34219591918822	57.34219591918822	0	1	True	True	89.14886843097355	111.98271283557176
INF013	INF013	False	Klebsiella pneumoniae	ST1583	KL102	Typeable	OL2α.2	66406	645522026	9720.8	13386	13.89	76	57.1	2373985.0	2299927.0	574953102.0	124.0	93.5805	56.826	96.8804352175772	1	5282748	5282748.0	5282748	Y	57.380174106355256	57.380174106355256	0	1	True	True	122.19436285811854	108.83598876948133
INF014	INF014	False	Klebsiella pneumoniae	ST25	KL2	Typeable	OL2α.2	93442	736160331	7878.3	11612	13.49	75	56.97	2450998.0	2377423.0	594257314.0	124.0	93.8248	56.7115	96.99816156520731	4	5528502	1382125.5	5348706	Y	57.49755174429105	57.33285436091006	3	2	False	False	133.15728763415478	107.48975292041135
INF016	INF016	False	Klebsiella pneumoniae	ST27	KL109	Typeable	OL2α.2	64359	472517673	7341.9	10631	13.4	75	56.75	4020199.0	3913401.0	978283420.0	124.0	92.1157	55.70349999999999	97.34346483843213	5	5544953	1108990.6	5194052	Y	57.39122365351752	57.113721252461474	4	5	False	True	85.21581210877711	176.4277208481298
INF017	INF017	False	Klebsiella pneumoniae	ST35	KL22	Typeable	OL2α.1	72815	1178127238	16179.7	23958	14.82	79	57.27	2624357.0	2547662.0	636834962.0	124.0	93.6744	56.54860000000001	97.07756985806428	2	5424616	2712308.0	5313584	Y	57.45523172307053	57.32040756433266	1	2	False	True	217.1816840122877	117.39724286474839
INF019	INF019	False	Klebsiella pneumoniae	ST20	KL28	Typeable	OL2α.2	119978	1640096967	13670.0	19794	14.46	77	56.47	2924044.0	2849523.0	712333278.0	124.0	94.2174	54.97880000000001	97.45144053919846	3	5769326	1923108.6666666667	5330523	Y	57.23978679015173	56.72558631632187	2	2	False	False	284.2787817849087	123.46906345732586
INF020	INF020	False	Klebsiella pneumoniae	ST20	KL28	Typeable	OL2α.2	35206	429006247	12185.6	17204	16.77	87	57.03	2334736.0	2255485.0	563849564.0	124.0	93.2487	56.3508	96.60556910931257	5	5701558	1140311.6	5295211	Y	57.48037235909957	57.09684966810826	4	4	False	False	75.2436872518003	98.89394512868238
INF023	INF023	False	Klebsiella pneumoniae	ST2997	KL158	Typeable	OL13	30959	394922616	12756.3	18348	17.28	88	57.21	2691132.0	2614914.0	653688318.0	124.0	94.0203	56.5657	97.16780893690833	3	5480651	1826883.6666666667	5281715	Y	57.45512584454102	57.21639637335054	2	2	False	False	72.05761067435238	119.27202042239142
INF024	INF024	False	Klebsiella pneumoniae	ST1138	KL71	Typeable	OL5	37951	447123664	11781.6	17009	16.62	87	57.27	2642678.0	2557966.0	639447604.0	124.0	93.6863	56.3669	96.79446379770823	5	5678198	1135639.6	5280118	Y	57.71978959561131	57.333206767358234	4	5	False	True	78.74393672076951	112.6145308775777
INF025	INF025	False	Klebsiella pneumoniae	ST491	KL118	Typeable	OL13	40287	549954310	13650.9	19705	17.55	88	57.32	2707743.0	2627169.0	656755200.0	124.0	93.6142	56.631299999999996	97.02431139144298	3	5445572	1815190.6666666667	5120583	Y	57.66931226385746	57.304209732237496	2	3	False	True	100.99110065939813	120.60352888548715
INF027	INF027	False	Klebsiella pneumoniae	ST215	KL16	Typeable	OL2α.1	48741	750343586	15394.5	22450	10.78	55	57.3	3177163.0	3100659.0	775035116.0	124.0	94.395	56.5066	97.59206562584293	2	5508201	2754100.5	5311909	Y	57.47978739846635	57.276232294355275	1	2	False	True	136.22298568988313	140.70567068994032
INF028	INF028	False	Klebsiella pneumoniae	ST45	KL24	Typeable	OL2α.1	33239	434485175	13071.5	18519	16.7	87	57.25	2278196.0	2208757.0	552144668.0	124.0	93.5106	56.47879999999999	96.9520181757847	2	5452935	2726467.5	5283163	Y	57.51637797281666	57.252543813560955	1	2	False	True	79.6791406829533	101.25641842420642
INF030	INF030	False	Klebsiella pneumoniae	ST3038	KL24	Typeable	OL2α.1	20216	287546796	14223.7	20462	16.2	86	57.21	2559203.0	2479785.0	619922586.0	124.0	93.4987	56.4724	96.89676825167835	4	5479628	1369907.0	5231104	Y	57.58522483972791	57.328161692728045	3	4	False	True	52.47560527831451	113.13223926879708
INF033	INF033	False	Klebsiella pneumoniae	ST27	KL22	Typeable	OL2α.1	24310	333748812	13728.9	20670	16.89	87	57.16	2768709.0	2695968.0	673956432.0	124.0	94.1071	56.0205	97.37274664834766	4	5540704	1385176.0	5226329	Y	57.449999799094165	57.18903229625694	3	2	False	False	60.23581335512599	121.63732839725782
INF034_v2	INF034	True	Klebsiella pneumoniae	ST15-1LV	KL24	Typeable	OL2α.1	111736	1363107430	12199.4	17096	18.69	90	57.14	6058778.0	6010486.0	1639802720.0	136.0	94.3963	58.8982	99.20294158326976	2	5498261	2749130.5	5369948	Y	57.38528566757071	57.26443324534794	1	2	False	True	247.91610110905975	298.2402472345347
INF035_v2	INF035	True	Klebsiella quasipneumoniae subsp. similipneumoniae	ST5872	KL7	Typeable	OL12	50560	678828504	13426.2	19684	18.64	90	57.77	5482909.0	5435134.0	1532928074.0	141.0	94.1601	59.560900000000004	99.12865597441066	10	5378601	537860.1	5123688	Y	58.051290398634734	58.00683114438122	9	1	False	False	126.20912092196465	285.0049806631873
INF036	INF036	False	Klebsiella variicola subsp. variicola	ST360	KL53	Typeable	OL3α/β	59044	912268727	15450.7	21886	16.62	85	57.46	2820395.0	2739446.0	684792456.0	124.0	94.2075	57.0843	97.12987010684674	1	5512260	5512260.0	5512260	Y	57.507555884519235	57.507555884519235	0	1	True	True	165.49813089368064	124.23079753132109
INF038	INF038	False	Klebsiella pneumoniae	ST60	KL5	Typeable	OL2α.1	54951	842706396	15335.6	20872	16.7	85	57.51	2689627.0	2609031.0	652214632.0	124.0	93.60549999999999	57.077999999999996	97.00345066434862	1	5281190	5281190.0	5281190	Y	57.58916077626444	57.58916077626444	0	1	True	True	159.5675209564511	123.49766473086558
INF039	INF039	False	Klebsiella pneumoniae	ST2931	KL22	Typeable	OL3α/β	82050	1068041343	13017.0	17663	17.14	88	57.4	2969631.0	2894172.0	723421128.0	124.0	94.1466	57.079800000000006	97.45897722646349	1	5233614	5233614.0	5233614	Y	57.620107252846694	57.620107252846694	0	1	True	True	204.07338848451568	138.22592342499848
INF040	INF040	False	Klebsiella pneumoniae	ST20	KL28	Typeable	OL2α.2	25356	386843306	15256.5	21535	16.67	85	57.23	2946858.0	2870202.0	717503218.0	124.0	94.1591	56.238600000000005	97.39872094278041	3	5661409	1887136.3333333333	5357722	Y	57.445571084128666	57.193059183676716	2	3	False	True	68.3298638201197	126.73580340159137
INF041	INF041	False	Klebsiella pneumoniae	ST1263	KL10	Typeable	OL3α/β	35095	370291025	10551.1	13300	16.64	85	57.39	2760614.0	2644348.0	661038228.0	124.0	93.4436	56.7697	95.78840069636682	3	5390571	1796857.0	5262330	Y	57.52871826738346	57.40295415828861	2	3	False	True	68.69235652401203	122.62860984485688
INF045	INF045	False	Klebsiella pneumoniae	ST1547	KL2	Typeable	OL2α.2	84736	789718505	9319.8	16024	15.73	83	56.99	2694536.0	2602300.0	650549946.0	124.0	93.7285	56.4071	96.57692456140872	4	5563734	1390933.5	5258393	Y	57.381466162761136	57.086158324607176	3	3	False	False	141.94037763128145	116.92685991098783
INF046	INF046	False	Klebsiella pneumoniae	ST182	KL47	Typeable	OL13	53247	772918353	14515.7	21232	16.76	85	57.14	2830320.0	2743818.0	685914046.0	124.0	93.5779	56.077	96.9437378105656	4	5680946	1420236.5	5360578	Y	57.491468270772295	57.15035840861716	3	4	False	True	136.05451504027675	120.73940607779056
INF047	INF047	False	Klebsiella variicola subsp. variicola	ST3077	KL120	Typeable	OL5	44340	620881955	14002.8	19444	16.09	84	57.4	2860636.0	2772826.0	693120620.0	124.0	93.7094	56.7996	96.93040288942738	2	5586301	2793150.5	5479294	Y	57.60864447134978	57.452310571879316	1	2	False	True	111.14366286385213	124.0750578960926
INF048	INF048	False	Klebsiella variicola subsp. variicola	ST616	KL54	Typeable	OL5	49487	787666657	15916.6	23239	18.07	89	57.02	2889677.0	2787813.0	696924070.0	124.0	93.6969	56.655699999999996	96.47490013589754	2	5755387	2877693.5	5576981	Y	57.38154747165178	57.202634679475075	1	2	False	True	136.85728813718347	121.09073985815377
INF050	INF050	False	Klebsiella pneumoniae	ST323	KL21	Typeable	OL3γ	40884	512442775	12534.1	17341	16.68	87	57.03	2874233.0	2782590.0	695618534.0	124.0	93.6624	56.0308	96.81156677277033	3	5581830	1860610.0	5228916	Y	57.59017739049547	57.26202696964974	2	3	False	True	91.805514499725	124.6219490740492
INF051	INF051	False	Klebsiella pneumoniae	ST882	KL16	Typeable	OL2α.1	75933	1054747182	13890.5	20299	18.24	90	57.42	3003663.0	2913476.0	728311476.0	124.0	93.8777	57.0487	96.99743280121638	1	5249916	5249916.0	5249916	Y	57.551301773209325	57.551301773209325	0	1	True	True	200.90743966189174	138.72821508001272
INF052	INF052	False	Klebsiella pneumoniae	ST3071	KL35	Typeable	OL5	30656	493627155	16102.1	22355	16.65	85	57.41	2825252.0	2753103.0	688124236.0	124.0	94.2523	56.9954	97.44628089812873	1	5343665	5343665.0	5343665	Y	57.47789204600213	57.47789204600213	0	1	True	True	92.37614165558657	128.77383518615034
INF053	INF053	False	Klebsiella pneumoniae	ST113	KL114	Typeable	OL3α/β	249639	1776062537	7114.5	9356	15.86	82	56.87	2695568.0	2590637.0	647614816.0	124.0	93.7403	56.6991	96.10727683367661	5	5563966	1112793.2	5280992	Y	57.59309993273991	57.277362945783636	4	3	False	False	319.20801403171765	116.39445963544709
INF054	INF054	False	Klebsiella pneumoniae	ST1322	KL139	Typeable	OL2α.1	58175	841008263	14456.5	20742	17.72	89	57.2	2761100.0	2672711.0	668075562.0	124.0	93.61930000000001	56.8543	96.79877585020463	5	5582999	1116599.8	5315156	N	57.483750241761484	57.33080016672043	4	2	False	False	150.6373658673412	119.66248999865485
INF055	INF055	False	Klebsiella pneumoniae	ST268	KL20	Typeable	OL2α.1	25856	395670840	15302.9	22545	17.05	88	56.9	2927454.0	2850445.0	712517364.0	124.0	94.2527	56.710899999999995	97.36942066382598	3	5381688	1793896.0	5281850	Y	57.345002224599334	57.23958728190858	2	3	False	True	73.52169802485763	132.39663168879355
INF056	INF056	False	Klebsiella pneumoniae	ST3042	KL18	Typeable	OL2α.1	91752	1168840798	12739.1	18229	17.85	89	56.99	2839327.0	2729365.0	682298866.0	124.0	93.2449	56.2241	96.12718084250247	2	5601366	2800683.0	5365855	Y	57.338075665481085	57.130153608958956	1	2	False	True	208.67067033291522	121.80937042857046
INF057	INF057	False	Klebsiella pneumoniae	ST27	KL142	Typeable	OL2α.1	185307	2189192307	11813.9	15594	18.01	90	56.46	3070069.0	2986137.0	746460078.0	124.0	94.0793	55.469199999999994	97.26612007743148	6	6027236	1004539.3333333334	5233048	Y	57.38567656937219	56.45566226376402	5	6	False	True	363.2166231752	123.84782643321084
INF060	INF060	False	Klebsiella pneumoniae	ST603	KL22	Typeable	OL3γ	47098	637291369	13531.2	19630	16.02	84	57.41	2805454.0	2721585.0	680356950.0	124.0	93.86529999999999	56.90539999999999	97.01050168707097	2	5359179	2679589.5	5252804	Y	57.55714471737381	57.438014292860906	1	2	False	True	118.91585800735523	126.9517121932296
INF062	INF062	False	Klebsiella pneumoniae	ST230	KL167	Typeable	OL13	82216	1061626425	12912.6	18302	16.95	88	56.71	2878047.0	2786183.0	696509572.0	124.0	93.8367	56.2825	96.8081132795955	3	5815831	1938610.3333333333	5537724	Y	57.117472810129215	56.864289901133645	2	3	False	True	182.54079683539635	119.76097173387603
INF063	INF063	False	Klebsiella pneumoniae	ST110	KL108	Typeable	OL2α.2	129648	1831456647	14126.4	18989	17.52	89	57.2	2657726.0	2577868.0	644405660.0	124.0	93.811	56.669599999999996	96.99525082721094	2	5437984	2718992.0	5296344	Y	57.470643900773815	57.3212793564674	1	2	False	True	336.78963509271085	118.50083781048271
INF066	INF066	False	Klebsiella pneumoniae	ST3070	KL166	Typeable	OL3γ	57594	837885439	14548.1	20757	16.11	84	57.47	4071948.0	3930905.0	982660430.0	124.0	90.6807	56.9295	96.53622786931464	1	5280133	5280133.0	5280133	Y	57.522016964345404	57.522016964345404	0	1	True	True	158.68642683811186	186.10524204598633
INF067	INF067	False	Klebsiella pneumoniae	ST45	KL24	Typeable	OL2α.1	86368	791204520	9160.9	12500	16.21	84	57.0	2999053.0	2886588.0	721588620.0	124.0	93.7387	56.703199999999995	96.24998291127233	4	5478237	1369559.25	5330567	Y	57.48478538962178	57.31154019075845	3	4	False	True	144.42685119318497	131.71913153812076
INF068	INF068	False	Klebsiella pneumoniae	ST584	KL60	Typeable	OL3γ	139003	1891531534	13607.8	17794	18.65	90	57.1	3001962.0	2950500.0	737587210.0	124.0	94.8497	56.5381	98.28572113837551	2	5491207	2745603.5	5259842	Y	57.48600433244953	57.3055796293966	1	2	False	True	344.4655308022444	134.3215089141604
INF070	INF070	False	Klebsiella pneumoniae	ST323	KL21	Typeable	OL3γ	111316	1732472106	15563.5	21547	17.0	87	56.92	3064776.0	3004584.0	751113270.0	124.0	94.3152	56.3349	98.03600654664484	3	5656328	1885442.6666666667	5228905	Y	57.589973426558714	57.21529939565032	2	3	False	True	306.2891872607105	132.79167509380645
INF071.1	INF071	False	Klebsiella pneumoniae	ST607	KL48	Typeable	OL2α.1	11573	184099299	15907.7	21879	19.48	92	57.17	2688331.0	2639636.0	659869818.0	124.0	94.662	56.5875	98.18865310856438	3	5557593	1852531.0	5309911	Y	57.478383347668164	57.1812833361493	2	3	False	True	33.12572529150659	118.73302309111156
INF072	INF072	False	Klebsiella pneumoniae	ST133	KL116	Typeable	OL2α.1	87693	1130957267	12896.8	17889	16.96	88	57.03	2695487.0	2643489.0	660746168.0	124.0	94.8828	56.472199999999994	98.07092373289132	2	5602433	2801216.5	5362697	Y	57.43611843070753	57.22993920676963	1	2	False	True	201.86894997227097	117.9391467956868
INF074	INF074	False	Klebsiella pneumoniae	ST111	KL63	Typeable	OL2α.2	230125	3922231034	17043.9	22767	15.75	82	57.23	2389281.0	2345892.0	586426580.0	124.0	94.6495	56.4531	98.18401435410904	13	5933570	456428.46153846156	5282075	N	57.42078633870212	56.876298754375526	12	2	False	False	661.0238075896973	98.83199827422614
INF077_v2	INF077	True	Klebsiella pneumoniae	ST37	KL14	Typeable	OL3γ	52991	816481433	15407.9	22023	18.87	91	57.22	5618682.0	5574538.0	1516005329.0	136.0	94.4042	59.012600000000006	99.21433531920832	1	5345091	5345091.0	5345091	Y	57.36381288924735	57.36381288924735	0	1	True	True	152.75351401875105	283.6257285423204
INF080	INF080	False	Klebsiella pneumoniae	ST1694	KL63	Typeable	OL2α.2	100976	1138549616	11275.4	14400	16.71	87	56.89	2900879.0	2837867.0	709413850.0	124.0	94.5275	56.381800000000005	97.82783080576611	2	5706614	2853307.0	5503677	Y	57.121884151268326	56.95503498221537	1	2	False	True	199.51404037490533	124.31432194292448
INF081	INF081	False	Klebsiella variicola subsp. variicola	ST3080	KL105	Typeable	OL3α/β	83090	852997945	10266.0	12811	16.49	86	57.05	2322212.0	2281644.0	570370400.0	124.0	94.6647	56.444700000000005	98.25304494163323	2	5700940	2850470.0	5480114	Y	57.55440489011725	57.21752903907075	1	2	False	True	149.62408743119556	100.04848323258972
INF082	INF082	False	Klebsiella pneumoniae	ST3041	KL30	Typeable	OL2α.2	58981	673943895	11426.5	14522	16.41	86	56.92	2326636.0	2288760.0	572144164.0	124.0	95.0116	56.05	98.37207023359048	3	5654691	1884897.0	5315182	Y	57.48497417397937	57.13656148496885	2	3	False	True	119.1831516523184	101.18044717209128
INF083	INF083	False	Klebsiella pneumoniae	ST3046	KL22	Typeable	OL3γ	23119	315399222	13642.4	19068	16.03	84	57.23	2336310.0	2291956.0	572962620.0	124.0	94.47189999999999	56.6794	98.10153618312638	2	5484834	2742417.0	5302829	Y	57.44418686704776	57.26341034204499	1	2	False	True	57.50387741907959	104.46307399640536
INF084_v2	INF084	True	Klebsiella pneumoniae	ST661	KL47	Typeable	OL13	78079	1051413810	13466.0	20247	18.46	90	57.29	5946052.0	5895481.0	1570819720.0	133.0	94.4692	58.9844	99.14950289704832	2	5344839	2672419.5	5116465	Y	57.62681851629983	57.32213823465964	1	2	False	True	196.715712110318	293.894674844275
INF087	INF087	False	Klebsiella pneumoniae	ST3050	KL36	Typeable	OL4	85407	959057709	11229.3	14261	16.95	87	57.18	2270586.0	2230067.0	557450756.0	124.0	94.8225	56.4225	98.21548269917986	4	5448026	1362006.5	5188784	Y	57.64682052673613	57.311932799145964	3	4	False	True	176.03765272045325	102.32160345783959
INF088	INF088	False	Klebsiella pneumoniae	ST111	KL113	Typeable	OL2α.2	77991	981611644	12586.2	17309	16.45	86	57.14	2359779.0	2311582.0	577858804.0	124.0	94.3848	56.511900000000004	97.95756297517691	3	5533885	1844628.3333333333	5321153	Y	57.4177438611519	57.24097989025793	2	3	False	True	177.3820099261188	104.42190323796031
INF089	INF089	False	Klebsiella quasipneumoniae subsp. quasipneumoniae	ST3091	KL11	Typeable	OL3α/β	94024	1086458205	11555.1	14671	16.85	87	57.75	2364844.0	2317242.0	579175492.0	124.0	94.4041	57.2775	97.98709766902172	2	5479625	2739812.5	5301454	Y	58.11328363879041	57.88952711180053	1	2	False	True	198.27236444099734	105.69619125396355
INF090	INF090	False	Klebsiella pneumoniae	ST185	KL130	Typeable	OL2α.2	39041	471825132	12085.4	15562	17.14	87	57.15	2381753.0	2334921.0	583694384.0	124.0	94.4995	56.7941	98.03371718226029	1	5396249	5396249.0	5396249	Y	57.392700003280055	57.392700003280055	0	1	True	True	87.43575991396987	108.16668837927976
INF091.2	INF091	False	Klebsiella pneumoniae	ST45	KL24	Typeable	OL2α.1	76058	1026955171	13502.3	20621	17.31	89	57.14	2205186.0	2164695.0	541133092.0	124.0	94.7588	56.6999	98.16382835733584	2	5604333	2802166.5	5348836	Y	57.398394716158805	57.27587921702725	1	1	False	False	183.2430676406987	96.55619892679468
INF092.1	INF092	False	Klebsiella pneumoniae	ST2415	KL131	Typeable	OL4	53799	909536827	16906.2	24712	15.87	83	57.39	2218869.0	2174431.0	543582696.0	124.0	94.4535	56.855999999999995	97.99726797751467	1	5342855	5342855.0	5342855	Y	57.4326834623062	57.4326834623062	0	1	True	True	170.23423375704562	101.74011759630385
INF093.1	INF093	False	Klebsiella pneumoniae	ST323	KL21	Typeable	OL3γ	24197	340737472	14081.8	20558	15.66	83	57.14	2322258.0	2279679.0	569877464.0	124.0	94.4682	55.528200000000005	98.16648279390145	4	5812778	1453194.5	5228897	Y	57.5901380348475	56.78580878196277	3	4	False	True	58.61869694662346	98.0387456737553
INF097	INF097	False	Klebsiella pneumoniae	ST1307	KL127	Typeable	OL13	74576	769210364	10314.4	13346	17.87	90	56.97	2365189.0	2307085.0	576731444.0	124.0	94.4506	56.5875	97.54336757020263	2	5566424	2783212.0	5458111	Y	57.210928836002054	57.12717895726233	1	1	False	False	138.1875264981611	103.60896762445692
INF098	INF098	False	Klebsiella pneumoniae	ST611	KL71	Typeable	OL3γ	76601	808762119	10558.1	13364	17.93	90	57.2	2486126.0	2436224.0	609008184.0	124.0	94.4547	56.611599999999996	97.99278073597235	3	5434556	1811518.6666666667	5317468	Y	57.49048231225839	57.31461779030339	2	2	False	False	148.818435029467	112.0621784005906
INF099	INF099	False	Klebsiella pneumoniae	ST1583	KL102	Typeable	OL2α.2	30879	367707312	11908.0	15942	15.74	83	57.22	2353831.0	2291829.0	572928586.0	124.0	94.55980000000001	56.911500000000004	97.36591114655215	2	5338552	2669276.0	5337998	Y	57.35459248954383	57.35278030447208	1	2	False	True	68.87772414692223	107.31909813747248
INF100	INF100	False	Klebsiella pneumoniae	ST22	KL9	Typeable	OL2α.2	82957	885608144	10675.5	13748	18.37	90	57.07	2822961.0	2764585.0	691069502.0	124.0	94.4507	56.38999999999999	97.93210037262293	2	5306810	2653405.0	5073547	Y	57.698923455326224	57.14943629035145	1	2	False	True	166.8814493075878	130.22314761598776
INF101	INF101	False	Klebsiella pneumoniae	ST133	KL116	Typeable	OL2α.1	44370	449471220	10130.1	13390	17.5	89	57.19	2261326.0	2215055.0	553675668.0	124.0	94.418	56.5838	97.95381117096782	3	5525351	1841783.6666666667	5329919	Y	57.523688446297214	57.350148434008986	2	3	False	True	81.34708908085658	100.20642453302966
INF103	INF103	False	Klebsiella variicola subsp. variicola	ST3087	KL46	Typeable	OL5	102061	1062168144	10407.2	13273	17.73	89	57.08	2353048.0	2304858.0	576172852.0	124.0	94.4596	56.35679999999999	97.95201797838378	5	5764594	1152918.8	5514456	Y	57.4735386409829	57.25234075461342	4	4	False	False	184.25723372712804	99.95029172913131
INF104.2	INF104	False	Klebsiella pneumoniae	ST45	KL24	Typeable	OL2α.1	19791	281394447	14218.3	20275	16.31	87	57.14	2439999.0	2389943.0	597434816.0	124.0	94.2892	56.7017	97.94852374939498	2	5556783	2778391.5	5348837	Y	57.39857094168321	57.2534144306157	1	2	False	True	50.63981209991464	107.51451262358094
INF106	INF106	False	Klebsiella pneumoniae	ST690	KL30	Typeable	OL2α.2	63169	696751258	11030.0	13760	18.17	90	57.15	2580262.0	2529165.0	632261360.0	124.0	94.6056	56.8374	98.01969722454541	2	5323826	2661913.0	5108881	N	57.38773324334625	57.32514548747461	1	0	False	False	130.874160425228	118.76071081211144
INF107	INF107	False	Klebsiella pneumoniae	ST3064	KL54	Typeable	OL2α.2	105229	1091210924	10369.9	12754	17.94	90	57.32	2593179.0	2536771.0	634156062.0	124.0	94.1392	56.9729	97.82475486651713	1	5184092	5184092.0	5184092	Y	57.466418420043475	57.466418420043475	0	1	True	True	210.49219882671835	122.32731633620699
INF108	INF108	False	Klebsiella pneumoniae	ST247	KL10	Typeable	OL3γ	55557	583985625	10511.5	13360	17.48	89	57.13	2939428.0	2876067.0	718966902.0	124.0	94.20870000000001	56.8499	97.84444456540524	1	5229290	5229290.0	5229290	Y	57.37964427293189	57.37964427293189	0	1	True	True	111.67589194709034	137.48843571498233
INF109	INF109	False	Klebsiella pneumoniae	ST229	KL63	Typeable	OL2α.1	100787	1333386958	13229.8	17964	16.1	85	57.41	2691054.0	2632073.0	657986748.0	124.0	94.192	57.1391	97.80825654186054	1	5177297	5177297.0	5177297	Y	57.631347013702324	57.631347013702324	0	1	True	True	257.54500041237736	127.09078656294975
INF110	INF110	False	Klebsiella pneumoniae	ST520	KL2	Typeable	OL2α.2	43026	466492067	10842.1	13937	17.63	89	57.14	2574795.0	2517370.0	629289816.0	124.0	94.1309	56.470200000000006	97.76972535677598	2	5495432	2747716.0	5291815	Y	57.51057056983284	57.298552688851395	1	2	False	True	84.88724216767672	114.51143713542447
INF112	INF112	False	Klebsiella variicola subsp. variicola	ST2988	KL137	Typeable	OL3α/β	65547	672749205	10263.6	13207	17.58	89	57.18	2581703.0	2518816.0	629660466.0	124.0	94.0514	56.6708	97.56412724469081	2	5710595	2855297.5	5492026	Y	57.582793672134834	57.30385362646099	1	2	False	True	117.80719960004167	110.26179688806508
INF113	INF113	False	Klebsiella pneumoniae	ST321	KL3	Typeable	OL2α.2	36713	355706624	9688.8	12691	18.05	90	56.96	2455006.0	2405951.0	601362352.0	124.0	94.34169999999999	56.54670000000001	98.00183787738197	5	5593361	1118672.2	5323523	Y	57.480488015173414	57.23047377060054	4	3	False	False	63.59443347211096	107.51359549294244
INF114	INF114	False	Klebsiella variicola subsp. variicola	ST2989	KL55	Typeable	OL3α/β	123888	1172035679	9460.4	12301	17.19	88	57.08	2415954.0	2366020.0	591435738.0	124.0	94.285	56.6342	97.9331560120764	2	5687816	2843908.0	5577312	Y	57.38782409877733	57.22746657064856	1	2	False	True	206.06075847038653	103.98292384985731
INF117.1	INF117	False	Klebsiella pneumoniae	ST3045	KL146	Typeable	OL2α.2	22021	348521395	15826.8	23141	15.79	83	57.53	2911813.0	2842740.0	710662312.0	124.0	93.96470000000001	56.5818	97.62783530398416	1	5150294	5150294.0	5150294	Y	57.598673007793344	57.598673007793344	0	1	True	True	67.67019416755626	137.9848047509521
INF118	INF118	False	Klebsiella pneumoniae	ST3073	KL132	Typeable	OL2α.1	114868	996200133	8672.6	11946	17.7	89	56.66	3099053.0	3033514.0	758332498.0	124.0	94.1883	55.2062	97.88519267014794	5	5841966	1168393.2	5472606	Y	57.30531304464454	56.88478844279477	4	4	False	False	170.52480842921716	129.80775615606117
INF120	INF120	False	Klebsiella pneumoniae	ST309	KL42	Typeable	OL4	93577	934781180	9989.4	12934	17.69	89	57.09	2841451.0	2779259.0	694774664.0	124.0	94.087	56.6724	97.81125910670288	2	5477101	2738550.5	5328182	Y	57.38689106340587	57.24714588976906	1	2	False	True	170.6707946411797	126.85080373723252
INF123	INF123	False	Klebsiella variicola subsp. variicola	ST360	KL53	Typeable	OL3α/β	112650	1026252559	9110.1	11564	17.93	89	57.23	2733942.0	2667510.0	666824892.0	124.0	94.46369999999999	56.7843	97.57010207239217	1	5488183	5488183.0	5488183	Y	57.4484852272601	57.4484852272601	0	1	True	True	186.99313761949992	121.50194189953214
INF126	INF126	False	Klebsiella pneumoniae	ST1621	KL46	Typeable	OL3γ	144737	1352235186	9342.7	11791	17.21	88	57.16	3109916.0	3045071.0	761213402.0	124.0	94.1974	56.746300000000005	97.91489545055236	3	5457142	1819047.3333333333	5340111	Y	57.421840107817985	57.30254041401158	2	2	False	False	247.79182693065346	139.48938876796683
INF128	INF128	False	Klebsiella pneumoniae	ST27	KL169	Typeable	OL15	95107	771102075	8107.7	10400	17.73	89	56.59	2905305.0	2850046.0	712483968.0	124.0	94.6214	55.80349999999999	98.09799659588236	8	5799595	724949.375	5237976	Y	57.347723624545054	56.90623224552749	7	8	False	True	132.9579177511533	122.85064181205756
INF129	INF129	False	Klebsiella pneumoniae	ST1193	KL22	Typeable	OL2α.1	75684	677229156	8948.1	11177	17.73	89	57.01	2733431.0	2651025.0	662644096.0	124.0	94.0959	56.5535	96.98525406348286	2	5430502	2715251.0	5235873	Y	57.43130133217517	57.14466176423469	1	2	False	True	124.70838902186206	122.02262258627287
INF130	INF130	False	Klebsiella pneumoniae	ST1441	KL10	Typeable	OL3γ	120454	1044009557	8667.3	10576	17.59	89	57.03	2619978.0	2559701.0	639885664.0	124.0	94.33500000000001	56.34590000000001	97.69933182645045	6	5694360	949060.0	5201810	Y	57.659910684934665	57.11189668373619	5	5	False	False	183.34098248091092	112.37183177740782
INF131_v2	INF131	True	Klebsiella pneumoniae	ST3066	KL13	Typeable	OL3γ	100805	1077594811	10689.9	17575	18.45	90	57.24	4322913.0	4284633.0	1225421377.0	143.0	94.0689	58.7739	99.11448599590138	1	5328701	5328701.0	5328701	Y	57.472018039668576	57.472018039668576	0	1	True	True	202.2246718290255	229.96624824699302
INF132	INF132	False	Klebsiella pneumoniae	ST3075	KL133	Typeable	OL2α.1	117028	1083989191	9262.6	11776	17.66	89	57.55	2897756.0	2833444.0	708286008.0	124.0	94.2042	57.2885	97.78062749244587	1	5152616	5152616.0	5152616	Y	57.72027257610503	57.72027257610503	0	1	True	True	210.37647497892334	137.46143861681134
INF136.2	INF136	False	Klebsiella variicola subsp. variicola	ST616	KL54	Typeable	OL5	8818	139044936	15768.3	25371	16.22	86	56.8	2345574.0	2281809.0	570435600.0	124.0	94.0984	56.1425	97.28147566437896	6	6140520	1023420.0	5660135	Y	57.30036474395045	56.8886348387433	5	3	False	False	22.643837329737547	92.8969533524848
INF137	INF137	False	Klebsiella pneumoniae	ST3047	KL168	Typeable	OL3γ	97308	1000209664	10278.8	13805	17.97	90	57.24	4182046.0	4030274.0	1007508798.0	124.0	91.2907	56.903800000000004	96.37086727405676	1	5264630	5264630.0	5264630	Y	57.41683651082792	57.41683651082792	0	1	True	True	189.98669688088242	191.37314455146895
INF138	INF138	False	Klebsiella pneumoniae	ST458	KL142	Typeable	OL2α.1	11124	163661517	14712.5	21066	14.83	80	57.36	2342128.0	2295366.0	573772574.0	124.0	94.67410000000001	56.9992	98.0034396070582	1	5212186	5212186.0	5212186	Y	57.45447303684097	57.45447303684097	0	1	True	True	31.399784466632617	110.08290456250026
INF139	INF139	False	Klebsiella pneumoniae	ST889	KL54	Typeable	OL2α.1	71222	774114342	10869.0	13987	18.33	90	56.88	2401897.0	2351316.0	587787022.0	124.0	94.51570000000001	56.3513	97.8941228537277	2	5537783	2768891.5	5439887	Y	57.122179192325135	56.98560236108926	1	2	False	True	139.78777102678094	106.14121607870875
INF143	INF143	False	Klebsiella pneumoniae	ST280	KL23	Typeable	OL2α.2	104627	993550074	9496.1	11819	17.11	87	57.21	1684531.0	1594344.0	857487642.0	268.0	76.499	57.8466	94.64616560930016	2	5457117	2728558.5	5347816	Y	57.46652465230666	57.36092885675715	1	2	False	True	182.06501234992763	157.13198782434023
INF147	INF147	False	Klebsiella pneumoniae	ST412	KL57	Typeable	OL3γ	116174	1518476642	13070.7	17736	17.88	89	57.09	2770623.0	2706892.0	676674854.0	124.0	94.5203	56.462500000000006	97.699759223828	3	5680729	1893576.3333333333	5405957	N	57.43582496124183	57.103991406736704	2	1	False	False	267.30312993279557	119.1176086731122
INF149	INF149	False	Klebsiella pneumoniae	ST629	KL134	Typeable	OL3α/β	100737	1437720590	14272.0	20709	18.12	89	57.29	3313250.0	3245856.0	811412152.0	124.0	94.5166	56.8917	97.96592469629518	1	5312134	5312134.0	5312134	N	57.41929702827527	57.41929702827527	0	0	True	False	270.64840420064706	152.74692844721162
INF150	INF150	False	Klebsiella pneumoniae	ST176	KL13	Typeable	OL3γ	100779	666139170	6609.9	12405	13.87	76	57.32	2801538.0	2730696.0	682652200.0	124.0	93.99380000000001	57.015499999999996	97.47131754057949	1	5306383	5306383.0	5306383	Y	57.54750458080391	57.54750458080391	0	1	True	True	125.53544853434062	128.6473667656481
INF152	INF152	False	Klebsiella variicola subsp. variicola	ST3094	KL103	Typeable	OL3α/β	35145	596297642	16966.8	22175	19.06	90	57.45	2754973.0	2689392.0	672285398.0	124.0	94.29729999999999	57.071600000000004	97.61954109895088	1	5439828	5439828.0	5439828	Y	57.561066269007036	57.561066269007036	0	1	True	True	109.6170029640643	123.58578212399362
INF153	INF153	False	Klebsiella pneumoniae	ST3046	KL22	Typeable	OL3γ	33350	502613343	15070.9	22066	17.48	88	57.12	2331142.0	2273263.0	568286868.0	124.0	94.1511	56.6231	97.51713966802537	2	5484743	2742371.5	5302738	Y	57.44406003087462	57.26328471543699	1	2	False	True	91.63844924000998	103.6123056267176
INF155	INF155	False	Klebsiella pneumoniae	ST882	KL16	Typeable	OL2α.1	37392	539776091	14435.6	21890	17.7	88	57.02	2805919.0	2750732.0	687636700.0	124.0	94.7801	56.1191	98.0331934029457	3	5501628	1833876.0	5253964	Y	57.49180999336882	57.16576984121791	2	3	False	True	98.11206628292571	124.98785813944527
INF159	INF159	False	Klebsiella pneumoniae	ST12	KL122	Typeable	OL2α.2	68868	830652180	12061.5	16328	17.41	88	57.12	3097398.0	3029198.0	757239032.0	124.0	94.81960000000001	56.3235	97.7981518681164	2	5546815	2773407.5	5363989	Y	57.43593061059596	57.25431621570216	1	2	False	True	149.75299879300104	136.5178092292604
INF160	INF160	False	Klebsiella pneumoniae	ST3056	KL30	Typeable	OL2α.1	18848	366010097	19419.0	27533	18.75	90	57.08	4697647.0	4618705.0	1154491442.0	124.0	95.32770000000001	57.0106	98.31954167692889	3	5458829	1819609.6666666667	5183175	Y	57.50336425067647	57.15822935651584	2	3	False	True	67.04919626535288	211.49067721300668
INF162	INF162	False	Klebsiella pneumoniae	ST20	KL28	Typeable	OL2α.2	87856	1559387953	17749.4	23741	18.55	90	57.2	2591350.0	2535486.0	633840532.0	124.0	94.5385	56.7137	97.84421247612248	2	5398043	2699021.5	5203405	Y	57.51843264170289	57.303507956494606	1	2	False	True	288.88023919038807	117.42043033002886
INF165	INF165	False	Klebsiella pneumoniae	ST54	KL14	Typeable	OL3γ	154675	1648281118	10656.4	13857	17.91	89	57.0	2554230.0	2520898.0	630176244.0	124.0	100.0	56.276700000000005	98.69502746424558	3	5747229	1915743.0	5339356	Y	57.43743252931627	57.00308792289293	2	3	False	True	286.7957963742179	109.64870966512731
INF166	INF166	False	Klebsiella pneumoniae	ST2370	KL15	Typeable	OL4	62620	1028320027	16421.6	22126	18.81	90	57.06	2167612.0	2118196.0	529521614.0	124.0	94.4457	56.435199999999995	97.72025620821438	2	5395974	2697987.0	5230981	Y	57.35868664023058	57.184541660134016	1	2	False	True	190.57171643154692	98.13272154387697
INF167_v2	INF167	True	Klebsiella pneumoniae	ST17	KL25	Typeable	OL5	250489	1565931977	6251.5	8452	18.05	89	56.72	5571495.0	5523840.0	1455836784.0	131.0	94.4238	58.468399999999995	99.14466404439024	2	5573835	2786917.5	5308053	Y	57.423277423944334	57.14749360180199	1	2	False	True	280.9433678966098	261.1912236368676
INF169	INF169	False	Klebsiella variicola subsp. variicola	ST1688	KL57	Typeable	OL3α/β	78259	1027092468	13124.3	18672	17.93	89	57.11	3447021.0	3382328.0	845486198.0	124.0	95.1138	56.869499999999995	98.12322002099783	3	5717439	1905813.0	5551636	Y	57.450524494041034	57.29591518160491	2	3	False	True	179.64205092524818	147.87848160688728
INF170	INF170	False	Klebsiella pneumoniae	ST2116	KL28	Typeable	OL2α.2	49952	812540343	16266.4	22566	18.48	90	56.73	2238229.0	2186823.0	546656848.0	124.0	94.6255	55.8346	97.70327343627484	3	5853874	1951291.3333333333	5327771	Y	57.5456978162162	56.86415525855186	2	3	False	True	138.80386612352777	93.38377423224347
INF172	INF172	False	Klebsiella pneumoniae	ST540	KL9	Typeable	OL2α.2	42928	643763978	14996.4	20393	18.47	90	57.41	2291385.0	2236964.0	559210672.0	124.0	94.2278	56.7893	97.62497354220264	2	5264344	2632172.0	5092292	Y	57.60726211301316	57.46801500813777	1	2	False	True	122.28759708712045	106.22608856868017
INF173	INF173	False	Klebsiella pneumoniae	ST256	KL47	Typeable	OL13	157260	2030708565	12913.1	18533	17.49	88	57.35	2267776.0	2219568.0	554861024.0	124.0	94.4456	56.9989	97.87421685386917	1	5218084	5218084.0	5218084	Y	57.48038935364015	57.48038935364015	0	1	True	True	389.16747315681386	106.33424529003366
INF175	INF175	False	Klebsiella pneumoniae	ST1165	KL45	Typeable	OL2α.2	28379	403260563	14209.8	20051	16.06	84	57.45	2158270.0	2106405.0	526572028.0	124.0	94.2136	56.9732	97.59691790183804	1	5322804	5322804.0	5322804	Y	57.49995678969205	57.49995678969205	0	1	True	True	75.76092657178434	98.92756299123545
INF176	INF176	False	Klebsiella pneumoniae	ST37	KL14	Typeable	OL3γ	76850	957519956	12459.6	16731	15.85	83	57.03	2103603.0	2046235.0	511531016.0	124.0	93.7294	56.4152	97.27286945302892	3	5589474	1863158.0	5391043	Y	57.31041284590013	57.07914555108405	2	3	False	True	171.30770373026155	91.51684326646837
INF180	INF180	False	Klebsiella pneumoniae	ST661	KL28	Typeable	OL2α.1	21876	322555726	14744.7	21328	15.32	82	57.09	2113751.0	2060703.0	515145444.0	124.0	94.0095	56.0387	97.49033826595469	3	5576685	1858895.0	5070595	Y	57.73170604238753	56.91985471655652	2	3	False	True	57.84004762686076	92.37485065052087
INF181	INF181	False	Klebsiella variicola subsp. variicola	ST347	KL14	Untypeable	OL5	27721	369011753	13311.6	18659	15.85	83	56.9	2298073.0	2244973.0	561173574.0	124.0	94.39410000000001	55.9264	97.68936844042813	3	5888712	1962904.0	5426551	Y	57.516053935547646	56.82140678640762	2	3	False	True	62.66425544329558	95.29648826432673
INF183	INF183	False	Klebsiella pneumoniae	ST36	KL51	Typeable	OL2α.1	49200	888378482	18056.5	24296	18.89	90	56.93	2301861.0	2252582.0	563018418.0	124.0	94.3895	56.2592	97.85916699574823	3	5634921	1878307.0	5270995	Y	57.57339932972807	56.961472929256686	2	3	False	True	157.65588940821	99.91593812938993
INF184	INF184	False	Klebsiella pneumoniae	ST3062	KL124	Typeable	OL3α/β	62399	888647814	14241.4	19033	18.39	89	57.17	2140750.0	2090899.0	522704952.0	124.0	94.2731	56.7086	97.67133014130562	2	5317698	2658849.0	5168662	Y	57.63907564472198	57.47481334968627	1	2	False	True	167.1113730038825	98.29534358664219
INF186	INF186	False	Klebsiella quasipneumoniae subsp. similipneumoniae	ST480	KL52	Typeable	OL10	70287	1058020471	15052.9	21831	17.45	86	58.2	2409912.0	2350430.0	587580182.0	124.0	94.0166	57.215	97.53177709393537	1	5109232	5109232.0	5109232	N	58.12229704973272	58.12229704973272	0	0	True	False	207.0801386588043	115.00362128789611
INF187_v2	INF187	True	Klebsiella pneumoniae	ST23	KL1	Typeable	OL2α.2	103295	1449492264	14032.6	18984	18.84	91	57.2	5204782.0	5161020.0	1450559922.0	140.0	94.3299	58.6724	99.15919629294753	2	5683419	2841709.5	5459437	Y	57.44099620528637	57.149613639254824	1	2	False	True	255.03878281717397	255.22663769818837
INF189	INF189	False	Klebsiella variicola subsp. variicola	ST3083	KL53	Typeable	OL3α/β	37937	546065326	14394.0	19709	15.52	82	57.35	2403117.0	2346291.0	586534760.0	124.0	94.20309999999999	56.84780000000001	97.63532112668672	2	5581859	2790929.5	5430323	Y	57.597421000555585	57.381259540952215	1	2	False	True	97.82857754020658	105.0787488541004
INF191	INF191	False	Klebsiella pneumoniae	ST86	KL2	Typeable	OL2α.1	30963	316274115	10214.6	13966	14.85	80	56.84	2827369.0	2758706.0	689619638.0	124.0	94.25	56.545500000000004	97.57148783904753	3	5480309	1826769.6666666667	5226414	Y	57.553056455152614	57.225988534588105	2	3	False	True	57.711000419866835	125.83590414336126
INF193	INF193	False	Klebsiella variicola subsp. variicola	ST681	KL10	Typeable	OL2α.2	76897	1032775713	13430.6	18065	17.45	88	56.9	2069944.0	2012797.0	503157458.0	124.0	93.8304	56.011	97.2392006740279	3	5717687	1905895.6666666667	5397979	Y	57.26947066670693	57.03057897363042	2	3	False	True	180.62823533362354	88.00017524568939
INF195	INF195	False	Klebsiella quasipneumoniae subsp. similipneumoniae	ST414	KL123	Typeable	OL3α/β	64923	901477790	13885.3	18816	17.1	87	57.71	2305440.0	2252470.0	563100188.0	124.0	94.2255	57.4013	97.70239086681934	2	5269782	2634891.0	5087419	Y	58.09014354823143	57.878542224327305	1	2	False	True	171.06548050754282	106.85455071955538
INF196	INF196	False	Klebsiella pneumoniae	ST66	KL2	Typeable	OL2α.2	49268	859078682	17436.8	23345	17.16	87	56.95	2341094.0	2311822.0	577919236.0	124.0	95.9311	57.2961	98.74964439702123	3	5672371	1890790.3333333333	5416446	Y	57.434450560385905	57.09427327655402	2	3	False	True	151.4496639941217	101.8831871187551
INF197	INF197	False	Klebsiella pneumoniae	ST27	KL38	Typeable	OL2α.1	66358	632274482	9528.2	15105	16.85	87	56.9	2231845.0	2173660.0	543390780.0	124.0	94.0249	56.2634	97.3929641171318	5	5719792	1143958.4	5316143	Y	57.40744746708281	57.11048583584858	4	4	False	False	110.54151654465757	95.00184272435081
INF198	INF198	False	Klebsiella pneumoniae	ST1010	KL142	Typeable	OL2α.1	41032	561457506	13683.4	18302	15.65	82	56.99	2308819.0	2257741.0	564358200.0	124.0	94.4079	56.3137	97.78770011854546	3	5656734	1885578.0	5344844	Y	57.44017973209321	57.03458921702877	2	3	False	True	99.25471234815001	99.76749834798666
INF199	INF199	False	Klebsiella pneumoniae	ST629	KL10	Typeable	OL3α/β	159530	1949935664	12223.0	15643	16.81	87	57.38	2601369.0	2537530.0	634345094.0	124.0	94.1393	56.9883	97.54594599997155	1	5251143	5251143.0	5251143	Y	57.495044412235586	57.495044412235586	0	1	True	True	371.3354719153525	120.80133677563151
INF200	INF200	False	Klebsiella pneumoniae	ST292	KL143	Typeable	OL2α.2	73525	973224012	13236.6	17156	16.71	86	57.29	2501732.0	2439915.0	609936784.0	124.0	94.0889	56.9853	97.52903188670889	1	5182582	5182582.0	5182582	Y	57.465757415898096	57.465757415898096	0	1	True	True	187.78747967711848	117.68975078445455
INF202_v2	INF202	True	Klebsiella pneumoniae	ST292	KL143	Typeable	OL2α.2	90228	1349430296	14955.8	21902	18.68	90	57.29	4605735.0	4556976.0	1323120259.0	145.0	94.0012	58.4615	98.94134160997105	1	5182582	5182582.0	5182582	Y	57.465757415898096	57.465757415898096	0	1	True	True	260.3779922826113	255.30136503387695
INF203	INF203	False	Klebsiella variicola subsp. variicola	ST3088	KL16	Typeable	OL5	195770	2447105697	12499.9	18062	17.52	88	57.05	2415525.0	2355605.0	588851108.0	124.0	94.2966	56.501999999999995	97.51937984496124	2	5868654	2934327.0	5642374	Y	57.334731799061885	57.14496032650758	1	2	False	True	416.97903761237245	100.33835833565925
INF204	INF204	False	Klebsiella pneumoniae	ST253	KL15	Typeable	OL4	118064	1479903307	12534.8	16052	15.23	81	56.92	2301298.0	2249126.0	562230798.0	124.0	94.29729999999999	55.740199999999994	97.73293158904235	4	5594021	1398505.25	5149944	Y	57.54843159459598	56.78841749074592	3	4	False	True	264.55090300876594	100.50566453004019
INF205	INF205	False	Klebsiella pneumoniae	ST3049	KL55	Typeable	OL3α/β	69607	1026399017	14745.6	21134	17.09	87	57.17	2269569.0	2217030.0	554211766.0	124.0	94.2186	56.6991	97.68506707661234	2	5324840	2662420.0	5213790	unknown	57.4840950632841	57.30915858504669	1	0	False	False	192.75678086102118	104.08045424839057
INF207	INF207	False	Klebsiella quasipneumoniae subsp. similipneumoniae	ST1308	KL144	Typeable	OL4	160992	1800380309	11183.0	15156	17.29	88	57.62	2637615.0	2580223.0	645027768.0	124.0	94.4338	56.8049	97.82409487358845	3	5432257	1810752.3333333333	5136894	Y	58.09625427349679	57.73233851049389	2	3	False	True	331.4239935628966	118.74028934934411
INF209	INF209	False	Klebsiella variicola subsp. variicola	ST681	KL10	Typeable	OL2α.2	90724	1185206914	13063.9	17608	17.64	88	56.72	2823779.0	2760969.0	690186916.0	124.0	94.4071	56.2137	97.77567578765903	3	5715403	1905134.3333333333	5397980	Y	57.26946005728069	57.0343333619694	2	3	False	True	207.37066380096033	120.75909887719203
INF211	INF211	False	Klebsiella pneumoniae	ST281	KL64	Typeable	OL2α.1	202381	2357223477	11647.5	15557	17.35	88	57.11	2500306.0	2439705.0	609884424.0	124.0	94.123	56.60380000000001	97.57625666618407	4	5568505	1392126.25	5302281	Y	57.46888933272303	57.23189617320987	3	3	False	False	423.31352436605516	109.52390704506865
INF212	INF212	False	Klebsiella variicola subsp. variicola	ST681	KL10	Typeable	OL2α.2	66115	596459270	9021.5	10393	16.62	86	56.8	2289299.0	2236977.0	559201400.0	124.0	94.2632	56.21119999999999	97.71449688310702	3	5569917	1856639.0	5397980	Y	57.26944153183228	57.11754771211133	2	3	False	True	107.08584526483968	100.39672045382363
INF213	INF213	False	Klebsiella pneumoniae	ST323	KL21	Typeable	OL3γ	82256	1026210264	12475.8	16110	14.95	80	57.16	2353327.0	2296077.0	573997990.0	124.0	93.9709	56.170500000000004	97.56727390626122	3	5526624	1842208.0	5228684	Y	57.589787411134424	57.26202831963962	2	3	False	True	185.68483472007503	103.86051050333802
INF216	INF216	False	Klebsiella variicola subsp. variicola	ST3079	KL53	Typeable	OL3α/β	89402	1378334151	15417.3	20820	16.59	83	57.56	2612190.0	2551746.0	637892356.0	124.0	94.3021	56.9969	97.68607949651442	4	5411185	1352796.25	5339494	N	57.67083922184387	57.602207279921124	3	0	False	False	254.71946551448528	117.88404129594534
INF217	INF217	False	Klebsiella variicola subsp. variicola	ST919	KL67	Typeable	OL10	54310	673368843	12398.6	16411	18.07	89	57.03	2699935.0	2640857.0	660127406.0	124.0	94.39840000000001	56.332499999999996	97.81187324880044	3	5699102	1899700.6666666667	5518623	Y	57.32825018124993	57.176148101929044	2	3	False	True	118.1534990951206	115.83007393094562
INF218	INF218	False	Klebsiella variicola subsp. variicola	ST3081	KL15	Typeable	OL4	89924	1072449321	11926.2	15103	16.21	86	56.95	2715956.0	2655742.0	663886630.0	124.0	94.3458	56.319900000000004	97.78295377391976	4	5903727	1475931.75	5652041	Y	57.261244212488904	57.109009274988495	3	3	False	False	181.6563199822756	112.45212219331958
INF219	INF219	False	Klebsiella variicola subsp. variicola	ST594	KL19	Typeable	OL5	46230	656440211	14199.4	19425	16.16	85	57.37	2985379.0	2916902.0	729154228.0	124.0	94.3015	57.127300000000005	97.70625438177196	1	5449097	5449097.0	5449097	Y	57.60923323625914	57.60923323625914	0	1	True	True	120.46770519959546	133.8119376476506
INF220	INF220	False	Klebsiella pneumoniae	ST1877	KL14	Typeable	OL3γ	16594	271589583	16366.7	22997	18.1	89	57.28	2843022.0	2747212.0	686765148.0	124.0	93.9539	56.9387	96.62999442142903	2	5349232	2674616.0	5165259	Y	57.668279557714335	57.5099004866493	1	2	False	True	50.7716963855746	128.38574733718784
INF221	INF221	False	Klebsiella quasipneumoniae subsp. similipneumoniae	ST1822	KL48	Typeable	OL5	77357	891392179	11523.1	14557	16.8	87	57.53	2458187.0	2396456.0	599091120.0	124.0	94.3205	57.1794	97.48875899189117	2	5362514	2681257.0	5220699	Y	57.96986189014153	57.78494937262634	1	2	False	True	166.22654579549817	111.7183321106481
INF224	INF224	False	Klebsiella pneumoniae	ST336	KL25	Typeable	OL5	77623	1147947842	14788.8	20221	17.65	88	56.99	2703691.0	2634929.0	658686416.0	124.0	94.5284	56.653600000000004	97.45673599534858	2	5577522	2788761.0	5356959	Y	57.367118172829024	57.18073366631275	1	2	False	True	205.81682008605256	118.0966056252221
INF225	INF225	False	Klebsiella pneumoniae	ST86	KL2	Typeable	OL2α.1	99856	1635567151	16379.3	21594	16.75	87	57.1	2790475.0	2727754.0	681819236.0	124.0	94.3132	56.7784	97.75231815371934	2	5429643	2714821.5	5225182	Y	57.59818509671051	57.33748977603132	1	2	False	True	301.229224646998	125.57349276922994
INF226_v2	INF226	True	Klebsiella pneumoniae	ST336	KL25	Typeable	OL5	44015	580012502	13177.6	19274	18.59	90	57.13	4060386.0	4017674.0	1120581129.0	139.0	94.1295	57.7319	98.94808030566551	2	5577522	2788761.0	5356959	Y	57.367136840136354	57.18075159542177	1	2	False	True	103.99107381378326	200.91021227706497
INF227_v2	INF227	True	Klebsiella pneumoniae	ST86	KL2	Typeable	OL2α.1	71564	1132626583	15826.8	22900	18.53	90	57.33	4700922.0	4650257.0	1300033054.0	139.0	93.8361	58.3453	98.92223270243582	2	5429643	2714821.5	5225182	Y	57.59818509671051	57.33747135861419	1	2	False	True	208.60056232057983	239.4325103878837
INF229_v2	INF229	True	Klebsiella pneumoniae	ST3068	KL119	Typeable	OL4	49047	757623841	15446.9	22343	18.39	90	56.87	5228486.0	5169623.0	1446113551.0	139.0	93.92779999999999	58.146100000000004	98.87418652359402	2	5518833	2759416.5	5454650	Y	57.118330232003885	57.05903766249133	1	2	False	True	137.2797185564412	262.0324896585927
INF230	INF230	False	Klebsiella quasipneumoniae subsp. similipneumoniae	ST3093	KL47	Typeable	OL3α/β	49514	803953845	16236.9	23282	16.66	86	57.79	2622757.0	2558639.0	639641390.0	124.0	94.3017	57.4176	97.55532060347184	2	5248055	2624027.5	5140504	Y	58.07150427273279	57.96995267770631	1	2	False	True	153.1908192654231	121.8816094724617
INF233	INF233	False	Klebsiella pneumoniae	ST180	KL55	Typeable	OL2α.1	66436	851398647	12815.3	18890	16.69	86	57.2	2544160.0	2462626.0	615608604.0	124.0	94.1259	56.763799999999996	96.79524872649519	2	5444821	2722410.5	5322555	Y	57.49203155251566	57.32838600203753	1	2	False	True	156.36852836851753	113.06314826511284
INF234	INF234	False	Klebsiella pneumoniae	ST134	KL25	Typeable	OL5	69133	1014407001	14673.3	21089	17.03	87	56.84	2778127.0	2726617.0	681508610.0	124.0	95.1242	56.5637	98.14587310083377	3	5571396	1857132.0	5312458	Y	57.46095310306453	57.14101097821803	2	3	False	True	182.07411589483138	122.32277332287994
INF238	INF238	False	Klebsiella variicola subsp. variicola	ST347	KL103	Typeable	OL3α/β	27922	433795157	15536.0	23449	15.06	82	57.01	2501114.0	2433762.0	608400218.0	124.0	94.3197	56.7428	97.30711994735147	2	5585038	2792519.0	5481454	Y	57.51193022873128	57.40156109949476	1	2	False	True	77.67094100344528	108.93394422741618
INF239	INF239	False	Klebsiella pneumoniae	ST564	KL28	Typeable	OL2α.1	64133	1085215661	16921.3	24135	16.39	86	57.48	2463716.0	2406609.0	601617268.0	124.0	94.5304	57.01310000000001	97.68207861620414	1	5147685	5147685.0	5147685	Y	57.68952451441765	57.68952451441765	0	1	True	True	210.81625254847566	116.87142239666957
INF241	INF241	False	Klebsiella pneumoniae	ST3072	KL39	Typeable	OL2α.1	76463	916177315	11982.0	16516	16.24	85	56.98	2709612.0	2638239.0	659486948.0	124.0	94.1762	56.469100000000005	97.36593283466415	3	5481865	1827288.3333333333	5238076	Y	57.47810837414348	57.15604087295109	2	3	False	True	167.12876274771452	120.30339090802127
INF243	INF243	False	Klebsiella pneumoniae	ST3072	KL39	Typeable	OL2α.1	77919	1083218114	13901.8	19257	16.44	86	56.68	2704297.0	2630967.0	657673688.0	124.0	94.1689	56.1689	97.28838955188724	2	5542131	2771065.5	5358020	Y	57.26777802247845	57.00074574202595	1	2	False	True	195.45155356306086	118.66801560627131
INF244	INF244	False	Klebsiella variicola subsp. variicola	ST681	KL10	Typeable	OL2α.2	86070	1275819737	14823.0	20486	16.68	86	56.74	1726404.0	1660352.0	908599206.0	273.0	77.7329	57.680699999999995	96.17401257179664	4	5699678	1424919.5	5383447	Y	57.2777998928939	57.04229256459751	3	3	False	False	223.8406690693755	159.41237487451045
INF245	INF245	False	Klebsiella variicola subsp. variicola	ST681	KL10	Typeable	OL2α.2	74880	940306263	12557.5	16510	15.19	81	56.92	2585686.0	2523437.0	630813968.0	124.0	94.47449999999999	56.052800000000005	97.59255377489765	3	5715403	1905134.3333333333	5397980	Y	57.26946005728069	57.0343333619694	2	3	False	True	164.5214279727956	110.37086413678965
INF246	INF246	False	Klebsiella pneumoniae	ST29	KL30	Typeable	OL2α.2	105744	930941352	8803.7	12072	15.91	84	56.54	3030163.0	2938660.0	734624596.0	124.0	94.2555	56.258300000000006	96.98026145788197	7	5700299	814328.4285714285	5355101	Y	57.38705955312514	57.06862043552452	6	6	False	False	163.3144773633804	128.87474779831726
INF248	INF248	False	Klebsiella pneumoniae	ST3063	KL20	Typeable	OL2α.1	60502	942009928	15569.9	24422	16.0	85	57.21	3140788.0	3076292.0	768950240.0	124.0	94.2588	56.9633	97.94650259743733	1	5221932	5221932.0	5221932	Y	57.47321106441064	57.47321106441064	0	1	True	True	180.3949051806879	147.25397419958745
INF251_v2	INF251	True	Klebsiella pneumoniae	ST2623	KL52	Typeable	OL10	32571	428134040	13144.6	18580	18.66	90	57.01	5942557.0	5879270.0	1643361610.0	139.0	94.0835	58.223400000000005	98.93502073265768	2	5587854	2793927.0	5360125	Y	57.28595881625895	57.098055890508235	1	2	False	True	76.61868760350575	294.0953020605048
INF252	INF252	False	Klebsiella pneumoniae	ST485	KL28	Typeable	OL2α.1	104288	1396526999	13391.1	20047	15.05	82	56.78	3028451.0	2957141.0	739165982.0	124.0	93.9275	56.470600000000005	97.64533089688425	3	5581923	1860641.0	5435104	Y	57.20731378829181	57.06769871243297	2	2	False	False	250.18743522617564	132.42138632152395
INF253	INF253	False	Klebsiella pneumoniae	ST101	KL17	Typeable	OL2α.1	70609	1006753240	14258.1	20741	15.89	84	56.89	3378467.0	3308918.0	827191872.0	124.0	94.1937	56.383799999999994	97.94140360110073	3	5505425	1835141.6666666667	5308777	Y	57.35654370111986	57.15998310757117	2	3	False	True	182.86567158757043	150.25032072909903
INF254.1	INF254	False	Klebsiella pneumoniae	ST86	KL2	Typeable	OL2α.1	4734	76639141	16189.1	22509	18.57	91	57.08	1772155.0	1723158.0	430727216.0	124.0	92.0658	55.6349	97.23517412415957	2	5452971	2726485.5	5235376	Y	57.589006023636124	57.3070166703619	1	2	False	True	14.054566033818995	78.98945657330655
INF255.1_v2	INF255	True	Klebsiella pneumoniae	ST29	KL30	Typeable	OL2α.2	180773	1135222158	6279.8	8551	18.44	90	56.68	7868424.0	7795268.0	2136559112.0	137.0	94.1565	58.0622	99.07025854224429	8	5690260	711282.5	5357250	Y	57.38530029399412	57.09208366577274	7	5	False	False	199.50268669621423	375.4765356943268
INF256	INF256	False	Klebsiella pneumoniae	ST3043	KL10	Typeable	OL2α.2	78633	1103549298	14034.2	21635	16.07	85	57.03	2827993.0	2763675.0	690867850.0	124.0	94.0514	56.3456	97.72566622336052	2	5518204	2759102.0	5281433	Y	57.501799227595995	57.278455091547904	1	2	False	True	199.9834181556173	125.19795389949338
INF257.2_v2	INF257	True	Klebsiella pneumoniae	ST1536	KL30	Typeable	OL2α.1	58192	371718821	6387.8	9646	18.02	89	57.16	5105474.0	5057722.0	1422358140.0	140.0	94.3463	58.006899999999995	99.06469017372333	3	5353078	1784359.3333333333	5178307	Y	57.44346559599499	57.253042081583715	2	3	False	True	69.44020262734823	265.70846529790896
INF258	INF258	False	Klebsiella pneumoniae	ST3074	KL13	Typeable	OL3γ	99162	1375347086	13869.7	20683	16.53	86	56.91	2612216.0	2547657.0	636798238.0	124.0	93.7028	56.5416	97.5285734410937	2	5660299	2830149.5	5448177	Y	57.31098677594358	57.11913805260111	1	2	False	True	242.98134886513947	112.50257945737495
INF259	INF259	False	Klebsiella variicola subsp. variicola	ST3086	KL53	Typeable	OL3α/β	74590	1037689801	13911.9	21053	15.73	84	57.03	2718804.0	2661621.0	665345824.0	124.0	94.1029	56.3623	97.89675901609678	4	5788536	1447134.0	5469284	Y	57.57660417707327	57.11983133559159	3	3	False	False	179.26636389581063	114.94198602202698
INF260	INF260	False	Klebsiella pneumoniae	ST323	KL21	Typeable	OL3γ	69471	1028038946	14798.1	21202	15.9	84	57.07	2798918.0	2734356.0	683560968.0	124.0	94.0998	56.4588	97.69332291978543	4	5550992	1387748.0	5228897	Y	57.590176283831944	57.315178980621845	3	3	False	False	185.19914026177662	123.14212810971445
INF261	INF261	False	Klebsiella pneumoniae	ST29	KL30	Typeable	OL2α.2	96738	1076850312	11131.6	17183	16.43	86	56.81	2779039.0	2724819.0	681172298.0	124.0	94.17410000000001	56.2746	98.04896584754658	5	5682663	1136532.6	5357255	Y	57.385396065709024	57.099444397811375	4	4	False	False	189.4974789108557	119.86850144025784
INF264	INF264	False	Klebsiella pneumoniae	ST1017	KL58	Typeable	OL3γ	18783	326863068	17402.1	24639	17.9	89	56.94	2720028.0	2663355.0	665806464.0	124.0	94.0532	56.6037	97.91645527178397	4	5589095	1397273.75	5247378	Y	57.508302241614764	57.12212800104489	3	4	False	True	58.4822888141998	119.12598801773811
INF265	INF265	False	Klebsiella pneumoniae	ST1507	KL114	Typeable	OL3γ	35269	479892892	13606.6	18455	15.41	82	57.08	2869350.0	2813109.0	703247646.0	124.0	94.3171	56.3178	98.0399393590883	2	5452722	2726361.0	5343343	Y	57.295554487144095	57.13573881081779	1	2	False	True	88.0097852045272	128.97185038958523
INF267	INF267	False	Klebsiella variicola subsp. variicola	ST3078	KL64	Typeable	OL3α/β	99776	1474386733	14777.0	21093	18.85	90	57.0	1368425.0	1350376.0	337560878.0	124.0	95.9589	58.1097	98.68103842008148	2	5747744	2873872.0	5536514	Y	57.486028211975984	57.21051598679412	1	2	False	True	256.5157273879978	58.729281958277895
INF268	INF268	False	Klebsiella pneumoniae	ST3098	KL24	Typeable	OL2α.1	83558	1103822398	13210.3	15797	15.19	81	57.16	2817052.0	2753667.0	688364256.0	124.0	93.8736	56.6198	97.74995278752398	2	5546000	2773000.0	5305957	Y	57.49364346525989	57.30209159754778	1	2	False	True	199.03036386584927	124.11905084745763
INF269	INF269	False	Klebsiella pneumoniae	ST13	KL3	Typeable	OL2α.2	227471	2034341256	8943.3	11040	17.27	88	56.85	2709367.0	2652351.0	663045470.0	124.0	94.1725	56.517799999999994	97.89559701583433	3	5516781	1838927.0	5381333	Y	57.33768937919285	57.1966152000596	2	3	False	True	368.75512296029154	120.18702029317458
INF271	INF271	False	Klebsiella pneumoniae	ST37	KL15	Typeable	OL4	64514	823725534	12768.2	16861	15.09	81	57.22	2757723.0	2700322.0	675057650.0	124.0	94.1202	56.700799999999994	97.91853641573138	2	5426887	2713443.5	5315081	Y	57.41775148864147	57.23782345200849	1	2	False	True	151.78601175959625	124.39132231793292
INF273	INF273	False	Klebsiella pneumoniae	ST500	KL34	Typeable	OL2α.1	53704	708894780	13200.0	17804	15.67	83	57.17	2601344.0	2547707.0	636897660.0	124.0	94.2517	56.605799999999995	97.93810430300644	3	5502626	1834208.6666666667	5266876	Y	57.49634128466286	57.24341432617808	2	3	False	True	128.82845027083434	115.74431189762852
INF275	INF275	False	Klebsiella pneumoniae	ST1464	KL109	Typeable	OL13	34053	462105568	13570.2	18235	18.36	90	57.21	1739030.0	1645881.0	925969080.0	281.0	77.10979999999999	57.912699999999994	94.64362316923803	2	5366345	2683172.5	5255807	Y	57.50546015102914	57.35781057684513	1	2	False	True	86.11178893641761	172.55116471266757
INF280	INF280	False	Klebsiella pneumoniae	ST3055	KL47	Typeable	OL2α.1	46033	625692549	13592.3	18787	18.89	91	57.51	4840095.0	4681219.0	1170070380.0	124.0	91.229	57.0809	96.71750244571646	1	5165182	5165182.0	5165182	Y	57.63624592511938	57.63624592511938	0	1	True	True	121.13659286352349	226.53032942498444
INF282	INF282	False	Klebsiella pneumoniae	ST29	KL30	Typeable	OL2α.2	123444	1540803834	12481.8	16332	17.8	89	56.96	2619819.0	2567203.0	641765062.0	124.0	94.2815	56.2832	97.99161697811948	3	5683760	1894586.6666666667	5356167	Y	57.38601877051257	57.104276042619674	2	3	False	True	271.0888274663251	112.9120620856616
INF283	INF283	False	Klebsiella pneumoniae	ST111	KL63	Typeable	OL2α.2	113385	1416108615	12489.4	16936	18.36	90	56.74	2549182.0	2480009.0	619958710.0	124.0	94.3746	56.2299	97.28646287318834	5	5545350	1109070.0	5271369	Y	57.47064946506306	57.1164128504062	4	4	False	False	255.36866293380942	111.79794061691327
INF284	INF284	False	Klebsiella pneumoniae	ST3072	KL39	Typeable	OL2α.1	104560	1404514287	13432.6	17586	16.41	84	56.95	2620614.0	2563594.0	640827050.0	124.0	94.1325	56.0267	97.824174029445	2	5542131	2771065.5	5358020	Y	57.26777802247845	57.00074574202595	1	2	False	True	253.4249527844073	115.62827547742917
INF286	INF286	False	Klebsiella pneumoniae	ST3096	KL58	Typeable	OL3γ	121146	1340875584	11068.3	14147	15.3	81	57.5	2588230.0	2528861.0	632160240.0	124.0	93.9542	56.996500000000005	97.70619303539485	2	5236911	2618455.5	5150803	Y	57.68446201495184	57.596071424547794	1	1	False	False	256.0432254815864	120.71242761238447
INF287	INF287	False	Klebsiella variicola subsp. variicola	ST3082	KL57	Typeable	OL3α/β	51458	661882045	12862.6	19174	16.46	86	57.28	2417926.0	2360629.0	590084180.0	124.0	93.8608	56.771499999999996	97.63032450124611	3	5648230	1882743.3333333333	5450314	Y	57.656201092267345	57.41230438562169	2	3	False	True	117.18397533386565	104.47240639988102
INF288	INF288	False	Klebsiella variicola subsp. variicola	ST3084	KL125	Typeable	OL5	67843	889090643	13105.1	19578	15.78	84	56.22	2607124.0	2548861.0	637158032.0	124.0	93.9738	55.516799999999996	97.76523863076709	3	6202799	2067599.6666666667	5627574	Y	57.2861769565358	56.552437053014295	2	3	False	True	143.33700688995404	102.72105093200666
INF289	INF289	False	Klebsiella pneumoniae	ST29	KL30	Typeable	OL2α.2	81748	1114700425	13635.8	18865	17.91	89	56.98	2761970.0	2695477.0	673835516.0	124.0	93.663	56.2846	97.59255169317552	3	5669698	1889899.3333333333	5354962	Y	57.38709256947108	57.11032580571311	2	3	False	True	196.6066667042936	118.84857288695095
INF292	INF292	False	Klebsiella pneumoniae	ST661	KL28	Typeable	OL2α.1	66723	806889257	12093.1	17010	17.81	88	56.93	2526507.0	2470022.0	617461966.0	124.0	93.9313	56.073499999999996	97.76430463085993	3	5576681	1858893.6666666667	5070592	Y	57.731720477608924	56.91985967997811	2	3	False	True	144.6898714486269	110.72212414516807
INF293	INF293	False	Klebsiella pneumoniae	ST3040	KL38	Typeable	OL3γ	75726	879558161	11615.0	17148	15.92	85	56.97	1851642.0	1761732.0	961450018.0	272.0	77.49249999999999	57.43430000000001	95.14430975318123	8	5684812	710601.5	5278175	Y	57.59568411430087	57.288860212087926	7	2	False	False	154.72071213612693	169.12608860240232
INF295	INF295	False	Klebsiella pneumoniae	ST323	KL21	Typeable	OL3γ	52279	484634560	9270.2	11365	16.07	84	56.76	2506810.0	2452899.0	613180904.0	124.0	94.0518	56.1389	97.84941818486443	3	5668940	1889646.6666666667	5228922	Y	57.58982444182568	56.87472437528003	2	3	False	True	85.48944952671928	108.1650015699584
INF297	INF297	False	Klebsiella pneumoniae	ST461	KL62	Typeable	OL2α.2	70022	793167287	11327.4	16171	16.42	85	56.91	2458280.0	2407638.0	601869436.0	124.0	94.3713	56.2376	97.93994174788877	4	5690538	1422634.5	5444149	Y	57.26790357868604	57.013115455867265	3	3	False	False	139.38353227761593	105.76670184787449
INF301	INF301	False	Klebsiella pneumoniae	ST27	KL61	Typeable	OL2α.1	117494	1197975818	10196.1	13799	16.76	86	57.07	2032385.0	1994693.0	498652824.0	124.0	94.3862	56.3041	98.14543012273757	3	5451052	1817017.3333333333	5208405	Y	57.580218896187986	57.32786992309008	2	2	False	False	219.76965510510632	91.47827318469902
INF303	INF303	False	Klebsiella pneumoniae	ST3054	KL46	Typeable	OL3γ	115478	1320945578	11438.9	16330	16.11	85	57.29	2259656.0	2209752.0	552413456.0	124.0	93.9962	56.944799999999994	97.79152224940434	2	5270855	2635427.5	5148779	Y	57.63158605176101	57.49256999101664	1	2	False	True	250.6131506178789	104.80528415219163
INF306	INF306	False	Klebsiella pneumoniae	ST3069	KL47	Typeable	OL13	107124	1442858205	13469.0	18782	17.97	89	57.22	2262061.0	2215730.0	553887274.0	124.0	94.1829	56.632400000000004	97.95182358035437	1	5284317	5284317.0	5284317	Y	57.419378890403436	57.419378890403436	0	1	True	True	273.04535382718336	104.81719283684154
INF307	INF307	False	Klebsiella variicola subsp. variicola	ST1456	KL60	Typeable	OL5	152408	2065852605	13554.8	19054	17.45	88	56.99	2272186.0	2224142.0	555977374.0	124.0	94.0529	56.0676	97.88556042507084	3	5881784	1960594.6666666667	5407396	Y	57.643457220444	56.96224138798705	2	3	False	True	351.2289137105341	94.52529606663556
INF308	INF308	False	Klebsiella pneumoniae	ST1997	KL28	Typeable	OL2α.1	78426	1076558164	13727.1	19667	18.63	90	57.18	2726273.0	2671738.0	667864942.0	124.0	94.1701	56.8604	97.99965007172796	1	5318286	5318286.0	5318286	Y	57.384879263732714	57.384879263732714	0	1	True	True	202.42577477029252	125.57898202541195
INF309.2	INF309	False	Klebsiella quasipneumoniae subsp. similipneumoniae	ST1548	KL170	Typeable	OL3α/β	17244	309900802	17971.5	24631	19.77	92	57.74	2142517.0	2100430.0	525077774.0	124.0	94.1339	56.8353	98.03562818871448	3	5441414	1813804.6666666667	5195520	Y	58.057114591032274	57.79367274756157	2	3	False	True	56.95225579233633	96.49656762010757
INF311	INF311	False	Klebsiella pneumoniae	ST240	KL144	Untypeable	OL2α.1	71161	949493395	13342.9	19038	17.27	87	56.86	2139202.0	1917481.0	569404414.0	148.0	82.8229	57.8295	89.6353406550667	4	5782616	1445654.0	5270046	Y	57.47944135591985	57.09754892941188	3	4	False	True	164.19789849438385	98.46830811521983
INF312	INF312	False	Klebsiella variicola subsp. variicola	ST2989	KL55	Typeable	OL3α/β	160315	2330303187	14535.8	19991	17.53	89	56.9	2072239.0	1824563.0	542317095.0	148.0	82.2724	57.8383	88.04790374083298	2	5853043	2926521.5	5588634	Y	57.39236099554918	56.929087997474134	1	2	False	True	398.1353267009998	92.65558018282114
INF314	INF314	False	Klebsiella pneumoniae	ST29	KL30	Typeable	OL2α.2	63698	656957984	10313.6	13071	16.36	85	57.08	2496863.0	2445601.0	611369316.0	124.0	94.2362	56.3473	97.94694382511175	4	5666919	1416729.75	5358314	Y	57.38452431119192	57.10708058470573	3	4	False	True	115.92859965000382	107.88389881697621
INF315.1	INF315	False	Klebsiella pneumoniae	ST3057	KL30	Typeable	OL2α.1	42091	586641969	13937.5	20977	15.74	83	57.28	2243259.0	2199483.0	549768504.0	124.0	94.2146	56.877599999999994	98.04855346618469	1	5321799	5321799.0	5321799	Y	57.36783745496589	57.36783745496589	0	1	True	True	110.23377038478905	103.30501095588164
INF317	INF317	False	Klebsiella pneumoniae	ST792	KL25	Typeable	OL3α/β	124499	1400839443	11251.8	15092	17.11	86	57.09	2108818.0	2068436.0	517047330.0	124.0	94.3933	56.757999999999996	98.08508842394176	3	5497035	1832345.0	5473073	Y	57.29919918846323	57.282589614219305	2	2	False	False	254.83546002526816	94.05931197454628
INF318	INF318	False	Klebsiella quasipneumoniae subsp. similipneumoniae	ST1548	KL170	Typeable	OL3α/β	102874	1285357360	12494.5	16116	17.46	87	57.58	2120768.0	2054454.0	513590498.0	124.0	93.9096	56.4292	96.87311389081691	3	5472209	1824069.6666666667	5196654	Y	58.05805043014217	57.777928438040284	2	3	False	True	234.88820693800255	93.85432793228475
INF320	INF320	False	Klebsiella variicola subsp. variicola	ST1142	KL105	Typeable	OL5	82813	959627361	11587.9	14557	16.57	85	57.26	2118591.0	2076141.0	518969082.0	124.0	94.24289999999999	56.729600000000005	97.99630981156815	2	5749931	2874965.5	5522001	Y	57.45439017486596	57.214634401699776	1	2	False	True	166.89371768113392	90.25657560064634
INF324	INF324	False	Klebsiella pneumoniae	ST3058	KL51	Typeable	OL12	117667	1464696040	12447.8	16310	17.07	86	57.51	2221337.0	2174295.0	543537512.0	124.0	94.1864	57.194900000000004	97.88226640082077	1	5155837	5155837.0	5155837	Y	57.66559338474044	57.66559338474044	0	1	True	True	284.08501665200043	105.42177962569414
INF325	INF325	False	Klebsiella pneumoniae	ST3048	KL30	Typeable	OL2α.1	92870	1196296517	12881.4	16692	16.94	86	57.23	2067246.0	2019694.0	504843360.0	124.0	94.3079	56.682900000000004	97.69974158856759	3	5509633	1836544.3333333333	5297394	Y	57.52156626446891	57.24530109355741	2	2	False	False	217.1281675204138	91.62921740885464
INF326	INF326	False	Klebsiella pneumoniae	ST412	KL57	Typeable	OL3γ	58783	710613926	12088.8	15264	16.67	86	57.26	2082744.0	1808555.0	537267133.0	148.0	81.90889999999999	58.264700000000005	86.83520394249125	2	5461791	2730895.5	5284194	Y	57.55528657729069	57.22690597278439	1	2	False	True	130.10639293960534	98.36830684293852
INF328	INF328	False	Klebsiella pneumoniae	ST37	KL14	Typeable	OL3γ	169906	1828295829	10760.6	13199	17.42	87	57.08	1823196.0	1783304.0	445787798.0	124.0	94.18849999999999	56.208400000000005	97.81197413772298	3	5588929	1862976.3333333333	5227668	Y	57.53180959464144	56.95048192596471	2	3	False	True	327.12811864312465	79.7626518425981
INF330	INF330	False	Klebsiella variicola subsp. variicola	ST3089	KL142	Typeable	OL3α/β	49809	571176062	11467.3	14210	16.49	85	57.28	2634744.0	2578152.0	644474462.0	124.0	94.08999999999999	56.6827	97.85208733751742	2	5702167	2851083.5	5530449	Y	57.43815737203254	57.222526102795655	1	2	False	True	100.16824516012947	113.02272662305401
INF332_v2	INF332	True	Klebsiella pneumoniae	ST200	KL13	Typeable	OL3γ	49335	558785507	11326.4	16294	17.98	89	57.41	5860902.0	5805285.0	1648762044.0	142.0	94.2615	58.7171	99.0510505038303	1	5095397	5095397.0	5095397	N	57.687242034330204	57.687242034330204	0	0	True	False	109.66476351106695	323.5787209514784
INF336_v2	INF336	True	Klebsiella variicola subsp. variicola	ST3095	KL55	Typeable	OL2α.2	28210	346865329	12295.8	19365	18.44	90	56.71	4897085.0	4849714.0	1388804415.0	143.0	94.08579999999999	57.8275	99.03266943498019	7	6070817	867259.5714285715	5415486	Y	57.39433173680072	56.85379743780779	6	5	False	False	57.13651539817458	228.7673001838138
INF337	INF337	False	Klebsiella pneumoniae	ST27	KL109	Typeable	OL2α.2	108583	1178854106	10856.7	13602	16.73	86	57.14	2164226.0	2122322.0	530554384.0	124.0	94.3815	55.701	98.06378816260408	5	5540855	1108171.0	5153587	Y	57.59231385828938	57.15060220850392	4	5	False	True	212.75671462256275	95.75316156080605
INF338	INF338	False	Klebsiella pneumoniae	ST34	KL38	Typeable	OL3γ	141710	1554744437	10971.3	13425	16.32	84	57.11	2024747.0	1978659.0	494645200.0	124.0	94.277	56.398199999999996	97.72376499384862	4	5630036	1407509.0	5296967	N	57.300810067346085	57.12549617799957	3	1	False	False	276.15177540605424	87.85826591517355
INF339	INF339	False	Klebsiella pneumoniae	ST792	KL25	Typeable	OL3α/β	58510	646514463	11049.6	14055	16.37	85	57.17	2124395.0	1864365.0	554133808.0	148.0	82.1001	58.5797	87.75980926334321	4	5693857	1423464.25	5481295	Y	57.28436437009867	57.13139616959119	3	3	False	False	113.54596067305519	97.32134263294635
INF340	INF340	False	Klebsiella pneumoniae	ST45	KL24	Typeable	OL2α.1	143551	1337403419	9316.6	11164	16.45	85	57.21	2581074.0	2527938.0	631937684.0	124.0	94.3998	55.382	97.9413221007999	4	5590744	1397686.0	5277861	Y	57.52589922318909	57.104224410919194	3	3	False	False	239.21743134724107	113.03284214050939
INF342	INF342	False	Klebsiella pneumoniae	ST3099	KL155	Typeable	OL13	135356	1548576729	11440.8	14551	15.04	80	57.1	2983847.0	2936679.0	734107736.0	124.0	95.3994	57.505799999999994	98.4192218971013	2	5678149	2839074.5	5491613	Y	57.34169541808573	57.09223199320765	1	2	False	True	272.7256239665426	129.28645162358367
INF347	INF347	False	Klebsiella pneumoniae	ST111	KL63	Typeable	OL2α.2	129024	1939745086	15034.0	19444	17.22	87	56.52	2141741.0	2083180.0	520753592.0	124.0	94.0991	56.0685	97.26572914278617	2	5805380	2902690.0	5414505	Y	57.296040912327165	56.93687579452163	1	2	False	True	334.1288745956337	89.70189582766331
INF349	INF349	False	Klebsiella variicola subsp. variicola	ST3085	KL55	Typeable	OL3α/β	236425	2664566073	11270.2	13892	16.59	85	57.17	2894120.0	2801478.0	700305616.0	124.0	91.9418	56.7424	96.7989578870261	3	5734896	1911632.0	5560526	Y	57.449277280602594	57.250855115768445	2	2	False	False	464.62325960226656	122.11304546760744
INF351	INF351	False	Klebsiella pneumoniae	ST3051	KL20	Typeable	OL2α.1	107895	1261704731	11693.8	14884	14.99	80	57.14	3083788.0	2992533.0	747964106.0	124.0	92.1284	56.531299999999995	97.04081473823751	3	5629953	1876651.0	5284177	Y	57.515787226658	57.12640940341775	2	3	False	True	224.10573072279644	132.85441388231837
INF353	INF353	False	Klebsiella pneumoniae	ST1109	KL54	Typeable	OL2α.2	112818	1011849394	8968.9	10653	16.02	84	57.16	3252672.0	3156391.0	789032300.0	124.0	92.5753	56.586099999999995	97.03994131593963	3	5521339	1840446.3333333333	5243038	Y	57.54928726436848	57.206884054755555	2	3	False	True	183.26159542096582	142.9059690049823
INF356	INF356	False	Klebsiella pneumoniae	ST661	KL28	Typeable	OL2α.1	25014	311449505	12451.0	16273	19.52	92	57.07	2655483.0	2572138.0	642986408.0	124.0	92.24520000000001	56.445100000000004	96.86139960225691	2	5403533	2701766.5	5070581	Y	57.73162878179049	57.08785344699477	1	2	False	True	57.638123982957076	118.99370430420245
INF360	INF360	False	Klebsiella pneumoniae	ST323	KL21	Typeable	OL3γ	11233	192611017	17146.9	23254	15.43	82	57.4	3040619.0	2948877.0	737182908.0	124.0	92.1242	56.71509999999999	96.98278541310174	2	5369641	2684820.5	5232171	Y	57.585713463875706	57.474084394096366	1	2	False	True	35.87037140844239	137.28718698326387
KSB1_10A_v2	KSB1_10A	True	Klebsiella quasipneumoniae subsp. quasipneumoniae	ST5062	KL6	Typeable	OL3α/β	44432	605614497	13630.1	18096	18.41	90	57.84	5129406.0	5091240.0	1452779802.0	142.0	94.3207	59.36	99.25593723717716	1	5295856	5295856.0	5295856	Y	58.116459359922175	58.116459359922175	0	1	True	True	114.3562999069461	274.32388682773853
KSB1_10C	KSB1_10C	False	Klebsiella pneumoniae	ST1966	KL58	Typeable	OL3γ	117853	1220694372	10357.8	12778	17.95	90	57.12	2973823.0	2887982.0	721962822.0	124.0	92.1624	56.826100000000004	97.11344622729732	2	5487756	2743878.0	5342539	Y	57.37457414910776	57.24501964008604	1	2	False	True	222.43962231556944	131.5588415374153
KSB1_10D	KSB1_10D	False	Klebsiella pneumoniae	ST1728	KL116	Typeable	OL2α.1	127620	1244742437	9753.5	11929	18.46	91	57.24	3555382.0	3426357.0	856491168.0	124.0	91.2828	56.1037	96.37099473418046	3	5469718	1823239.3333333333	5269919	Y	57.557317294630145	57.3532127250436	2	3	False	True	227.56976447414655	156.58781092553582
KSB1_10F	KSB1_10F	False	Klebsiella variicola subsp. variicola	ST1986	KL137	Typeable	OL3α/β	227169	1770973218	7795.8	9447	16.69	87	57.2	2940606.0	2864864.0	716153478.0	124.0	90.8369	56.82469999999999	97.42427241187701	2	5651194	2825597.0	5500578	Y	57.5802033895347	57.477464054498924	1	2	False	True	313.3803613891153	126.72604727425744
KSB1_10G	KSB1_10G	False	Klebsiella pneumoniae	ST1800	KL30	Typeable	OL2α.2	76134	775657883	10188.1	12603	18.0	90	57.17	2597117.0	2524343.0	631004356.0	124.0	90.8169	56.38609999999999	97.1978928943132	5	5401321	1080264.2	5031183	Y	57.66784869482982	57.32662435726371	4	5	False	True	143.6052186122617	116.82407988712392
KSB1_10H	KSB1_10H	False	Klebsiella pneumoniae	ST345	KL15	Typeable	OL4	60069	740202500	12322.5	15950	14.77	79	57.13	2531405.0	2458013.0	614470806.0	124.0	90.718	56.3163	97.10074049786581	3	5404907	1801635.6666666667	5299512	Y	57.394020430560396	57.23027241726823	2	3	False	True	136.9500899830469	113.6875816734682
KSB1_1A	KSB1_1A	False	Klebsiella pneumoniae	ST35	KL22	Typeable	OL2α.1	62077	960029068	15465.1	20534	19.23	92	57.26	3134707.0	3054030.0	763402734.0	124.0	92.82679999999999	56.9517	97.4263304353485	1	5378919	5378919.0	5378919	Y	57.40621861009619	57.40621861009619	0	1	True	True	178.4799265428611	141.92493584677516
KSB1_1C	KSB1_1C	False	Klebsiella pneumoniae	ST537	KL136	Typeable	OL2α.2	13505	201589778	14927.0	21916	9.61	42	57.17	2969287.0	2893418.0	723318460.0	124.0	92.9156	56.1841	97.44487481338112	4	5692514	1423128.5	5284781	Y	57.39832927797765	57.03920974107398	3	3	False	False	35.41313697252216	127.06485394677993
KSB1_1D	KSB1_1D	False	Klebsiella pneumoniae	ST45	KL43	Typeable	OL2α.1	7342	126813993	17272.4	25031	9.73	43	57.28	3103600.0	3014280.0	753516078.0	124.0	92.2227	56.281099999999995	97.12205181080036	8	5800527	725065.875	5350358	N	57.52089860155152	57.09186423923206	7	1	False	False	21.862495080188403	129.9047617569921
KSB1_1E_v2	KSB1_1E	True	Klebsiella pneumoniae	ST461	KL51	Typeable	OL2α.1	228051	1478901611	6485.0	8304	18.44	90	56.55	2786483.0	2715725.0	678873150.0	124.0	92.2851	55.4028	97.46066995563942	6	5756325	959387.5	5425639	Y	57.35200959739489	57.04564978523624	5	6	False	True	256.91767073610333	117.93516696850855
KSB1_1F	KSB1_1F	False	Klebsiella pneumoniae	ST857	KL13	Typeable	OL3γ	83606	1121199700	13410.5	17150	17.14	86	57.38	3082971.0	3006663.0	751635480.0	124.0	91.2346	56.962900000000005	97.52485508297029	2	5402576	2701288.0	5177176	Y	57.75272078832167	57.539681070659626	1	2	False	True	207.53057430381358	139.12538759288162
KSB1_1G	KSB1_1G	False	Klebsiella pneumoniae	ST37	KL15	Typeable	OL4	106398	1218783532	11454.9	14985	18.01	90	57.34	2649618.0	2582351.0	645560050.0	124.0	90.9863	56.839099999999995	97.46125667926471	1	5167697	5167697.0	5167697	Y	57.49325086203777	57.49325086203777	0	1	True	True	235.84655447097614	124.92219454817108
KSB1_2A	KSB1_2A	False	Klebsiella variicola subsp. variicola	ST596	KL35	Typeable	OL3α/β	47985	656625701	13684.0	18822	18.04	90	57.42	2923926.0	2843417.0	710769802.0	124.0	92.3096	56.9786	97.24654454319295	1	5455862	5455862.0	5455862	Y	57.60182350653297	57.60182350653297	0	1	True	True	120.35232947607545	130.27635266434524
KSB1_2C	KSB1_2C	False	Klebsiella variicola subsp. variicola	ST3924	KL25	Typeable	OL5	65882	841604031	12774.4	16737	17.06	86	57.08	3332164.0	3221449.0	805282836.0	124.0	91.426	55.908100000000005	96.6773844264568	3	5726754	1908918.0	5504668	Y	57.42289998234226	57.17043197595007	2	3	False	True	146.96004595273342	140.61767556280574
KSB1_2D	KSB1_2D	False	Klebsiella pneumoniae	ST128	KL6	Typeable	OL2α.1	52898	655612200	12393.9	16559	18.38	90	57.41	3128673.0	3029548.0	757223364.0	124.0	92.0084	57.1801	96.83172386503799	1	5273825	5273825.0	5273825	Y	57.58027617526179	57.58027617526179	0	1	True	True	124.31436386304058	143.5814354856295
KSB1_2E	KSB1_2E	False	Klebsiella pneumoniae	ST6935	KL56	Typeable	OL3γ	54138	672990462	12431.0	17009	17.21	88	56.6	3246819.0	3168416.0	792050118.0	124.0	93.1182	55.854099999999995	97.58523650379033	4	5805273	1451318.25	5389523	Y	57.28840938242587	56.80130805217946	3	4	False	True	115.92744423905646	136.4363257335185
KSB1_2F	KSB1_2F	False	Klebsiella variicola subsp. variicola	ST2594	KL134	Typeable	OL3α/β	67823	779155397	11488.1	14945	17.83	90	57.25	2380119.0	2306775.0	576636994.0	124.0	90.3879	56.9507	96.91847340406089	2	5526780	2763390.0	5521048	Y	57.50379275818649	57.49725880168923	1	1	False	False	140.97818205175528	104.33507286340328
KSB1_2G	KSB1_2G	False	Klebsiella variicola subsp. variicola	ST205	KL55	Typeable	OL3α/β	172776	1633057611	9451.9	11740	16.89	88	57.29	2583988.0	2522317.0	630504722.0	124.0	91.2228	56.7196	97.61334030962992	1	5471630	5471630.0	5471630	Y	57.54807982264882	57.54807982264882	0	1	True	True	298.45907179396266	115.23160776587598
KSB1_2I	KSB1_2I	False	Klebsiella variicola subsp. variicola	ST2993	KL151	Typeable	OL10	21866	341748820	15629.2	22056	17.19	86	57.26	2795482.0	2713236.0	678233276.0	124.0	90.5756	56.61540000000001	97.05789556148099	1	5511550	5511550.0	5511550	Y	57.39545137030418	57.39545137030418	0	1	True	True	62.00593662399869	123.05672197476208
KSB1_2J	KSB1_2J	False	Klebsiella variicola subsp. variicola	ST355	KL63	Typeable	OL5	21128	455116237	21540.9	31482	16.7	85	57.17	2565822.0	2499473.0	624798194.0	124.0	90.9465	56.702600000000004	97.4141230373736	1	5469579	5469579.0	5469579	Y	57.30205194951933	57.30205194951933	0	1	True	True	83.20864128665113	114.23149642778722
KSB1_3B	KSB1_3B	False	Klebsiella variicola subsp. variicola	ST360	KL53	Typeable	OL3α/β	11733	208638571	17782.2	27742	17.07	86	57.33	3060607.0	2970238.0	742497018.0	124.0	92.2497	57.067800000000005	97.04735041120928	1	5488182	5488182.0	5488182	Y	57.4484956949314	57.4484956949314	0	1	True	True	38.01597159132113	135.2901594735743
KSB1_3C	KSB1_3C	False	Klebsiella variicola subsp. variicola	ST3198	KL103	Untypeable	OL10	36223	637764519	17606.6	29061	15.89	83	57.22	3402551.0	3298634.0	824558328.0	124.0	91.5513	56.2184	96.94590911348574	2	5691267	2845633.5	5509194	Y	57.50661530525155	57.30627292657329	1	2	False	True	112.06020012766929	144.8813292365303
KSB1_3D	KSB1_3D	False	Klebsiella pneumoniae	ST2136	KL102	Typeable	OL2α.1	567129	2196501412	3873.0	4467	16.09	84	55.95	3157028.0	3068347.0	767032160.0	124.0	92.42899999999999	55.8888	97.1909973557409	16	5724158	357759.875	5345372	Y	57.407211322242865	57.06757220887334	15	5	False	False	383.72480494074415	133.9991244127084
KSB1_3E	KSB1_3E	False	Klebsiella pneumoniae	ST6936	KL22	Typeable	OL2α.1	80182	868028790	10825.7	16134	17.55	89	56.2	3075464.0	2991678.0	747886970.0	124.0	92.4241	55.266000000000005	97.27566311945124	10	5789317	578931.7	5252895	N	57.3062473169557	56.95917152230565	9	0	False	False	149.93630336704658	129.18397282442817
KSB1_3F	KSB1_3F	False	Klebsiella variicola subsp. variicola	ST2089	KL19	Typeable	OL3α/β	52687	747193281	14181.7	22507	16.37	84	57.15	2479881.0	2417582.0	604329560.0	124.0	91.1172	56.7169	97.48782300441029	1	5584118	5584118.0	5584118	Y	57.31727015797302	57.31727015797302	0	1	True	True	133.80685741239708	108.22292079071396
KSB1_3G	KSB1_3G	False	Klebsiella pneumoniae	ST39	KL62	Typeable	OL2α.1	32875	650788569	19795.9	30740	16.35	84	57.4	2542431.0	2475182.0	618759830.0	124.0	90.9058	56.3832	97.35493313289525	2	5471431	2735715.5	5336169	Y	57.58084123647508	57.43886745533298	1	2	False	True	118.94302770152818	113.08921377241164
KSB1_3I	KSB1_3I	False	Klebsiella quasipneumoniae subsp. similipneumoniae	ST1548	KL170	Typeable	OL3α/β	35512	393385877	11077.5	18938	16.45	84	56.92	2488985.0	2408720.0	602149778.0	124.0	90.3227	56.5141	96.77519149372134	4	5580290	1395072.5	5194752	Y	58.05797851369998	57.607920018493665	3	4	False	True	70.49559736142746	107.90653854907183
KSB1_3J	KSB1_3J	False	Klebsiella pneumoniae	ST152	KL149	Typeable	OL4	19743	332203763	16826.4	24784	17.38	87	57.14	2439483.0	2371398.0	592811528.0	124.0	90.8141	56.36750000000001	97.20903978424937	2	5520296	2760148.0	5312862	Y	57.411504383136624	57.13492537356692	1	2	False	True	60.17861415402363	107.3876342862774
KSB1_4A	KSB1_4A	False	Klebsiella pneumoniae	ST5142	KL27	Typeable	OL3γ	25419	430708239	16944.3	24392	17.11	86	57.38	2699861.0	2624516.0	656087578.0	124.0	92.3949	57.064400000000006	97.20930077511397	1	5240084	5240084.0	5240084	Y	57.496769135761944	57.496769135761944	0	1	True	True	82.1949111884466	125.20554594162995
KSB1_4B	KSB1_4B	False	Klebsiella pneumoniae	ST2116	KL28	Typeable	OL2α.2	18941	296320523	15644.4	24973	16.66	85	57.08	3119916.0	3032627.0	758113990.0	124.0	92.5143	56.356399999999994	97.20220031564952	2	5632225	2816112.5	5377403	Y	57.47752214219392	57.221684147916676	1	2	False	True	52.6116273763921	134.60293045821146
KSB1_4C	KSB1_4C	False	Klebsiella pneumoniae	ST1322	KL139	Typeable	OL2α.1	22116	352537788	15940.4	23625	17.2	86	57.3	3252284.0	3165700.0	791300734.0	124.0	92.6289	56.9983	97.33774787195706	3	5479335	1826445.0	5278695	Y	57.512207089062734	57.38413511858647	2	3	False	True	64.3395207630123	144.41546903045716
KSB1_4D	KSB1_4D	False	Klebsiella pneumoniae	ST6934	KL46	Typeable	OL3γ	153195	1522569723	9938.8	12841	16.63	85	56.54	3209216.0	3122790.0	780659294.0	124.0	92.6503	56.153	97.30694350271219	3	5541518	1847172.6666666667	5292281	Y	57.3915103903213	57.1610883516033	2	3	False	True	274.7567946183699	140.87462929832583
KSB1_4G	KSB1_4G	False	Klebsiella quasipneumoniae subsp. quasipneumoniae	ST6938	KL6	Typeable	OL5	25373	536369045	21139.4	34684	16.93	87	58.1	2750088.0	2688774.0	672123716.0	124.0	91.63329999999999	57.598000000000006	97.77047134491696	1	5289778	5289778.0	5289778	Y	58.27845705434141	58.27845705434141	0	1	True	True	101.39726941281846	127.06085510582864
KSB1_4H	KSB1_4H	False	Klebsiella variicola subsp. variicola	ST4595	KL6	Typeable	OL3α/β	20230	298330790	14746.9	25315	18.91	91	56.71	2841451.0	2775692.0	693845052.0	124.0	91.4011	56.6539	97.68572465265106	4	5838119	1459529.75	5514675	Y	57.38396188351988	57.005929478313135	3	3	False	False	51.1004982940567	118.84736367997981
KSB1_4J	KSB1_4J	False	Klebsiella variicola subsp. variicola	ST208	KL9	Typeable	OL3α/β	31373	619466837	19745.2	30654	16.81	87	56.84	2376346.0	2308779.0	577143282.0	124.0	90.6521	56.31119999999999	97.1566850955206	2	5648185	2824092.5	5538198	Y	57.42414771013965	57.259225751281164	1	2	False	True	109.67538014424103	102.18207831365297
KSB1_5A	KSB1_5A	False	Klebsiella pneumoniae	ST2990	KL8	Typeable	OL2α.1	26038	531034447	20394.6	31594	16.46	86	56.86	2645222.0	2567117.0	641650968.0	124.0	92.38300000000001	56.3033	97.04731776765806	3	5595319	1865106.3333333333	5248517	Y	57.454362822869776	56.97455319348191	2	3	False	True	94.90691183112169	114.6763871729208
KSB1_5C	KSB1_5C	False	Klebsiella pneumoniae	ST3169	KL31	Typeable	OL2α.1	41622	730796747	17557.9	28061	16.95	87	57.01	2986872.0	2877709.0	719393378.0	124.0	92.8019	55.5599	96.34524010402856	7	5543040	791862.8571428572	5050302	N	57.575843979231344	57.00173550975638	6	5	False	False	131.84042456846785	129.78318359600507
KSB1_5E	KSB1_5E	False	Klebsiella pneumoniae	ST461	KL51	Typeable	OL2α.1	123397	1257285452	10188.9	16910	15.14	82	56.67	2644858.0	2572449.0	643062900.0	124.0	90.842	55.730599999999995	97.26227268155795	6	5772722	962120.3333333334	5421771	Y	57.337316533656626	57.03420327533527	5	4	False	False	217.79767880732868	111.39682458292639
KSB1_5F	KSB1_5F	False	Klebsiella pneumoniae	ST6937	KL36	Typeable	OL4	39275	710969089	18102.3	28124	17.42	88	57.52	2591516.0	2525722.0	631330086.0	124.0	91.02130000000001	57.0227	97.46117716425444	1	5201606	5201606.0	5201606	Y	57.60299799715703	57.60299799715703	0	1	True	True	136.6826109090154	121.37214660241472
KSB1_6B	KSB1_6B	False	Klebsiella variicola subsp. variicola	ST1599	KL60	Typeable	OL5	35525	790512047	22252.3	36230	16.52	86	56.56	2045265.0	1920756.0	477172128.0	124.0	91.9457	55.12970000000001	93.91232920917338	4	6151366	1537841.5	5569868	Y	57.40741073217534	56.79013409379315	3	4	False	True	128.5100003804033	77.57173414815506
KSB1_6C	KSB1_6C	False	Klebsiella pneumoniae	ST20	KL28	Typeable	OL2α.2	108492	1618752161	14920.5	20978	15.77	84	56.83	3061716.0	2973297.0	743292404.0	124.0	92.5329	56.4262	97.11210967966983	6	5671922	945320.3333333334	5259892	Y	57.54015481686696	57.15676273404324	5	4	False	False	285.3974650920799	131.04771257432665
KSB1_6D_v2	KSB1_6D	True	Klebsiella quasipneumoniae subsp. similipneumoniae	ST414	KL123	Typeable	OL3α/β	40860	476616513	11664.6	15688	18.35	90	57.68	6125588.0	6083025.0	1572232371.0	129.0	94.4226	59.2554	99.30516058213513	2	5444368	2722184.0	5223215	N	57.96200232998259	57.67576695770749	1	1	False	False	87.5430376859169	288.7814289923091
KSB1_6E	KSB1_6E	False	Klebsiella pneumoniae	ST4553	KL14	Typeable	OL3γ	69750	890065344	12760.8	18084	15.68	84	57.06	2989635.0	2908860.0	727158796.0	124.0	90.68119999999999	56.4098	97.29816516062998	2	5593236	2796618.0	5390486	Y	57.36185939449616	57.19830166293716	1	2	False	True	159.1324492655057	130.00681465970683
KSB1_6I.1	KSB1_6I	False	Klebsiella pneumoniae	ST252	KL81	Typeable	OL2α.2	49393	675129157	13668.5	20543	15.11	81	56.77	2442689.0	2377541.0	594325622.0	124.0	90.9	55.8355	97.33293923213311	4	5868466	1467116.5	5422779	Y	57.21804263090935	56.8385673530357	3	4	False	True	115.04354920008056	101.27444241817197
KSB1_7B.1	KSB1_7B	False	Klebsiella pneumoniae	ST5168	KL21	Typeable	OL3γ	79557	1068855103	13435.1	19165	17.34	89	57.35	1265455.0	1167252.0	290303978.0	124.0	90.1448	56.5311	92.23970824723123	1	5213147	5213147.0	5213147	Y	57.549844652376	57.549844652376	0	1	True	True	205.0306854957284	55.686896609667826
KSB1_7C	KSB1_7C	False	Klebsiella pneumoniae	ST15	KL24	Typeable	OL2α.1	84870	1225672587	14441.8	21434	15.57	84	57.09	2741974.0	2663917.0	665930010.0	124.0	92.4568	56.713800000000006	97.15325528250816	3	5512701	1837567.0	5293883	Y	57.46768487327733	57.205007128084766	2	3	False	True	222.3361265194684	120.79922527994897
KSB1_7D	KSB1_7D	False	Klebsiella pneumoniae	ST461	KL117	Typeable	OL2α.2	50608	636854379	12584.1	17960	15.95	85	56.4	2950068.0	2861394.0	715303190.0	124.0	91.9496	56.1655	96.99417098182144	4	5821033	1455258.25	5514545	Y	57.2644887293512	57.010723010847045	3	3	False	False	109.40573245332916	122.8825175875141
KSB1_7H	KSB1_7H	False	Klebsiella pneumoniae	ST111	KL63	Typeable	OL2α.2	24893	335187660	13465.1	18726	18.34	90	57.32	2496943.0	2422089.0	605485306.0	124.0	90.6216	57.07790000000001	97.00217425868352	1	5230277	5230277.0	5230277	Y	57.51490791023114	57.51490791023114	0	1	True	True	64.08602450692382	115.76543766228825
KSB1_8A	KSB1_8A	False	Klebsiella pneumoniae	ST2991	KL119	Typeable	OL4	124753	2020962755	16199.7	26689	17.14	88	57.18	2905283.0	2821683.0	705366904.0	124.0	92.36189999999999	56.92850000000001	97.12248342072012	2	5454728	2727364.0	5311508	Y	57.50783016800502	57.35578382643461	1	2	False	True	370.4974391023714	129.31293806033958
KSB1_8B	KSB1_8B	False	Klebsiella variicola subsp. variicola	ST2388	KL135	Typeable	OL3α/β	28553	445742484	15611.1	23969	17.25	88	56.85	2899450.0	2826414.0	706563684.0	124.0	92.4556	56.07450000000001	97.4810395074928	3	5778858	1926286.0	5435254	Y	57.38868873469391	57.09430825259939	2	3	False	True	77.13331665183675	122.2670091564804
KSB1_8E.1	KSB1_8E	False	Klebsiella variicola subsp. variicola	ST2994	KL35	Typeable	OL3α/β	10137	172033926	16970.9	24281	19.54	92	57.47	3285270.0	3199786.0	799858928.0	124.0	91.0614	57.0569	97.39796120258	1	5447806	5447806.0	5447806	Y	57.62885095394366	57.62885095394366	0	1	True	True	31.57857052912677	146.82221209786104
KSB1_8F	KSB1_8F	False	Klebsiella variicola subsp. variicola	ST2992	KL101	Typeable	OL3α/β	55138	751726890	13633.6	22522	16.01	86	56.75	2821798.0	2746408.0	686505916.0	124.0	90.7325	56.2798	97.32829919079963	4	6010874	1502718.5	5521124	N	57.51457493075685	57.014953233090566	3	2	False	False	125.06116248652026	114.21066487169753
KSB1_8I	KSB1_8I	False	Klebsiella pneumoniae	ST127	KL30	Typeable	OL2α.2	78420	787739300	10045.1	20537	16.43	87	56.96	2372782.0	2300684.0	575051788.0	124.0	90.6674	56.43319999999999	96.96145705758052	4	5523066	1380766.5	5346258	Y	57.34154618052477	57.10149036785003	3	2	False	False	142.6271748336884	104.11821767112687
KSB1_9B	KSB1_9B	False	Klebsiella variicola subsp. variicola	ST2996	KL20	Typeable	OL3α/β	58886	828830882	14075.2	24181	16.07	86	57.14	2653251.0	2609415.0	652303094.0	124.0	95.3574	57.7152	98.34783818040584	2	5634374	2817187.0	5464135	Y	57.49718848454513	57.28171399342678	1	2	False	True	147.1025675611878	115.77206163453118
KSB1_9E	KSB1_9E	False	Klebsiella pneumoniae	ST359	KL10	Typeable	OL2α.2	154133	1388987079	9011.6	12406	16.88	88	56.46	3171705.0	3090149.0	772447722.0	124.0	91.27459999999999	54.0118	97.42863853983899	6	5409900	901650.0	5065026	Y	57.52274519420038	56.92966598273536	5	5	False	False	256.7491227194588	142.7841035878667
KSB2_10C.1	KSB2_10C	False	Klebsiella pneumoniae	ST661	KL24	Typeable	OL2α.1	34672	373723463	10778.8	15629	18.98	91	56.93	2751207.0	2657455.0	664321754.0	124.0	90.8683	56.3882	96.59233202009155	2	5485123	2742561.5	5266441	N	57.39836447422462	57.06697917257279	1	1	False	False	68.13401686707846	121.11337412123666
KSB2_1D	KSB2_1D	False	Klebsiella variicola subsp. variicola	ST2995	KL134	Typeable	OL3α/β	87404	1102611189	12615.1	17976	17.89	90	57.48	2857480.0	2781431.0	695270878.0	124.0	90.97070000000001	57.0334	97.33859904531265	1	5416792	5416792.0	5416792	Y	57.618716022324655	57.618716022324655	0	1	True	True	203.5542788056104	128.35473062284836
KSB2_3B	KSB2_3B	False	Klebsiella pneumoniae	ST215	KL16	Typeable	OL2α.1	61095	845900820	13845.7	21580	17.07	88	57.15	2476161.0	2404076.0	600927340.0	124.0	90.6875	56.777	97.08884034600335	2	5431143	2715571.5	5267848	Y	57.45970650633807	57.29252571696234	1	2	False	True	155.7500548227141	110.64472800660928
KSB2_3C	KSB2_3C	False	Klebsiella pneumoniae	ST310	KL1	Typeable	OL2α.1	198164	2965087613	14962.8	20925	17.53	89	57.25	2255866.0	2194425.0	548571744.0	124.0	90.8736	56.815099999999994	97.27638964371111	1	5368227	5368227.0	5368227	Y	57.37650438403592	57.37650438403592	0	1	True	True	552.340207111212	102.18862652417641
KSB2_4A	KSB2_4A	False	Klebsiella quasipneumoniae subsp. similipneumoniae	ST1191	KL13	Typeable	OL3α/β	39735	489852683	12328.0	19687	15.59	85	57.23	2676379.0	2604399.0	651082790.0	124.0	90.8011	56.9623	97.31054533008965	4	5437010	1359252.5	5141367	Y	58.10983732536503	57.73522579506015	3	2	False	False	90.09596874017153	119.75015495649264
KSB2_4B	KSB2_4B	False	Klebsiella pneumoniae	ST1731	KL43	Typeable	OL2α.1	46561	614082849	13188.8	18380	17.47	89	57.27	2542126.0	2438217.0	609497100.0	124.0	90.5254	56.747099999999996	95.91251574469558	2	5237179	2618589.5	5178707	Y	57.544228704191994	57.48109812553667	1	2	False	True	117.25450839087226	116.37889405727778
KSB2_4D	KSB2_4D	False	Klebsiella pneumoniae	ST35	KL22	Typeable	OL2α.1	31636	531279192	16793.5	26457	16.8	87	57.17	2528226.0	2463666.0	615833168.0	124.0	90.9998	56.746700000000004	97.44643081749813	1	5436264	5436264.0	5436264	Y	57.36056968535745	57.36056968535745	0	1	True	True	97.7287328209226	113.28242484176633
KSB2_6A	KSB2_6A	False	Klebsiella variicola subsp. variicola	ST641	KL60	Typeable	OL5	23301	334540471	14357.3	19702	18.21	90	56.92	2641190.0	2565184.0	641239384.0	124.0	90.5482	55.7195	97.12228200167348	11	6488464	589860.3636363636	5149818	N	57.441602790622895	56.93348996002752	10	2	False	False	51.55927057621033	98.82760912289874
KSB2_6B.1	KSB2_6B	False	Klebsiella pneumoniae	ST215	KL16	Typeable	OL2α.1	39161	554882794	14169.3	21262	17.73	89	57.27	2508965.0	2448492.0	612029724.0	124.0	91.4692	56.80349999999999	97.58972325241683	4	5467950	1366987.5	5133205	N	57.462871636725986	57.24154390585137	3	1	False	False	101.47912727804753	111.93038048994596
KSB2_6D	KSB2_6D	False	Klebsiella pneumoniae	ST111	KL63	Typeable	OL2α.2	62925	874119648	13891.5	18919	17.14	88	57.33	2247429.0	2191400.0	547810828.0	124.0	91.1473	56.9716	97.50697352396894	1	5227717	5227717.0	5227717	Y	57.535976029306866	57.535976029306866	0	1	True	True	167.2086778989758	104.78968697043088
KSB2_7A	KSB2_7A	False	Klebsiella pneumoniae	ST3692	KL8	Typeable	OL2α.2	15351	245735902	16007.8	23601	19.28	92	57.25	2337367.0	2269572.0	567372264.0	124.0	90.3907	56.735400000000006	97.09951411139114	1	5274360	5274360.0	5274360	Y	57.35503454447554	57.35503454447554	0	1	True	True	46.59065782388764	107.57177439537688
KSB2_7B	KSB2_7B	False	Klebsiella pneumoniae	ST215	KL16	Typeable	OL2α.1	135839	1465840784	10791.0	13929	17.74	89	57.09	2287705.0	2226271.0	556480616.0	124.0	90.8642	56.9673	97.31460131441773	2	5431144	2715572.0	5267849	Y	57.459657632555526	57.29247834342083	1	2	False	True	269.8954003060865	102.46103141437605
KSB2_7C	KSB2_7C	False	Klebsiella variicola subsp. variicola	ST3573	KL121	Typeable	OL3α/β	89419	1139095795	12738.9	18611	16.23	86	57.03	2354122.0	2296233.0	573991708.0	124.0	91.2277	56.872299999999996	97.54095157345286	2	5516043	2758021.5	5509779	Y	57.450652739429295	57.44643397449947	1	1	False	False	206.50596723049475	104.05859925312403
KSB2_8A	KSB2_8A	False	Klebsiella pneumoniae	ST463	KL117	Typeable	OL2α.2	64418	947213395	14704.2	22457	16.0	85	56.87	2529213.0	2453112.0	613156654.0	124.0	91.1038	56.3126	96.99111937191529	3	5493062	1831020.6666666667	5184119	Y	57.65756920317609	57.078929748107704	2	3	False	True	172.43814014842724	111.62383639580256
KSB2_8C	KSB2_8C	False	Klebsiella pneumoniae	ST2267	KL127	Typeable	OL13	31205	446851359	14319.9	21707	16.64	87	57.37	2194837.0	2134434.0	533577434.0	124.0	90.7244	57.086999999999996	97.2479505311784	1	5203645	5203645.0	5203645	Y	57.56647503817036	57.56647503817036	0	1	True	True	85.87276015177822	102.53916898635475
KSB2_8D	KSB2_8D	False	Klebsiella pneumoniae	ST643	KL38	Typeable	OL2α.1	30483	418153627	13717.6	17904	16.82	88	56.85	2984788.0	2883003.0	720718728.0	124.0	91.1454	55.4303	96.58987505980325	7	5660214	808602.0	5217596	Y	57.50864957731492	56.990672084129685	6	7	False	True	73.87593949628052	127.33065004256022
KSB2_9B	KSB2_9B	False	Klebsiella pneumoniae	ST25	KL2	Typeable	OL2α.2	43882	377387075	8600.0	12105	13.54	75	56.7	2133804.0	2038120.0	505759232.0	124.0	93.4053	55.72859999999999	95.51580182622209	4	5602715	1400678.75	5276850	Y	57.547817353155764	57.16501731749696	3	4	False	True	67.3578925574476	90.27038355511569
KSB2_9C	KSB2_9C	False	Klebsiella pneumoniae	ST788	KL8	Typeable	OL2α.2	26643	430634297	16163.1	21959	14.34	78	57.4	2723551.0	2655046.0	663628996.0	124.0	91.0425	56.8234	97.484717561742	2	5318211	2659105.5	5184768	Y	57.61376401027008	57.46092059905107	1	2	False	True	80.97352605979718	124.78425470520068
