isolate	library	colony_pick	resequenced	internal_qc_decision	mapped_pct	properly_paired_pct	klebsiella_genus_read_fraction	top_non_klebsiella_genus	top_non_klebsiella_genus_fraction	kraken2_status	ont_species	ont_ST	ont_K_locus	illumina_species	illumina_ST	illumina_K_locus	external_qc_decision	external_mismatch_reason	final_qc_decision	read_prep	assembly_route	hybrid_contigs	hybrid_total_len	hybrid_chromosome_len	ont_contigs	ont_total_len	ont_chromosome_len	d_contigs	d_total_len	d_chromosome_len	released	exclusion_reason
INF001	INF001.1	.1	no	PASS	98.8	98.63	0.9729	Enterobacter	0.0044	PASS	Klebsiella variicola subsp. variicola	ST3090-1LV	KL3	Klebsiella variicola subsp. variicola	ST3090	KL3	PASS		PASS	standard	clinopore	2	5658607	5571684	2	5658601	5571678	0	6	6	yes	
INF001	INF001.2	.2	no	FAIL_VARIANT	82.22	79.41	0.9839	Homo	0.0015	PASS	Klebsiella pneumoniae	ST1449	KL107	Klebsiella variicola subsp. variicola	ST3090	KL3									4	5675701	5243603				no	duplicate_colony_pick
INF002	INF002		no	PASS	99.92	99.76	0.9434	Escherichia	0.0081	PASS	Klebsiella pneumoniae	ST133	KL116	Klebsiella pneumoniae	ST133	KL116	PASS		PASS	standard	clinopore	3	5627296	5425360	4	5733472	5425252	-1	-106176	108	yes	
INF003	INF003		no	PASS	97.09	96.77	0.9732	Escherichia	0.0043	PASS	Klebsiella pneumoniae	ST323	KL21	Klebsiella pneumoniae	ST323	KL21	PASS		PASS	standard	clinopore	3	5534757	5232791	3	5534700	5232856	0	57	-65	yes	
INF004	INF004		no	PASS	99.42	99.05	0.9554	Salmonella	0.0024	PASS	Klebsiella pneumoniae	ST345	KL15	Klebsiella pneumoniae	ST345	KL15	PASS		PASS	standard	clinopore	3	5366531	5266612	3	5359970	5266566	0	6561	46	yes	
INF005	INF005		no	PASS	99.81	99.41	0.9438	Escherichia	0.0032	PASS	Klebsiella variicola subsp. variicola	ST641	KL60	Klebsiella variicola subsp. variicola	ST641	KL60	PASS		PASS	standard	clinopore	8	5985226	5570501	8	5985259	5570473	0	-33	28	yes	
INF006	INF006		no	PASS	98.19	97.93	0.9635	Cronobacter	0.0104	PASS	Klebsiella pneumoniae	ST35	KL22	Klebsiella pneumoniae	ST35	KL22	PASS		PASS	standard	clinopore	4	5594491	5301918	4	5619104	5301889	0	-24613	29	yes	
INF007	INF007		no	PASS	99.82	99.66	0.9551	Homo	0.003	PASS	Klebsiella pneumoniae	ST1449-1LV	KL107	Klebsiella pneumoniae	ST1449	KL107	PASS		PASS	standard	clinopore	3	5590104	5243601	5	5612167	5243624	-2	-22063	-23	yes	
INF008	INF008		no	PASS	99.3	99.06	0.9314	Escherichia	0.0061	PASS	Klebsiella pneumoniae	ST221	KL39	Klebsiella pneumoniae	ST221	KL39	PASS		PASS	standard	clinopore	2	5562892	5325685	3	5569047	5325627	-1	-6155	58	yes	
INF011	INF011		no	PASS	99.53	99.26	0.9505	Enterobacter	0.0042	PASS	Klebsiella pneumoniae	ST1393	KL8	Klebsiella pneumoniae	ST1393	KL8	PASS		PASS	standard	clinopore	3	5480623	5305410	3	5480762	5305441	0	-139	-31	yes	
INF012	INF012		no	PASS	99.9	99.65	0.9471	Citrobacter	0.0035	PASS	Klebsiella pneumoniae	ST690	KL30	Klebsiella pneumoniae	ST690	KL30	PASS		PASS	standard	clinopore	1	5310414	5310414	1	5310402	5310402	0	12	12	yes	
INF013	INF013		no	PASS	99.96	99.74	0.9595	Homo	0.0027	PASS	Klebsiella pneumoniae	ST1583	KL102	Klebsiella pneumoniae	ST1583	KL102	PASS		PASS	standard	clinopore	1	5282748	5282748	1	5282699	5282699	0	49	49	yes	
INF014	INF014		no	PASS	99.75	99.44	0.9497	Escherichia	0.0035	PASS	Klebsiella pneumoniae	ST25	KL2	Klebsiella pneumoniae	ST25	KL2	PASS		PASS	standard	clinopore	4	5528502	5348706	3	5523819	5348667	1	4683	39	yes	
INF016	INF016		no	PASS	98.65	98.49	0.9253	Salmonella	0.0064	PASS	Klebsiella pneumoniae	ST27	KL109	Klebsiella pneumoniae	ST27	KL109	PASS		PASS	standard	clinopore	5	5544953	5194052	5	5549717	5194021	0	-4764	31	yes	
INF017	INF017		no	PASS	99.15	98.95	0.98	Homo	0.0014	PASS	Klebsiella pneumoniae	ST35	KL22	Klebsiella pneumoniae	ST35	KL22	PASS		PASS	standard	clinopore	2	5424616	5313584	2	5424574	5313543	0	42	41	yes	
INF019	INF019		no	PASS	98.13	98.0	0.9467	Enterobacter	0.0075	PASS	Klebsiella pneumoniae	ST20	KL28	Klebsiella pneumoniae	ST20	KL28	PASS		PASS	standard	clinopore	3	5769326	5330523	3	5769276	5330475	0	50	48	yes	
INF020	INF020		no	PASS	98.66	98.12	0.9549	Escherichia	0.0038	PASS	Klebsiella pneumoniae	ST20	KL28	Klebsiella pneumoniae	ST20	KL28	PASS		PASS	standard	clinopore	5	5701558	5295211	4	5692714	5295200	1	8844	11	yes	
INF023	INF023		no	PASS	99.83	99.67	0.9658	Homo	0.0029	PASS	Klebsiella pneumoniae	ST2997	KL158	Klebsiella pneumoniae	ST2997	KL158	PASS		PASS	standard	clinopore	3	5480651	5281715	3	5472348	5281709	0	8303	6	yes	
INF024	INF024		no	PASS	99.01	98.36	0.9464	Homo	0.0044	PASS	Klebsiella pneumoniae	ST1138	KL71	Klebsiella pneumoniae	ST1138	KL71	PASS		PASS	standard	clinopore	5	5678198	5280118	5	5668651	5280112	0	9547	6	yes	
INF025	INF025		no	PASS	99.97	99.5	0.969	Escherichia	0.0025	PASS	Klebsiella pneumoniae	ST491	KL118	Klebsiella pneumoniae	ST491	KL118	PASS		PASS	standard	clinopore	3	5445572	5120583	3	5445559	5120569	0	13	14	yes	
INF027	INF027		no	PASS	99.89	99.75	0.9574	Homo	0.0038	PASS	Klebsiella pneumoniae	ST215	KL16	Klebsiella pneumoniae	ST215	KL16	PASS		PASS	standard	clinopore	2	5508201	5311909	2	5507936	5311651	0	265	258	yes	
INF028	INF028		no	PASS	98.73	98.41	0.968	Homo	0.0037	PASS	Klebsiella pneumoniae	ST45	KL24	Klebsiella pneumoniae	ST45	KL24	PASS		PASS	standard	clinopore	2	5452935	5283163	2	5452926	5283154	0	9	9	yes	
INF030	INF030		no	PASS	99.96	99.61	0.9597	Homo	0.0039	PASS	Klebsiella pneumoniae	ST3038	KL24	Klebsiella pneumoniae	ST3038	KL24	PASS		PASS	standard	clinopore	4	5479628	5231104	4	5581765	5231211	0	-102137	-107	yes	
INF033	INF033		no	PASS	95.07	94.72	0.9459	Escherichia	0.0051	PASS	Klebsiella pneumoniae	ST27	KL22	Klebsiella pneumoniae	ST27	KL22	PASS_REFERENCE_MISMATCH	K locus ambiguous on fragmented reference assembly	PASS	standard	clinopore	4	5540704	5226329	4	5540700	5226327	0	4	2	yes	
INF034	INF034_v2		yes	PASS	97.89	97.6	0.9593	Escherichia	0.006	PASS	Klebsiella pneumoniae	ST15-1LV	KL24	Klebsiella pneumoniae	ST15-1LV	KL24	PASS_REFERENCE_MISMATCH	reference row describes a different strain	PASS	standard	clinopore	2	5498261	5369948	2	5500199	5369968	0	-1938	-20	yes	
INF035	INF035_v2		yes	PASS	98.96	98.66	0.9697	Escherichia	0.0012	PASS	Klebsiella quasipneumoniae subsp. similipneumoniae	ST5872	KL7	Klebsiella quasipneumoniae subsp. similipneumoniae	ST5872	KL7	PASS		PASS	standard	clinopore	10	5378601	5123688	3	5219425	5123688	7	159176	0	yes	
INF036	INF036		no	PASS	99.88	99.73	0.986	Enterobacter	0.0031	PASS	Klebsiella variicola subsp. variicola	ST360	KL53	Klebsiella variicola subsp. variicola	ST360	KL53	PASS		PASS	standard	clinopore	1	5512260	5512260	1	5512243	5512243	0	17	17	yes	
INF038	INF038		no	PASS	99.94	99.65	0.9931	Homo	0.001	PASS	Klebsiella pneumoniae	ST60	KL5	Klebsiella pneumoniae	ST60	KL5	PASS		PASS	standard	clinopore	1	5281190	5281190	1	5281179	5281179	0	11	11	yes	
INF039	INF039		no	PASS	99.83	99.67	0.9748	Homo	0.0016	PASS	Klebsiella pneumoniae	ST2931	KL22	Klebsiella pneumoniae	ST2931	KL22	PASS		PASS	standard	clinopore	1	5233614	5233614	1	5233685	5233685	0	-71	-71	yes	
INF040	INF040		no	PASS	97.71	97.48	0.9642	Escherichia	0.0055	PASS	Klebsiella pneumoniae	ST20	KL28	Klebsiella pneumoniae	ST20	KL28	PASS		PASS	standard	clinopore	3	5661409	5357722	3	5661449	5357752	0	-40	-30	yes	
INF041	INF041		no	PASS	99.97	99.64	0.9807	Escherichia	0.0029	PASS	Klebsiella pneumoniae	ST1263	KL10	Klebsiella pneumoniae	ST1263	KL10	PASS		PASS	standard	clinopore	3	5390571	5262330	3	5390562	5262321	0	9	9	yes	
INF045	INF045		no	PASS	99.9	99.53	0.9131	Escherichia	0.0044	PASS	Klebsiella pneumoniae	ST1547	KL2	Klebsiella pneumoniae	ST1547	KL2	PASS		PASS	standard	clinopore	4	5563734	5258393	3	5562597	5258375	1	1137	18	yes	
INF046	INF046		no	PASS	98.04	97.71	0.9688	Escherichia	0.005	PASS	Klebsiella pneumoniae	ST182	KL47	Klebsiella pneumoniae	ST182	KL47	PASS		PASS	standard	clinopore	4	5680946	5360578	4	5680938	5360566	0	8	12	yes	
INF047	INF047		no	PASS	99.97	99.8	0.9901	Homo	0.001	PASS	Klebsiella variicola subsp. variicola	ST3077	KL120	Klebsiella variicola subsp. variicola	ST3077	KL120	PASS		PASS	standard	clinopore	2	5586301	5479294	2	5586162	5479155	0	139	139	yes	
INF048	INF048		no	PASS	99.97	99.7	0.9756	Homo	0.0015	PASS	Klebsiella variicola subsp. variicola	ST616	KL54	Klebsiella variicola subsp. variicola	ST616	KL54	PASS		PASS	standard	clinopore	2	5755387	5576981	2	5755549	5577142	0	-162	-161	yes	
INF050	INF050		no	PASS_BORDERLINE_MAPPING	94.9	94.57	0.9481	Escherichia	0.006	PASS	Klebsiella pneumoniae	ST323	KL21	Klebsiella pneumoniae	ST323	KL21	PASS		PASS	standard	clinopore	3	5581830	5228916	4	5603387	5228931	-1	-21557	-15	yes	
INF051	INF051		no	PASS	99.97	99.77	0.9689	Escherichia	0.0021	PASS	Klebsiella pneumoniae	ST882	KL16	Klebsiella pneumoniae	ST882	KL16	PASS		PASS	standard	clinopore	1	5249916	5249916	1	5249905	5249905	0	11	11	yes	
INF052	INF052		no	PASS	99.95	99.83	0.9887	Kluyvera	0.0011	PASS	Klebsiella pneumoniae	ST3071	KL35	Klebsiella pneumoniae	ST3071	KL35	PASS		PASS	standard	clinopore	1	5343665	5343665	1	5343655	5343655	0	10	10	yes	
INF053	INF053		no	PASS	99.96	99.72	0.9798	Escherichia	0.0013	PASS	Klebsiella pneumoniae	ST113	KL114	Klebsiella pneumoniae	ST113	KL114	PASS		PASS	standard	clinopore	5	5563966	5280992	5	5564295	5280634	0	-329	358	yes	
INF054	INF054		no	PASS	99.97	99.7	0.9661	Xanthomonas	0.0037	PASS	Klebsiella pneumoniae	ST1322	KL139	Klebsiella pneumoniae	ST1322	KL139	PASS		PASS	standard	clinopore	5	5582999	5315156	4	5562342	5315139	1	20657	17	yes	
INF055	INF055		no	PASS	99.96	99.85	0.939	Lysinibacillus	0.0074	PASS	Klebsiella pneumoniae	ST268	KL20	Klebsiella pneumoniae	ST268	KL20	PASS		PASS	standard	clinopore	3	5381688	5281850	3	5381463	5281844	0	225	6	yes	
INF056	INF056		no	PASS	97.1	96.64	0.9495	Escherichia	0.0047	PASS	Klebsiella pneumoniae	ST3042	KL18	Klebsiella pneumoniae	ST3042	KL18	PASS		PASS	standard	clinopore	2	5601366	5365855	2	5601347	5365835	0	19	20	yes	
INF057	INF057		no	PASS	99.51	99.3	0.9499	Escherichia	0.0094	PASS	Klebsiella pneumoniae	ST27	KL142	Klebsiella pneumoniae	ST27	KL142	PASS		PASS	standard	clinopore	6	6027236	5233048	7	6035608	5233032	-1	-8372	16	yes	
INF060	INF060		no	PASS	99.82	99.62	0.9793	Homo	0.0009	PASS	Klebsiella pneumoniae	ST603	KL22	Klebsiella pneumoniae	ST603	KL22	PASS		PASS	standard	clinopore	2	5359179	5252804	3	5365444	5252790	-1	-6265	14	yes	
INF062	INF062		no	PASS	99.96	99.73	0.9518	Serratia	0.0089	PASS	Klebsiella pneumoniae	ST230	KL167	Klebsiella pneumoniae	ST230	KL167	PASS		PASS	standard	clinopore	3	5815831	5537724	3	5815801	5537693	0	30	31	yes	
INF063	INF063		no	PASS	99.13	98.96	0.9737	Homo	0.0017	PASS	Klebsiella pneumoniae	ST110	KL108	Klebsiella pneumoniae	ST110	KL108	PASS		PASS	standard	clinopore	2	5437984	5296344	2	5438023	5296380	0	-39	-36	yes	
INF066	INF066		no	PASS	99.94	99.74	0.9896	Homo	0.0011	PASS	Klebsiella pneumoniae	ST3070	KL166	Klebsiella pneumoniae	ST3070	KL166	PASS		PASS	standard	clinopore	1	5280133	5280133	1	5280130	5280130	0	3	3	yes	
INF067	INF067		no	PASS	99.86	99.65	0.9789	Serratia	0.0033	PASS	Klebsiella pneumoniae	ST45	KL24	Klebsiella pneumoniae	ST45	KL24	PASS		PASS	standard	clinopore	4	5478237	5330567	4	5482599	5330559	0	-4362	8	yes	
INF068	INF068		no	PASS	98.93	98.71	0.9699	Enterobacter	0.007	PASS	Klebsiella pneumoniae	ST584	KL60	Klebsiella pneumoniae	ST584	KL60	PASS		PASS	standard	clinopore	2	5491207	5259842	2	5491306	5259938	0	-99	-96	yes	
INF070	INF070		no	PASS	98.38	98.08	0.9562	Escherichia	0.0069	PASS	Klebsiella pneumoniae	ST323	KL21	Klebsiella pneumoniae	ST323	KL21	PASS		PASS	standard	clinopore	3	5656328	5228905	3	5656370	5228950	0	-42	-45	yes	
INF071	INF071.1	.1	no	PASS	99.99	99.78	0.9805	Serratia	0.0014	PASS	Klebsiella pneumoniae	ST607	KL48	Klebsiella pneumoniae	ST607	KL48	PASS		PASS	standard	flye (03_assembly) > repolish	3	5557593	5309911	3	5557597	5309915	0	-4	-4	yes	
INF071	INF071.2	.2	no	FAIL_VARIANT	87.89	86.87	0.9744	Escherichia	0.002	PASS	Klebsiella pneumoniae	ST133	KL116	Klebsiella pneumoniae	ST607	KL48									2	5602428	5362695				no	duplicate_colony_pick
INF072	INF072		no	PASS	98.6	98.43	0.9623	Escherichia	0.0025	PASS	Klebsiella pneumoniae	ST133-1LV	KL116	Klebsiella pneumoniae	ST133	KL116	PASS		PASS	standard	clinopore	2	5602433	5362697	2	5608740	5369005	0	-6307	-6308	yes	
INF074	INF074		no	PASS	98.69	98.4	0.9821	Homo	0.0015	PASS	Klebsiella pneumoniae	ST111	KL63	Klebsiella pneumoniae	ST111	KL63	PASS		PASS	standard	flye (03_assembly) > repolish	13	5933570	5282075	13	5933812	5282280	0	-242	-205	yes	
INF077	INF077_v2		yes	PASS	99.56	99.27	0.9725	Homo	0.0014	PASS	Klebsiella pneumoniae	ST37	KL14	Klebsiella pneumoniae	ST37	KL14	PASS		PASS	standard	clinopore	1	5345091	5345091	1	5345083	5345083	0	8	8	yes	
INF080	INF080		no	PASS	99.48	99.16	0.9549	Escherichia	0.0031	PASS	Klebsiella pneumoniae	ST1694	KL63	Klebsiella pneumoniae	ST1694	KL63	PASS		PASS	standard	clinopore	2	5706614	5503677	2	5706591	5503653	0	23	24	yes	
INF081	INF081		no	PASS	99.98	99.78	0.9628	Homo	0.0018	PASS	Klebsiella variicola subsp. variicola	ST3080	KL105	Klebsiella variicola subsp. variicola	ST3080	KL105	PASS		PASS	standard	clinopore	2	5700940	5480114	2	5700919	5480093	0	21	21	yes	
INF082	INF082		no	PASS	96.89	96.71	0.9562	Escherichia	0.0061	PASS	Klebsiella pneumoniae	ST3041	KL30	Klebsiella pneumoniae	ST3041	KL30	PASS		PASS	standard	clinopore	3	5654691	5315182	3	5654671	5315165	0	20	17	yes	
INF083	INF083		no	PASS	99.03	98.73	0.9603	Escherichia	0.0018	PASS	Klebsiella pneumoniae	ST3046	KL22	Klebsiella pneumoniae	ST3046	KL22	PASS		PASS	standard	clinopore	2	5484834	5302829	2	5484839	5302835	0	-5	-6	yes	
INF084	INF084_v2		yes	PASS	99.44	99.15	0.9581	Homo	0.0021	PASS	Klebsiella pneumoniae	ST661	KL47	Klebsiella pneumoniae	ST661	KL47	PASS		PASS	standard	clinopore	2	5344839	5116465	2	5344868	5116495	0	-29	-30	yes	
INF087	INF087		no	PASS	99.17	99.0	0.9566	Enterobacter	0.0069	PASS	Klebsiella pneumoniae	ST3050	KL36	Klebsiella pneumoniae	ST3050	KL36	PASS		PASS	standard	clinopore	4	5448026	5188784	4	5447766	5188797	0	260	-13	yes	
INF088	INF088		no	PASS	99.32	98.98	0.955	Enterobacter	0.0034	PASS	Klebsiella pneumoniae	ST111	KL113	Klebsiella pneumoniae	ST111	KL113	PASS		PASS	standard	clinopore	3	5533885	5321153	3	5533868	5321136	0	17	17	yes	
INF089	INF089		no	PASS	99.99	99.74	0.9686	Enterobacter	0.004	PASS	Klebsiella quasipneumoniae subsp. quasipneumoniae	ST3091	KL11	Klebsiella quasipneumoniae subsp. quasipneumoniae	ST3091	KL11	PASS		PASS	standard	clinopore	2	5479625	5301454	2	5479596	5301425	0	29	29	yes	
INF090	INF090		no	PASS	98.86	98.64	0.9729	Salmonella	0.0021	PASS	Klebsiella pneumoniae	ST185	KL130	Klebsiella pneumoniae	ST185	KL130	PASS		PASS	standard	clinopore	1	5396249	5396249	1	5396241	5396241	0	8	8	yes	
INF091	INF091.1	.1	no	PASS	98.47	98.21	0.9263	Escherichia	0.0146	PASS	Klebsiella pneumoniae	ST45	KL24	Klebsiella pneumoniae	ST45	KL24	DROP_VARIANT								2	5508939	5348829				no	duplicate_colony_pick
INF091	INF091.2	.2	no	PASS	99.99	99.79	0.9531	Escherichia	0.0041	PASS	Klebsiella pneumoniae	ST45	KL24	Klebsiella pneumoniae	ST45	KL24	PASS		PASS	standard	clinopore	2	5604333	5348836	2	5600852	5348825	0	3481	11	yes	
INF092	INF092.1	.1	no	PASS	99.26	99.02	0.9853	Enterobacter	0.0021	PASS	Klebsiella pneumoniae	ST2415	KL131	Klebsiella pneumoniae	ST2415	KL131	PASS		PASS	standard	clinopore	1	5342855	5342855	1	5340412	5340412	0	2443	2443	yes	
INF092	INF092.2	.2	no	FAIL_VARIANT	16.85	11.36	0.0141	Enterobacter	0.9517	FAIL	NO_KLEBORATE_CALL	NO_KLEBORATE_CALL	NO_KLEBORATE_CALL	Klebsiella pneumoniae	ST2415	KL131									5	5024780	4861420				no	duplicate_colony_pick
INF093	INF093.1	.1	no	PASS	95.54	95.23	0.9686	Escherichia	0.0028	PASS	Klebsiella pneumoniae	ST323	KL21	Klebsiella pneumoniae	ST323	KL21	PASS		PASS	standard	clinopore	4	5812778	5228897	5	5820577	5228965	-1	-7799	-68	yes	
INF093	INF093.2	.2	no	FAIL_VARIANT	91.77	91.19	0.9847	Homo	0.0011	PASS	Klebsiella pneumoniae	ST323	KL21	Klebsiella pneumoniae	ST323	KL21									3	5567164	5228924				no	duplicate_colony_pick
INF096	INF096		no	REDO_ASSEMBLY_META	99.94	99.42	0.9728	Escherichia	0.0022	PASS	Klebsiella pneumoniae	ST603	KL130	Klebsiella pneumoniae	ST603	KL22									2	5469159	5326695				no	platform_k_locus_discordance
INF097	INF097		no	PASS	99.98	99.73	0.9595	Escherichia	0.0038	PASS	Klebsiella pneumoniae	ST1307	KL127	Klebsiella pneumoniae	ST1307	KL127	PASS		PASS	standard	clinopore	2	5566424	5458111	2	5512116	5458101	0	54308	10	yes	
INF098	INF098		no	PASS	98.27	97.9	0.9448	Escherichia	0.0017	PASS	Klebsiella pneumoniae	ST611	KL71	Klebsiella pneumoniae	ST611	KL71	PASS		PASS	standard	clinopore	3	5434556	5317468	3	5438314	5317458	0	-3758	10	yes	
INF099	INF099		no	PASS	99.75	99.51	0.9644	Homo	0.0058	PASS	Klebsiella pneumoniae	ST1583	KL102	Klebsiella pneumoniae	ST1583	KL102	PASS		PASS	standard	clinopore	2	5338552	5337998	1	5338020	5338020	1	532	-22	yes	
INF100	INF100		no	PASS	99.99	99.7	0.9772	Homo	0.0013	PASS	Klebsiella pneumoniae	ST22	KL9	Klebsiella pneumoniae	ST22	KL9	PASS		PASS	standard	clinopore	2	5306810	5073547	2	5306798	5073538	0	12	9	yes	
INF101	INF101		no	PASS	99.95	99.66	0.9183	Escherichia	0.0056	PASS	Klebsiella pneumoniae	ST133	KL116	Klebsiella pneumoniae	ST133	KL116	PASS		PASS	standard	clinopore	3	5525351	5329919	3	5525336	5329904	0	15	15	yes	
INF103	INF103		no	PASS	99.09	98.54	0.9721	Homo	0.0016	PASS	Klebsiella variicola subsp. variicola	ST3087	KL46	Klebsiella variicola subsp. variicola	ST3087	KL46	PASS		PASS	standard	clinopore	5	5764594	5514456	4	5763799	5514384	1	795	72	yes	
INF104	INF104.1	.1	no	PASS	99.07	98.78	0.9716	Escherichia	0.0029	PASS	Klebsiella pneumoniae	ST45	KL24	Klebsiella pneumoniae	ST45	KL24	DROP_VARIANT								2	5499655	5348827				no	duplicate_colony_pick
INF104	INF104.2	.2	no	PASS	99.99	99.75	0.9479	Escherichia	0.0053	PASS	Klebsiella pneumoniae	ST45	KL24	Klebsiella pneumoniae	ST45	KL24	PASS		PASS	standard	clinopore	2	5556783	5348837	2	5556781	5348835	0	2	2	yes	
INF106	INF106		no	PASS	99.64	99.36	0.9746	Citrobacter	0.0033	PASS	Klebsiella pneumoniae	ST690	KL30	Klebsiella pneumoniae	ST690	KL30	PASS		PASS	standard	clinopore	2	5323826	5108881	2	5323892	5108948	0	-66	-67	yes	
INF107	INF107		no	PASS	99.94	99.45	0.9792	Escherichia	0.0013	PASS	Klebsiella pneumoniae	ST3064	KL54	Klebsiella pneumoniae	ST3064	KL54	PASS		PASS	standard	clinopore	1	5184092	5184092	1	5184076	5184076	0	16	16	yes	
INF108	INF108		no	PASS	99.99	99.68	0.9704	Enterobacter	0.0019	PASS	Klebsiella pneumoniae	ST247	KL10	Klebsiella pneumoniae	ST247	KL10	PASS		PASS	standard	clinopore	1	5229290	5229290	1	5229284	5229284	0	6	6	yes	
INF109	INF109		no	PASS	99.99	99.59	0.965	Escherichia	0.0025	PASS	Klebsiella pneumoniae	ST229	KL63	Klebsiella pneumoniae	ST229	KL63	PASS		PASS	standard	clinopore	1	5177297	5177297	1	5151592	5151592	0	25705	25705	yes	
INF110	INF110		no	PASS	99.01	98.46	0.9704	Escherichia	0.0027	PASS	Klebsiella pneumoniae	ST520	KL2	Klebsiella pneumoniae	ST520	KL2	PASS		PASS	standard	clinopore	2	5495432	5291815	2	5495428	5291810	0	4	5	yes	
INF112	INF112		no	PASS	99.49	99.11	0.9684	Citrobacter	0.0035	PASS	Klebsiella variicola subsp. variicola	ST2988	KL137	Klebsiella variicola subsp. variicola	ST2988	KL137	PASS		PASS	standard	clinopore	2	5710595	5492026	2	5710613	5492044	0	-18	-18	yes	
INF113	INF113		no	PASS	99.99	99.52	0.9507	Escherichia	0.0026	PASS	Klebsiella pneumoniae	ST321	KL3	Klebsiella pneumoniae	ST321	KL3	PASS		PASS	standard	clinopore	5	5593361	5323523	5	5593497	5323646	0	-136	-123	yes	
INF114	INF114		no	PASS	99.99	99.59	0.9412	Enterobacter	0.0032	PASS	Klebsiella variicola subsp. variicola	ST2989	KL55	Klebsiella variicola subsp. variicola	ST2989	KL55	PASS		PASS	standard	clinopore	2	5687816	5577312	2	5693391	5582887	0	-5575	-5575	yes	
INF117	INF117.1	.1	no	PASS	97.47	96.98	0.9802	Citrobacter	0.0031	PASS	Klebsiella pneumoniae	ST3045	KL146	Klebsiella pneumoniae	ST3045	KL146	PASS		PASS	standard	clinopore	1	5150294	5150294	1	5150283	5150283	0	11	11	yes	
INF117	INF117.2	.2	no	FAIL_VARIANT	90.61	89.48	0.9525	Escherichia	0.0028	PASS	Klebsiella pneumoniae	ST321	KL3	Klebsiella pneumoniae	ST3045	KL146									3	5579813	5323609				no	duplicate_colony_pick
INF118	INF118		no	PASS	98.05	97.26	0.9312	Escherichia	0.0035	PASS	Klebsiella pneumoniae	ST3073	KL132	Klebsiella pneumoniae	ST3073	KL132	PASS		PASS	standard	clinopore	5	5841966	5472606	6	5852595	5472601	-1	-10629	5	yes	
INF120	INF120		no	PASS	99.99	99.61	0.9741	Homo	0.0014	PASS	Klebsiella pneumoniae	ST309	KL42	Klebsiella pneumoniae	ST309	KL42	PASS		PASS	standard	clinopore	2	5477101	5328182	2	5477093	5328174	0	8	8	yes	
INF123	INF123		no	PASS	99.99	99.73	0.9718	Enterobacter	0.003	PASS	Klebsiella variicola subsp. variicola	ST360	KL53	Klebsiella variicola subsp. variicola	ST360	KL53	PASS		PASS	standard	clinopore	1	5488183	5488183	1	5488165	5488165	0	18	18	yes	
INF126	INF126		no	PASS	99.99	99.64	0.968	Homo	0.0019	PASS	Klebsiella pneumoniae	ST1621	KL46	Klebsiella pneumoniae	ST1621	KL46	PASS		PASS	standard	clinopore	3	5457142	5340111	2	5449391	5340090	1	7751	21	yes	
INF128	INF128		no	PASS	98.86	98.26	0.8758	Escherichia	0.0101	PASS	Klebsiella pneumoniae	ST27	KL169	Klebsiella pneumoniae	ST27	KL169	PASS		PASS	standard	clinopore	8	5799595	5237976	8	5799645	5237971	0	-50	5	yes	
INF129	INF129		no	PASS	99.99	99.69	0.9811	Homo	0.0014	PASS	Klebsiella pneumoniae	ST1193	KL22	Klebsiella pneumoniae	ST1193	KL22	PASS		PASS	standard	clinopore	2	5430502	5235873	2	5430486	5235858	0	16	15	yes	
INF130	INF130		no	PASS	99.99	99.63	0.9649	Escherichia	0.0027	PASS	Klebsiella pneumoniae	ST1441	KL10	Klebsiella pneumoniae	ST1441	KL10	PASS		PASS	standard	clinopore	6	5694360	5201810	6	5694281	5201803	0	79	7	yes	
INF131	INF131_v2		yes	PASS	99.71	99.21	0.9602	Escherichia	0.006	PASS	Klebsiella pneumoniae	ST3066	KL13	Klebsiella pneumoniae	ST3066	KL13	PASS		PASS	standard	clinopore	1	5328701	5328701	1	5328700	5328700	0	1	1	yes	
INF132	INF132		no	PASS	99.83	99.42	0.978	Escherichia	0.0014	PASS	Klebsiella pneumoniae	ST3075	KL133	Klebsiella pneumoniae	ST3075	KL133	PASS		PASS	standard	clinopore	1	5152616	5152616	1	5152599	5152599	0	17	17	yes	
INF136	INF136.1	.1	no	PASS	99.98	99.52	0.9579	Escherichia	0.0022	PASS	Klebsiella variicola subsp. variicola	ST616	KL54	Klebsiella variicola subsp. variicola	ST616	KL54	DROP_VARIANT								5	6020901	5661278				no	duplicate_colony_pick
INF136	INF136.2	.2	no	PASS	99.98	99.54	0.9156	Homo	0.0043	PASS	Klebsiella variicola subsp. variicola	ST616	KL54	Klebsiella variicola subsp. variicola	ST616	KL54	PASS		PASS	standard	clinopore	6	6140520	5660135	5	6042667	5660325	1	97853	-190	yes	
INF137	INF137		no	PASS	99.94	99.81	0.9723	Homo	0.0017	PASS	Klebsiella pneumoniae	ST3047	KL168	Klebsiella pneumoniae	ST3047	KL168	PASS		PASS	standard	clinopore	1	5264630	5264630	1	5264645	5264645	0	-15	-15	yes	
INF138	INF138		no	PASS	99.99	99.72	0.9706	Homo	0.0033	PASS	Klebsiella pneumoniae	ST458	KL142	Klebsiella pneumoniae	ST458	KL142	PASS		PASS	standard	clinopore	1	5212186	5212186	1	5212172	5212172	0	14	14	yes	
INF139	INF139		no	PASS	99.99	99.76	0.9698	Enterobacter	0.0028	PASS	Klebsiella pneumoniae	ST889	KL54	Klebsiella pneumoniae	ST889	KL54	PASS		PASS	standard	clinopore	2	5537783	5439887	2	5537775	5439879	0	8	8	yes	
INF143	INF143		no	PASS	99.94	96.93	0.9652	Escherichia	0.0028	PASS	Klebsiella pneumoniae	ST280	KL23	Klebsiella pneumoniae	ST280	KL23	PASS		PASS	standard	clinopore	2	5457117	5347816	2	5457299	5347997	0	-182	-181	yes	
INF147	INF147		no	PASS	99.11	98.71	0.9703	Escherichia	0.0053	PASS	Klebsiella pneumoniae	ST412	KL57	Klebsiella pneumoniae	ST412	KL57	PASS		PASS	standard	clinopore	3	5680729	5405957	3	5721681	5405936	0	-40952	21	yes	
INF149	INF149		no	PASS	99.99	99.79	0.9812	Homo	0.0016	PASS	Klebsiella pneumoniae	ST629	KL134	Klebsiella pneumoniae	ST629	KL134	PASS		PASS	standard	clinopore	1	5312134	5312134	1	5304804	5304804	0	7330	7330	yes	
INF150	INF150		no	PASS	99.99	99.47	0.9533	Enterobacter	0.0022	PASS	Klebsiella pneumoniae	ST176	KL13	Klebsiella pneumoniae	ST176	KL13	PASS		PASS	standard	clinopore	1	5306383	5306383	2	5306410	5272866	-1	-27	33517	yes	
INF152	INF152		no	PASS	99.99	99.71	0.9888	Salmonella	0.0016	PASS	Klebsiella variicola subsp. variicola	ST3094	KL103	Klebsiella variicola subsp. variicola	ST3094	KL103	PASS		PASS	standard	clinopore	1	5439828	5439828	1	5439840	5439840	0	-12	-12	yes	
INF153	INF153		no	PASS	99.26	98.85	0.973	Citrobacter	0.0021	PASS	Klebsiella pneumoniae	ST3046	KL22	Klebsiella pneumoniae	ST3046	KL22	PASS		PASS	standard	clinopore	2	5484743	5302738	2	5484745	5302740	0	-2	-2	yes	
INF155	INF155		no	PASS	98.63	98.51	0.9219	Escherichia	0.017	PASS	Klebsiella pneumoniae	ST882-1LV	KL16	Klebsiella pneumoniae	ST882	KL16	PASS		PASS	standard	clinopore	3	5501628	5253964	3	5501627	5253962	0	1	2	yes	
INF159	INF159		no	PASS	96.01	95.79	0.9564	Homo	0.0048	PASS	Klebsiella pneumoniae	ST12	KL122	Klebsiella pneumoniae	ST12	KL122	PASS		PASS	standard	clinopore	2	5546815	5363989	2	5546816	5363981	0	-1	8	yes	
INF160	INF160		no	PASS	99.65	99.58	0.9848	Homo	0.0013	PASS	Klebsiella pneumoniae	ST3056	KL30	Klebsiella pneumoniae	ST3056	KL30	PASS		PASS	standard	clinopore	3	5458829	5183175	3	5458830	5183168	0	-1	7	yes	
INF162	INF162		no	PASS	98.6	98.48	0.9841	Enterobacter	0.0019	PASS	Klebsiella pneumoniae	ST20	KL28	Klebsiella pneumoniae	ST20	KL28	PASS		PASS	standard	clinopore	2	5398043	5203405	2	5399690	5203383	0	-1647	22	yes	
INF165	INF165		no	PASS	99.08	98.74	0.9634	Escherichia	0.002	PASS	Klebsiella pneumoniae	ST54	KL14	Klebsiella pneumoniae	ST54	KL14	PASS		PASS	standard	clinopore	3	5747229	5339356	4	5755013	5339334	-1	-7784	22	yes	
INF166	INF166		no	PASS	98.35	98.12	0.9866	Escherichia	0.0013	PASS	Klebsiella pneumoniae	ST2370	KL15	Klebsiella pneumoniae	ST2370	KL15	PASS		PASS	standard	clinopore	2	5395974	5230981	2	5394719	5230962	0	1255	19	yes	
INF167	INF167_v2		yes	PASS	99.32	98.98	0.9291	Escherichia	0.0049	PASS	Klebsiella pneumoniae	ST17	KL25	Klebsiella pneumoniae	ST17	KL25	PASS_REFERENCE_MISMATCH	reference row describes a different strain	PASS	standard	clinopore	2	5573835	5308053	2	5573826	5308044	0	9	9	yes	
INF169	INF169		no	PASS	99.94	99.38	0.9211	Escherichia	0.0088	PASS	Klebsiella variicola subsp. variicola	ST1688	KL57	Klebsiella variicola subsp. variicola	ST1688	KL57	PASS		PASS	standard	clinopore	3	5717439	5551636	3	5717413	5551611	0	26	25	yes	
INF170	INF170		no	PASS	96.81	96.53	0.97	Escherichia	0.0041	PASS	Klebsiella pneumoniae	ST2116	KL28	Klebsiella pneumoniae	ST2116	KL28	PASS		PASS	standard	clinopore	3	5853874	5327771	3	5853872	5327758	0	2	13	yes	
INF172	INF172		no	PASS	99.31	99.06	0.9722	Enterobacter	0.0055	PASS	Klebsiella pneumoniae	ST540	KL9	Klebsiella pneumoniae	ST540	KL9	PASS		PASS	standard	clinopore	2	5264344	5092292	2	5267785	5095733	0	-3441	-3441	yes	
INF173	INF173		no	PASS	99.98	99.84	0.9717	Homo	0.0013	PASS	Klebsiella pneumoniae	ST256	KL47	Klebsiella pneumoniae	ST256	KL47	PASS		PASS	standard	clinopore	1	5218084	5218084	1	5218064	5218064	0	20	20	yes	
INF175	INF175		no	PASS	99.98	99.76	0.9813	Escherichia	0.0018	PASS	Klebsiella pneumoniae	ST1165	KL45	Klebsiella pneumoniae	ST1165	KL45	PASS		PASS	standard	clinopore	1	5322804	5322804	1	5322799	5322799	0	5	5	yes	
INF176	INF176		no	PASS	99.98	99.15	0.9645	Escherichia	0.0054	PASS	Klebsiella pneumoniae	ST37	KL14	Klebsiella pneumoniae	ST37	KL14	PASS		PASS	standard	clinopore	3	5589474	5391043	3	5589472	5391031	0	2	12	yes	
INF180	INF180		no	PASS	99.99	99.72	0.9494	Homo	0.0056	PASS	Klebsiella pneumoniae	ST661	KL28	Klebsiella pneumoniae	ST661	KL28	PASS		PASS	standard	clinopore	3	5576685	5070595	3	5576674	5070588	0	11	7	yes	
INF181	INF181		no	PASS	98.13	97.93	0.9319	Escherichia	0.006	PASS	Klebsiella variicola subsp. variicola	ST347	KL14	Klebsiella variicola subsp. variicola	ST347	KL14	PASS		PASS	standard	clinopore	3	5888712	5426551	3	5888708	5426547	0	4	4	yes	
INF183	INF183		no	PASS	99.98	99.78	0.9822	Enterobacter	0.0014	PASS	Klebsiella pneumoniae	ST36	KL51	Klebsiella pneumoniae	ST36	KL51	PASS		PASS	standard	clinopore	3	5634921	5270995	3	5634915	5270989	0	6	6	yes	
INF184	INF184		no	PASS_FALSE_POSITIVE_CONTAM	99.98	99.73	0.9257	Escherichia	0.0594	FAIL	Klebsiella pneumoniae	ST3062	KL124	Klebsiella pneumoniae	ST3062	KL124	PASS		PASS	standard	clinopore	2	5317698	5168662	2	5318229	5168645	0	-531	17	yes	
INF186	INF186		no	REDO_DECONTAM_KLEBSIELLA	99.27	99.09	0.9596	Escherichia	0.0185	FAIL	Klebsiella pneumoniae	ST480	KL124	Klebsiella quasipneumoniae subsp. similipneumoniae	ST480	KL52	PASS		PASS	kraken2_decontam	kraken2 decontam > clinopore	1	5109232	5109232	1	5109356	5109356	0	-124	-124	yes	
INF187	INF187_v2		yes	PASS	99.65	99.34	0.9611	Escherichia	0.0028	PASS	Klebsiella pneumoniae	ST23	KL1	Klebsiella pneumoniae	ST23	KL1	PASS_REFERENCE_MISMATCH	reference row describes a different strain	PASS	standard	clinopore	2	5683419	5459437	2	5683413	5459433	0	6	4	yes	
INF189	INF189		no	PASS	99.64	99.37	0.9714	Homo	0.0016	PASS	Klebsiella variicola subsp. variicola	ST3083	KL53	Klebsiella variicola subsp. variicola	ST3083	KL53	PASS		PASS	standard	clinopore	2	5581859	5430323	2	5581868	5430333	0	-9	-10	yes	
INF191	INF191		no	PASS	99.99	99.73	0.9391	Escherichia	0.0024	PASS	Klebsiella pneumoniae	ST86	KL2	Klebsiella pneumoniae	ST86	KL2	PASS		PASS	standard	clinopore	3	5480309	5226414	3	5480298	5226409	0	11	5	yes	
INF193	INF193		no	PASS	97.46	96.95	0.9682	Escherichia	0.0039	PASS	Klebsiella variicola subsp. variicola	ST681	KL10	Klebsiella variicola subsp. variicola	ST681	KL10	PASS		PASS	standard	clinopore	3	5717687	5397979	3	5717849	5397970	0	-162	9	yes	
INF195	INF195		no	PASS_PROVISIONAL_CHECK_EXTERNAL	99.98	99.84	0.9733	Enterobacter	0.0032	FAIL	Klebsiella quasipneumoniae subsp. similipneumoniae	ST414	KL123	Klebsiella quasipneumoniae subsp. similipneumoniae	ST414	KL123	PASS		PASS	standard	clinopore	2	5269782	5087419	2	5269757	5087395	0	25	24	yes	
INF196	INF196		no	PASS	99.71	99.62	0.9714	Homo	0.0032	PASS	Klebsiella pneumoniae	ST66	KL2	Klebsiella pneumoniae	ST66	KL2	PASS		PASS	standard	clinopore	3	5672371	5416446	4	5713254	5416411	-1	-40883	35	yes	
INF197	INF197		no	PASS	99.33	98.87	0.891	Escherichia	0.0078	PASS	Klebsiella pneumoniae	ST27	KL38	Klebsiella pneumoniae	ST27	KL38	PASS		PASS	standard	clinopore	5	5719792	5316143	4	5722730	5316136	1	-2938	7	yes	
INF198	INF198		no	PASS	99.89	99.71	0.9703	Enterobacter	0.0022	PASS	Klebsiella pneumoniae	ST1010	KL142	Klebsiella pneumoniae	ST1010	KL142	PASS		PASS	standard	clinopore	3	5656734	5344844	3	5656724	5344836	0	10	8	yes	
INF199	INF199		no	PASS	99.84	99.62	0.9796	Homo	0.0015	PASS	Klebsiella pneumoniae	ST629	KL10	Klebsiella pneumoniae	ST629	KL10	PASS		PASS	standard	clinopore	1	5251143	5251143	1	5251111	5251111	0	32	32	yes	
INF200	INF200		no	PASS	99.73	99.45	0.9768	Homo	0.002	PASS	Klebsiella pneumoniae	ST292-1LV	KL143	Klebsiella pneumoniae	ST292	KL143	PASS		PASS	standard	clinopore	1	5182582	5182582	1	5182527	5182527	0	55	55	yes	
INF202	INF202_v2		yes	PASS	99.76	99.09	0.9714	Escherichia	0.0015	PASS	Klebsiella pneumoniae	ST292	KL143	Klebsiella pneumoniae	ST292	KL143	PASS_REFERENCE_MISMATCH	reference row describes a different strain	PASS	standard	clinopore	1	5182582	5182582	1	5182576	5182576	0	6	6	yes	
INF203	INF203		no	PASS	99.36	99.15	0.9587	Escherichia	0.0029	PASS	Klebsiella variicola subsp. variicola	ST3088	KL16	Klebsiella variicola subsp. variicola	ST3088	KL16	PASS		PASS	standard	clinopore	2	5868654	5642374	2	5868617	5642338	0	37	36	yes	
INF204	INF204		no	PASS	99.27	98.58	0.9826	Homo	0.0021	PASS	Klebsiella pneumoniae	ST253	KL15	Klebsiella pneumoniae	ST253	KL15	PASS		PASS	standard	clinopore	4	5594021	5149944	4	5594018	5149945	0	3	-1	yes	
INF205	INF205		no	REDO_ASSEMBLY_META	99.96	99.78	0.9732	Homo	0.0018	PASS	Klebsiella pneumoniae	ST3049	KL55	Klebsiella pneumoniae	ST3049	KL55	PASS		PASS	standard	autocycler > repolish	2	5324840	5213790	2	5324813	5213763	0	27	27	yes	
INF207	INF207		no	PASS	98.84	98.64	0.9582	Escherichia	0.0021	PASS	Klebsiella quasipneumoniae subsp. similipneumoniae	ST1308	KL144	Klebsiella quasipneumoniae subsp. similipneumoniae	ST1308	KL144	PASS		PASS	standard	clinopore	3	5432257	5136894	3	5432226	5136865	0	31	29	yes	
INF209	INF209		no	PASS	98.61	98.42	0.9625	Escherichia	0.0056	PASS	Klebsiella variicola subsp. variicola	ST681	KL10	Klebsiella variicola subsp. variicola	ST681	KL10	PASS		PASS	standard	clinopore	3	5715403	5397980	3	5715387	5397967	0	16	13	yes	
INF211	INF211		no	PASS	99.99	99.72	0.9527	Escherichia	0.0019	PASS	Klebsiella pneumoniae	ST281	KL64	Klebsiella pneumoniae	ST281	KL64	PASS		PASS	standard	clinopore	4	5568505	5302281	4	5568477	5302255	0	28	26	yes	
INF212	INF212		no	PASS	98.59	98.38	0.9472	Escherichia	0.0049	PASS	Klebsiella variicola subsp. variicola	ST681	KL10	Klebsiella variicola subsp. variicola	ST681	KL10	PASS		PASS	standard	clinopore	3	5569917	5397980	3	5569917	5397980	0	0	0	yes	
INF213	INF213		no	PASS	97.06	96.79	0.955	Escherichia	0.0241	PASS	Klebsiella pneumoniae	ST323	KL21	Klebsiella pneumoniae	ST323	KL21	PASS		PASS	standard	clinopore	3	5526624	5228684	3	5526630	5228689	0	-6	-5	yes	
INF216	INF216		no	REDO_DECONTAM_KLEBSIELLA	99.86	99.67	0.9818	Homo	0.0015	FAIL	Klebsiella variicola subsp. variicola	ST1165	KL53	Klebsiella variicola subsp. variicola	ST3079	KL53	PASS		PASS	kraken2_decontam	kraken2 decontam > clinopore	4	5411185	5339494	6	5482003	5323550	-2	-70818	15944	yes	
INF217	INF217		no	PASS	98.59	98.33	0.9747	Citrobacter	0.0019	PASS	Klebsiella variicola subsp. variicola	ST919	KL67	Klebsiella variicola subsp. variicola	ST919	KL67	PASS		PASS	standard	clinopore	3	5699102	5518623	3	5699083	5518605	0	19	18	yes	
INF218	INF218		no	PASS	97.81	97.59	0.9559	Escherichia	0.0031	PASS	Klebsiella variicola subsp. variicola	ST3081	KL15	Klebsiella variicola subsp. variicola	ST3081	KL15	PASS		PASS	standard	clinopore	4	5903727	5652041	3	5898128	5652012	1	5599	29	yes	
INF219	INF219		no	PASS	99.98	99.84	0.978	Homo	0.0016	PASS	Klebsiella variicola subsp. variicola	ST594	KL19	Klebsiella variicola subsp. variicola	ST594	KL19	PASS		PASS	standard	clinopore	1	5449097	5449097	1	5450182	5450182	0	-1085	-1085	yes	
INF220	INF220		no	PASS	99.98	99.78	0.9795	Escherichia	0.0016	PASS	Klebsiella pneumoniae	ST1877	KL14	Klebsiella pneumoniae	ST1877	KL14	PASS		PASS	standard	clinopore	2	5349232	5165259	3	5355941	5165277	-1	-6709	-18	yes	
INF221	INF221		no	PASS	99.62	99.35	0.9718	Enterobacter	0.0037	PASS	Klebsiella quasipneumoniae subsp. similipneumoniae	ST1822	KL48	Klebsiella quasipneumoniae subsp. similipneumoniae	ST1822	KL48	PASS		PASS	standard	clinopore	2	5362514	5220699	2	5362483	5220668	0	31	31	yes	
INF224	INF224		no	PASS	99.41	99.25	0.9768	Escherichia	0.0038	PASS	Klebsiella pneumoniae	ST336	KL25	Klebsiella pneumoniae	ST336	KL25	PASS		PASS	standard	clinopore	2	5577522	5356959	2	5577004	5356941	0	518	18	yes	
INF225	INF225		no	PASS	99.97	99.83	0.9706	Escherichia	0.0031	PASS	Klebsiella pneumoniae	ST86	KL2	Klebsiella pneumoniae	ST86	KL2	PASS		PASS	standard	clinopore	2	5429643	5225182	3	5440881	5225153	-1	-11238	29	yes	
INF226	INF226_v2		yes	PASS	99.33	98.59	0.9599	Escherichia	0.0022	PASS	Klebsiella pneumoniae	ST336	KL25	Klebsiella pneumoniae	ST336	KL25	PASS_REFERENCE_MISMATCH	reference row describes a different strain	PASS	standard	clinopore	2	5577522	5356959	2	5577529	5356955	0	-7	4	yes	
INF227	INF227_v2		yes	PASS	99.52	98.63	0.9645	Homo	0.0035	PASS	Klebsiella pneumoniae	ST86	KL2	Klebsiella pneumoniae	ST86	KL2	PASS_REFERENCE_MISMATCH	reference row describes a different strain	PASS	standard	clinopore	2	5429643	5225182	2	5429672	5225211	0	-29	-29	yes	
INF229	INF229_v2		yes	PASS	99.48	98.62	0.9453	Enterobacter	0.0036	PASS	Klebsiella pneumoniae	ST3068	KL119	Klebsiella pneumoniae	ST3068	KL119	PASS_REFERENCE_MISMATCH	reference row describes a different strain	PASS	standard	clinopore	2	5518833	5454650	2	5518854	5454642	0	-21	8	yes	
INF230	INF230		no	PASS	99.98	99.79	0.9768	Enterobacter	0.0018	PASS	Klebsiella quasipneumoniae subsp. similipneumoniae	ST3093	KL47	Klebsiella quasipneumoniae subsp. similipneumoniae	ST3093	KL47	PASS		PASS	standard	clinopore	2	5248055	5140504	3	5199105	5140529	-1	48950	-25	yes	
INF233	INF233		no	PASS	99.13	98.9	0.9643	Escherichia	0.0028	PASS	Klebsiella pneumoniae	ST180	KL55	Klebsiella pneumoniae	ST180	KL55	PASS		PASS	standard	clinopore	2	5444821	5322555	2	5444800	5322535	0	21	20	yes	
INF234	INF234		no	PASS	99.09	99.02	0.9729	Homo	0.0019	PASS	Klebsiella pneumoniae	ST134	KL25	Klebsiella pneumoniae	ST134	KL25	PASS		PASS	standard	clinopore	3	5571396	5312458	4	5577809	5312443	-1	-6413	15	yes	
INF238	INF238		no	PASS	99.88	99.68	0.9423	Acinetobacter	0.008	PASS	Klebsiella variicola subsp. variicola	ST347	KL103	Klebsiella variicola subsp. variicola	ST347	KL103	PASS		PASS	standard	clinopore	2	5585038	5481454	2	5585011	5481429	0	27	25	yes	
INF239	INF239		no	PASS	98.59	98.52	0.975	Escherichia	0.0019	PASS	Klebsiella pneumoniae	ST564	KL28	Klebsiella pneumoniae	ST564	KL28	PASS		PASS	standard	clinopore	1	5147685	5147685	1	5147656	5147656	0	29	29	yes	
INF241	INF241		no	PASS	99.99	99.8	0.9625	Escherichia	0.0034	PASS	Klebsiella pneumoniae	ST3072	KL39	Klebsiella pneumoniae	ST3072	KL39	PASS		PASS	standard	clinopore	3	5481865	5238076	3	5481832	5238045	0	33	31	yes	
INF243	INF243		no	PASS	98.16	97.86	0.9668	Homo	0.0026	PASS	Klebsiella pneumoniae	ST3072	KL39	Klebsiella pneumoniae	ST3072	KL39	PASS		PASS	standard	clinopore	2	5542131	5358020	2	5542102	5357991	0	29	29	yes	
INF244	INF244		no	PASS	99.36	97.57	0.9576	Escherichia	0.0049	PASS	Klebsiella variicola subsp. variicola	ST681	KL10	Klebsiella variicola subsp. variicola	ST681	KL10	PASS		PASS	standard	clinopore	4	5699678	5383447	4	5705674	5383433	0	-5996	14	yes	
INF245	INF245		no	PASS	98.12	98.03	0.9772	Escherichia	0.0041	PASS	Klebsiella variicola subsp. variicola	ST681	KL10	Klebsiella variicola subsp. variicola	ST681	KL10	PASS		PASS	standard	clinopore	3	5715403	5397980	3	5715390	5397964	0	13	16	yes	
INF246	INF246		no	PASS	99.75	99.48	0.911	Escherichia	0.0088	PASS	Klebsiella pneumoniae	ST29	KL30	Klebsiella pneumoniae	ST29	KL30	PASS		PASS	standard	clinopore	7	5700299	5355101	8	5719896	5355072	-1	-19597	29	yes	
INF248	INF248		no	PASS	99.97	99.56	0.9678	Enterobacter	0.0021	PASS	Klebsiella pneumoniae	ST3063	KL20	Klebsiella pneumoniae	ST3063	KL20	PASS		PASS	standard	clinopore	1	5221932	5221932	1	5221898	5221898	0	34	34	yes	
INF251	INF251_v2		yes	PASS	98.55	97.83	0.9281	Escherichia	0.002	PASS	Klebsiella pneumoniae	ST2623	KL52	Klebsiella pneumoniae	ST2623	KL52	PASS_REFERENCE_MISMATCH	reference row describes a different strain	PASS	standard	clinopore	2	5587854	5360125	2	5587853	5360120	0	1	5	yes	
INF252	INF252		no	PASS	99.87	99.35	0.935	Escherichia	0.0087	PASS	Klebsiella pneumoniae	ST485	KL28	Klebsiella pneumoniae	ST485	KL28	PASS		PASS	standard	clinopore	3	5581923	5435104	3	5571400	5424581	0	10523	10523	yes	
INF253	INF253		no	PASS	98.05	97.58	0.9591	Escherichia	0.0039	PASS	Klebsiella pneumoniae	ST101	KL17	Klebsiella pneumoniae	ST101	KL17	PASS		PASS	standard	clinopore	3	5505425	5308777	3	5505408	5308762	0	17	15	yes	
INF254	INF254.1	.1	no	PASS	98.44	98.35	0.9443	Homo	0.009	PASS	Klebsiella pneumoniae	ST86	KL2	Klebsiella pneumoniae	ST86	KL2	PASS		PASS	standard	clinopore	2	5452971	5235376	2	5452951	5235370	0	20	6	yes	
INF254	INF254.2	.2	no	PASS	98.42	98.32	0.9777	Chryseobacterium	0.0018	PASS	Klebsiella pneumoniae	ST86	KL2	Klebsiella pneumoniae	ST86	KL2	DROP_VARIANT								2	5452556	5235363				no	duplicate_colony_pick
INF255	INF255.1_v2	.1	yes	PASS	98.66	98.13	0.9106	Escherichia	0.0051	PASS	Klebsiella pneumoniae	ST29	KL30	Klebsiella pneumoniae	ST29	KL30	PASS_REFERENCE_MISMATCH	reference row describes a different strain	PASS	standard	clinopore	8	5690260	5357250	9	5692226	5357236	-1	-1966	14	yes	
INF255	INF255.2_v2	.2	yes	FAIL_VARIANT	97.26	96.16	0.832	Pseudomonas	0.003	PASS	Klebsiella pneumoniae	ST743-1LV	KL13	Klebsiella pneumoniae	ST29	KL30									746	15674009					no	duplicate_colony_pick
INF256	INF256		no	PASS	96.44	95.97	0.9545	Escherichia	0.0043	PASS	Klebsiella pneumoniae	ST3043	KL10	Klebsiella pneumoniae	ST3043	KL10	PASS		PASS	standard	clinopore	2	5518204	5281433	2	5518209	5281438	0	-5	-5	yes	
INF257	INF257.1_v2	.1	yes	PASS	99.62	99.24	0.9332	Escherichia	0.0017	PASS	Klebsiella pneumoniae	ST3074	KL13	Klebsiella pneumoniae	ST3074	KL13	DROP_VARIANT								2	5660285	5448165				no	duplicate_colony_pick
INF257	INF257.2_v2	.2	yes	PASS	99.65	99.4	0.9403	Escherichia	0.0015	PASS	Klebsiella pneumoniae	ST1536	KL30	Klebsiella pneumoniae	ST1536	KL30	PASS		PASS	standard	clinopore	3	5353078	5178307	3	5352327	5178300	0	751	7	yes	
INF258	INF258		no	PASS	99.97	99.37	0.9695	Enterobacter	0.0022	PASS	Klebsiella pneumoniae	ST3074	KL13	Klebsiella pneumoniae	ST3074	KL13	PASS		PASS	standard	clinopore	2	5660299	5448177	2	5660263	5448144	0	36	33	yes	
INF259	INF259		no	PASS	99.32	98.88	0.9513	Enterobacter	0.0044	PASS	Klebsiella variicola subsp. variicola	ST3086	KL53	Klebsiella variicola subsp. variicola	ST3086	KL53	PASS		PASS	standard	clinopore	4	5788536	5469284	3	5787319	5469260	1	1217	24	yes	
INF260	INF260		no	PASS	97.61	97.03	0.96	Escherichia	0.0062	PASS	Klebsiella pneumoniae	ST323	KL21	Klebsiella pneumoniae	ST323	KL21	PASS		PASS	standard	clinopore	4	5550992	5228897	4	5527439	5229233	0	23553	-336	yes	
INF261	INF261		no	PASS	97.44	96.55	0.9408	Escherichia	0.0062	PASS	Klebsiella pneumoniae	ST29	KL30	Klebsiella pneumoniae	ST29	KL30	PASS		PASS	standard	clinopore	5	5682663	5357255	5	5682423	5357230	0	240	25	yes	
INF262	INF262_v2		yes	REDO_DECONTAM_KLEBSIELLA	99.62	98.87	0.8998	Escherichia	0.0062	FAIL	Klebsiella michiganensis	NON_KPSC	NON_KPSC	Klebsiella michiganensis	NON_KPSC	NON_KPSC									30	12392096					no	library_not_labelled_isolate
INF264	INF264		no	PASS	99.97	99.46	0.9818	Escherichia	0.0011	PASS	Klebsiella pneumoniae	ST1017	KL58	Klebsiella pneumoniae	ST1017	KL58	PASS		PASS	standard	clinopore	4	5589095	5247378	4	5589211	5247487	0	-116	-109	yes	
INF265	INF265		no	PASS	99.16	98.8	0.9654	Pantoea	0.0037	PASS	Klebsiella pneumoniae	ST1507	KL114	Klebsiella pneumoniae	ST1507	KL114	PASS		PASS	standard	clinopore	2	5452722	5343343	2	5452707	5343328	0	15	15	yes	
INF267	INF267		no	PASS	99.59	99.52	0.985	Enterobacter	0.0009	PASS	Klebsiella variicola subsp. variicola	ST3078	KL64	Klebsiella variicola subsp. variicola	ST3078	KL64	PASS_REFERENCE_MISMATCH	reference K locus call unusable	PASS	standard	clinopore	2	5747744	5536514	2	5747720	5536490	0	24	24	yes	
INF268	INF268		no	PASS	99.57	98.96	0.976	Escherichia	0.0069	PASS	Klebsiella pneumoniae	ST3098	KL24	Klebsiella pneumoniae	ST3098	KL24	PASS		PASS	standard	clinopore	2	5546000	5305957	2	5545967	5305940	0	33	17	yes	
INF269	INF269		no	PASS_FALSE_POSITIVE_CONTAM	99.97	99.59	0.9059	Escherichia	0.054	FAIL	Klebsiella pneumoniae	ST13	KL3	Klebsiella pneumoniae	ST13	KL3	PASS		PASS	standard	clinopore	3	5516781	5381333	3	5516525	5381309	0	256	24	yes	
INF271	INF271		no	PASS	99.98	99.59	0.9809	Homo	0.0017	PASS	Klebsiella pneumoniae	ST37	KL15	Klebsiella pneumoniae	ST37	KL15	PASS		PASS	standard	clinopore	2	5426887	5315081	3	5466086	5315102	-1	-39199	-21	yes	
INF273	INF273		no	PASS	99.1	98.69	0.9815	Homo	0.0012	PASS	Klebsiella pneumoniae	ST500	KL34	Klebsiella pneumoniae	ST500	KL34	PASS		PASS	standard	clinopore	3	5502626	5266876	3	5502608	5266860	0	18	16	yes	
INF275	INF275		no	PASS	98.9	95.8	0.9688	Homo	0.0021	PASS	Klebsiella pneumoniae	ST1464	KL109	Klebsiella pneumoniae	ST1464	KL109	PASS		PASS	standard	clinopore	2	5366345	5255807	2	5366336	5255798	0	9	9	yes	
INF280	INF280		no	PASS	99.77	99.61	0.9778	Homo	0.0014	PASS	Klebsiella pneumoniae	ST3055	KL47	Klebsiella pneumoniae	ST3055	KL47	PASS		PASS	standard	clinopore	1	5165182	5165182	1	5165171	5165171	0	11	11	yes	
INF282	INF282		no	PASS	97.19	96.61	0.9593	Escherichia	0.0041	PASS	Klebsiella pneumoniae	ST29	KL30	Klebsiella pneumoniae	ST29	KL30	PASS		PASS	standard	clinopore	3	5683760	5356167	4	5683782	5356185	-1	-22	-18	yes	
INF283	INF283		no	PASS	99.98	99.61	0.9639	Escherichia	0.0063	PASS	Klebsiella pneumoniae	ST111	KL63	Klebsiella pneumoniae	ST111	KL63	PASS		PASS	standard	clinopore	5	5545350	5271369	4	5543667	5271423	1	1683	-54	yes	
INF284	INF284		no	PASS	97.24	96.87	0.9841	Citrobacter	0.0021	PASS	Klebsiella pneumoniae	ST3072	KL39	Klebsiella pneumoniae	ST3072	KL39	PASS		PASS	standard	clinopore	2	5542131	5358020	2	5542105	5357994	0	26	26	yes	
INF286	INF286		no	PASS	99.98	99.48	0.9742	Escherichia	0.0114	PASS	Klebsiella pneumoniae	ST3096	KL58	Klebsiella pneumoniae	ST3096	KL58	PASS		PASS	standard	clinopore	2	5236911	5150803	2	5246678	5150784	0	-9767	19	yes	
INF287	INF287		no	PASS	99.99	99.47	0.9401	Homo	0.0021	PASS	Klebsiella variicola subsp. variicola	ST3082	KL57	Klebsiella variicola subsp. variicola	ST3082	KL57	PASS		PASS	standard	clinopore	3	5648230	5450314	3	5648206	5450290	0	24	24	yes	
INF288	INF288		no	PASS	99.61	99.01	0.9199	Enterobacter	0.0039	PASS	Klebsiella variicola subsp. variicola	ST3084	KL125	Klebsiella variicola subsp. variicola	ST3084	KL125	PASS		PASS	standard	clinopore	3	6202799	5627574	3	6202766	5627548	0	33	26	yes	
INF289	INF289		no	PASS	96.69	95.96	0.9505	Escherichia	0.0054	PASS	Klebsiella pneumoniae	ST29	KL30	Klebsiella pneumoniae	ST29	KL30	PASS		PASS	standard	flye (03_assembly) > repolish	3	5669698	5354962	3	5669760	5355038	0	-62	-76	yes	
INF292	INF292		no	PASS	99.99	99.53	0.973	Escherichia	0.0017	PASS	Klebsiella pneumoniae	ST661	KL28	Klebsiella pneumoniae	ST661	KL28	PASS		PASS	standard	clinopore	3	5576681	5070592	3	5576656	5070570	0	25	22	yes	
INF293	INF293		no	PASS	97.73	95.36	0.9154	Escherichia	0.0045	PASS	Klebsiella pneumoniae	ST3040	KL38	Klebsiella pneumoniae	ST3040	KL38	PASS		PASS	standard	clinopore	8	5684812	5278175	9	5764869	5278149	-1	-80057	26	yes	
INF294	INF294		no	REDO_ASSEMBLY_META	99.7	99.0	0.9842	Citrobacter	0.0012	PASS	Klebsiella pneumoniae	ST37-1LV	KL39	Klebsiella pneumoniae	ST37	KL15									3	5690842	5229611				no	platform_k_locus_discordance
INF295	INF295		no	PASS	98.47	97.88	0.9635	Escherichia	0.0049	PASS	Klebsiella pneumoniae	ST323	KL21	Klebsiella pneumoniae	ST323	KL21	PASS		PASS	standard	clinopore	3	5668940	5228922	3	5668997	5228972	0	-57	-50	yes	
INF297	INF297		no	PASS	98.18	97.79	0.9625	Enterobacter	0.0021	PASS	Klebsiella pneumoniae	ST461	KL62	Klebsiella pneumoniae	ST461	KL62	PASS		PASS	standard	clinopore	4	5690538	5444149	4	5690513	5444130	0	25	19	yes	
INF301	INF301		no	PASS	98.6	98.07	0.9507	Escherichia	0.0037	PASS	Klebsiella pneumoniae	ST27	KL61	Klebsiella pneumoniae	ST27	KL61	PASS		PASS	standard	clinopore	3	5451052	5208405	4	5457638	5208372	-1	-6586	33	yes	
INF303	INF303		no	PASS	99.98	99.63	0.958	Escherichia	0.0051	PASS	Klebsiella pneumoniae	ST3054	KL46	Klebsiella pneumoniae	ST3054	KL46	PASS		PASS	standard	clinopore	2	5270855	5148779	2	5271785	5149709	0	-930	-930	yes	
INF306	INF306		no	PASS	98.05	97.68	0.9781	Homo	0.0016	PASS	Klebsiella pneumoniae	ST3069	KL47	Klebsiella pneumoniae	ST3069	KL47	PASS		PASS	standard	clinopore	1	5284317	5284317	1	5284298	5284298	0	19	19	yes	
INF307	INF307		no	PASS	99.97	99.47	0.9768	Escherichia	0.0011	PASS	Klebsiella variicola subsp. variicola	ST1456	KL60	Klebsiella variicola subsp. variicola	ST1456	KL60	PASS		PASS	standard	clinopore	3	5881784	5407396	3	5881513	5407443	0	271	-47	yes	
INF308	INF308		no	PASS	99.94	99.57	0.9859	Homo	0.001	PASS	Klebsiella pneumoniae	ST1997	KL28	Klebsiella pneumoniae	ST1997	KL28	PASS		PASS	standard	clinopore	1	5318286	5318286	1	5318269	5318269	0	17	17	yes	
INF309	INF309.1	.1	no	PASS	95.97	95.34	0.9698	Enterobacter	0.0024	PASS	Klebsiella quasipneumoniae subsp. similipneumoniae	ST1548	KL170	Klebsiella quasipneumoniae subsp. similipneumoniae	ST1548	KL170	DROP_VARIANT								3	5402087	5196341				no	duplicate_colony_pick
INF309	INF309.2	.2	no	PASS	98.29	97.76	0.9642	Kluyvera	0.004	PASS	Klebsiella quasipneumoniae subsp. similipneumoniae	ST1548	KL170	Klebsiella quasipneumoniae subsp. similipneumoniae	ST1548	KL170	PASS		PASS	standard	clinopore	3	5441414	5195520	3	5494832	5195514	0	-53418	6	yes	
INF311	INF311		no	PASS	97.33	96.91	0.9447	Escherichia	0.0066	PASS	Klebsiella pneumoniae	ST240	KL144	Klebsiella pneumoniae	ST240	KL144	PASS_REFERENCE_MISMATCH	reference K locus call unusable	PASS	standard	clinopore	4	5782616	5270046	4	5782584	5270016	0	32	30	yes	
INF312	INF312		no	PASS	99.42	98.95	0.9716	Enterobacter	0.0026	PASS	Klebsiella variicola subsp. variicola	ST2989	KL55	Klebsiella variicola subsp. variicola	ST2989	KL55	PASS		PASS	standard	clinopore	2	5853043	5588634	2	5852449	5588045	0	594	589	yes	
INF314	INF314		no	PASS	98.72	98.03	0.9556	Escherichia	0.0039	PASS	Klebsiella pneumoniae	ST29	KL30	Klebsiella pneumoniae	ST29	KL30	PASS		PASS	standard	clinopore	4	5666919	5358314	4	5668727	5358339	0	-1808	-25	yes	
INF315	INF315.1	.1	no	PASS	99.96	99.59	0.9795	Escherichia	0.0028	PASS	Klebsiella pneumoniae	ST3057	KL30	Klebsiella pneumoniae	ST3057	KL30	PASS		PASS	standard	clinopore	1	5321799	5321799	1	5321793	5321793	0	6	6	yes	
INF315	INF315.2	.2	no	PASS	99.96	99.59	0.9788	Escherichia	0.003	PASS	Klebsiella pneumoniae	ST3057	KL30	Klebsiella pneumoniae	ST3057	KL30	DROP_VARIANT								1	5321789	5321789				no	duplicate_colony_pick
INF317	INF317		no	PASS	99.98	99.76	0.9652	Escherichia	0.0063	PASS	Klebsiella pneumoniae	ST792	KL25	Klebsiella pneumoniae	ST792	KL25	PASS		PASS	standard	clinopore	3	5497035	5473073	3	5496998	5473033	0	37	40	yes	
INF318	INF318		no	PASS	95.5	95.05	0.9625	Citrobacter	0.0052	PASS	Klebsiella quasipneumoniae subsp. similipneumoniae	ST1548	KL170	Klebsiella quasipneumoniae subsp. similipneumoniae	ST1548	KL170	PASS		PASS	standard	clinopore	3	5472209	5196654	3	5471746	5196615	0	463	39	yes	
INF320	INF320		no	PASS	99.97	99.6	0.9805	Serratia	0.0019	PASS	Klebsiella variicola subsp. variicola	ST1142	KL105	Klebsiella variicola subsp. variicola	ST1142	KL105	PASS		PASS	standard	clinopore	2	5749931	5522001	2	5750070	5522143	0	-139	-142	yes	
INF324	INF324		no	PASS	99.99	99.72	0.9841	Homo	0.0011	PASS	Klebsiella pneumoniae	ST3058	KL51	Klebsiella pneumoniae	ST3058	KL51	PASS		PASS	standard	clinopore	1	5155837	5155837	1	5155796	5155796	0	41	41	yes	
INF325	INF325		no	PASS	99.98	99.69	0.982	Homo	0.0023	PASS	Klebsiella pneumoniae	ST3048	KL30	Klebsiella pneumoniae	ST3048	KL30	PASS		PASS	standard	clinopore	3	5509633	5297394	3	5509760	5297508	0	-127	-114	yes	
INF326	INF326		no	PASS	99.93	99.52	0.9907	Homo	0.0007	PASS	Klebsiella pneumoniae	ST412	KL57	Klebsiella pneumoniae	ST412	KL57	PASS		PASS	standard	clinopore	2	5461791	5284194	2	5461783	5284186	0	8	8	yes	
INF328	INF328		no	PASS	98.77	98.37	0.9431	Yonseivirus	0.0327	PASS	Klebsiella pneumoniae	ST37	KL14	Klebsiella pneumoniae	ST37	KL14	PASS		PASS	standard	clinopore	3	5588929	5227668	3	5588883	5227628	0	46	40	yes	
INF330	INF330		no	PASS	99.98	99.59	0.9842	Escherichia	0.0039	PASS	Klebsiella variicola subsp. variicola	ST3089	KL142	Klebsiella variicola subsp. variicola	ST3089	KL142	PASS		PASS	standard	clinopore	2	5702167	5530449	2	5702157	5530439	0	10	10	yes	
INF332	INF332_v2		yes	PASS	99.65	99.22	0.9233	Escherichia	0.0016	PASS	Klebsiella pneumoniae	ST200	KL13	Klebsiella pneumoniae	ST200	KL13	PASS_REFERENCE_MISMATCH	reference row describes a different strain	PASS	standard	clinopore	1	5095397	5095397	1	5091060	5091060	0	4337	4337	yes	
INF336	INF336_v2		yes	PASS	99.17	98.67	0.8219	Escherichia	0.0047	PASS	Klebsiella variicola subsp. variicola	ST3095	KL55	Klebsiella variicola subsp. variicola	ST3095	KL55	PASS		PASS	standard	clinopore	7	6070817	5415486	7	6107218	5415488	0	-36401	-2	yes	
INF337	INF337		no	PASS	97.13	96.46	0.9602	Escherichia	0.0144	PASS	Klebsiella pneumoniae	ST27	KL109	Klebsiella pneumoniae	ST27	KL109	PASS		PASS	standard	clinopore	5	5540855	5153587	5	5573775	5153576	0	-32920	11	yes	
INF338	INF338		no	PASS	98.43	98.05	0.9735	Enterobacter	0.0068	PASS	Klebsiella pneumoniae	ST34	KL38	Klebsiella pneumoniae	ST34	KL38	PASS		PASS	standard	clinopore	4	5630036	5296967	2	5599608	5313283	2	30428	-16316	yes	
INF339	INF339		no	PASS	99.93	99.5	0.9573	Escherichia	0.005	PASS	Klebsiella pneumoniae	ST792	KL25	Klebsiella pneumoniae	ST792	KL25	PASS		PASS	standard	clinopore	4	5693857	5481295	4	5693849	5481288	0	8	7	yes	
INF340	INF340		no	PASS_BORDERLINE_MAPPING	93.58	93.27	0.9831	Escherichia	0.0026	PASS	Klebsiella pneumoniae	ST45	KL24	Klebsiella pneumoniae	ST45	KL24	PASS		PASS	standard	clinopore	4	5590744	5277861	3	5589711	5277849	1	1033	12	yes	
INF342	INF342		no	PASS	99.03	98.99	0.9875	Homo	0.0013	PASS	Klebsiella pneumoniae	ST3099	KL155	Klebsiella pneumoniae	ST3099	KL155	PASS		PASS	standard	clinopore	2	5678149	5491613	2	5678439	5491596	0	-290	17	yes	
INF347	INF347		no	PASS	99.42	99.07	0.9638	Enterobacter	0.0033	PASS	Klebsiella pneumoniae	ST111	KL63	Klebsiella pneumoniae	ST111	KL63	PASS		PASS	standard	clinopore	2	5805380	5414505	2	5805337	5414466	0	43	39	yes	
INF349	INF349		no	PASS	99.94	99.45	0.98	Enterobacter	0.0016	PASS	Klebsiella variicola subsp. variicola	ST3085	KL55	Klebsiella variicola subsp. variicola	ST3085	KL55	PASS		PASS	standard	clinopore	3	5734896	5560526	2	5732025	5560645	1	2871	-119	yes	
INF351	INF351		no	PASS	99.9	99.24	0.9791	Escherichia	0.004	PASS	Klebsiella pneumoniae	ST3051	KL20	Klebsiella pneumoniae	ST3051	KL20	PASS		PASS	standard	clinopore	3	5629953	5284177	3	5629927	5284157	0	26	20	yes	
INF353	INF353		no	PASS	99.15	98.81	0.9822	Escherichia	0.0011	PASS	Klebsiella pneumoniae	ST1109	KL54	Klebsiella pneumoniae	ST1109	KL54	PASS		PASS	standard	clinopore	3	5521339	5243038	3	5521305	5243019	0	34	19	yes	
INF356	INF356		no	PASS	99.75	99.43	0.9777	Enterobacter	0.0011	PASS	Klebsiella pneumoniae	ST661	KL28	Klebsiella pneumoniae	ST661	KL28	PASS		PASS	standard	clinopore	2	5403533	5070581	2	5403532	5070581	0	1	0	yes	
INF360	INF360		no	PASS	95.7	95.25	0.9308	Escherichia	0.0035	PASS	Klebsiella pneumoniae	ST323-1LV	KL21	Klebsiella pneumoniae	ST323	KL21	PASS		PASS	standard	clinopore	2	5369641	5232171	2	5369691	5232221	0	-50	-50	yes	
KSB1_10A	KSB1_10A_v2		yes	PASS	99.77	99.46	0.9351	Escherichia	0.0021	PASS	Klebsiella quasipneumoniae subsp. quasipneumoniae	ST5062	KL6	Klebsiella quasipneumoniae subsp. quasipneumoniae	ST5062	KL6	PASS_REFERENCE_MISMATCH	reference row describes a different strain	PASS	standard	clinopore	1	5295856	5295856	1	5295847	5295847	0	9	9	yes	
KSB1_10C	KSB1_10C		no	PASS	99.98	99.69	0.9762	Homo	0.0016	PASS	Klebsiella pneumoniae	ST1966	KL58	Klebsiella pneumoniae	ST1966	KL58	PASS		PASS	standard	clinopore	2	5487756	5342539	2	5487720	5342505	0	36	34	yes	
KSB1_10D	KSB1_10D		no	PASS	95.26	94.98	0.9665	Escherichia	0.0053	PASS	Klebsiella pneumoniae	ST1728	KL116	Klebsiella pneumoniae	ST1728	KL116	PASS		PASS	standard	clinopore	3	5469718	5269919	2	5454226	5269910	1	15492	9	yes	
KSB1_10F	KSB1_10F		no	PASS	99.97	99.7	0.9538	Siccibacter	0.0029	PASS	Klebsiella variicola subsp. variicola	ST1986	KL137	Klebsiella variicola subsp. variicola	ST1986	KL137	PASS		PASS	standard	clinopore	2	5651194	5500578	2	5651181	5500566	0	13	12	yes	
KSB1_10G	KSB1_10G		no	PASS	98.52	97.79	0.9595	Escherichia	0.0041	PASS	Klebsiella pneumoniae	ST1800	KL30	Klebsiella pneumoniae	ST1800	KL30	PASS		PASS	standard	clinopore	5	5401321	5031183	5	5401311	5031175	0	10	8	yes	
KSB1_10H	KSB1_10H		no	PASS	99.42	99.08	0.9729	Salmonella	0.0057	PASS	Klebsiella pneumoniae	ST345	KL15	Klebsiella pneumoniae	ST345	KL15	PASS		PASS	standard	clinopore	3	5404907	5299512	3	5399395	5299494	0	5512	18	yes	
KSB1_1A	KSB1_1A		no	PASS	99.95	99.8	0.982	Pseudomonas	0.0014	PASS	Klebsiella pneumoniae	ST35	KL22	Klebsiella pneumoniae	ST35	KL22	PASS		PASS	standard	clinopore	1	5378919	5378919	1	5378924	5378924	0	-5	-5	yes	
KSB1_1C	KSB1_1C		no	PASS	99.05	98.84	0.9288	Homo	0.0031	PASS	Klebsiella pneumoniae	ST537	KL136	Klebsiella pneumoniae	ST537	KL136	PASS		PASS	standard	clinopore	4	5692514	5284781	4	5737094	5283847	0	-44580	934	yes	
KSB1_1D	KSB1_1D		no	PASS	98.56	98.23	0.9423	Homo	0.004	PASS	Klebsiella pneumoniae	ST45-1LV	KL43	Klebsiella pneumoniae	ST45	KL43	PASS		PASS	standard	clinopore	8	5800527	5350358	4	5680008	5301646	4	120519	48712	yes	
KSB1_1E	KSB1_1E_v2		yes	PASS	99.58	99.45	0.9402	Escherichia	0.0034	PASS	Klebsiella pneumoniae	ST461	KL51	Klebsiella pneumoniae	ST461	KL51	PASS		PASS	standard	clinopore	6	5756325	5425639	6	5760028	5425636	0	-3703	3	yes	
KSB1_1F	KSB1_1F		no	PASS	99.93	99.68	0.9759	Enterobacter	0.0012	PASS	Klebsiella pneumoniae	ST857	KL13	Klebsiella pneumoniae	ST857	KL13	PASS		PASS	standard	clinopore	2	5402576	5177176	2	5402596	5177197	0	-20	-21	yes	
KSB1_1G	KSB1_1G		no	PASS	99.98	99.77	0.9757	Enterobacter	0.0022	PASS	Klebsiella pneumoniae	ST37	KL15	Klebsiella pneumoniae	ST37	KL15	PASS		PASS	standard	clinopore	1	5167697	5167697	2	5173725	5167698	-1	-6028	-1	yes	
KSB1_2A	KSB1_2A		no	PASS	99.96	99.69	0.9734	Citrobacter	0.0035	PASS	Klebsiella variicola subsp. variicola	ST596	KL35	Klebsiella variicola subsp. variicola	ST596	KL35	PASS		PASS	standard	clinopore	1	5455862	5455862	1	5455853	5455853	0	9	9	yes	
KSB1_2C	KSB1_2C		no	PASS	99.95	99.84	0.9693	Enterobacter	0.0031	PASS	Klebsiella variicola subsp. variicola	ST3924	KL25	Klebsiella variicola subsp. variicola	ST3924	KL25	PASS		PASS	standard	clinopore	3	5726754	5504668	3	5726719	5504633	0	35	35	yes	
KSB1_2D	KSB1_2D		no	PASS	99.96	99.58	0.9762	Homo	0.0021	PASS	Klebsiella pneumoniae	ST128	KL6	Klebsiella pneumoniae	ST128	KL6	PASS		PASS	standard	clinopore	1	5273825	5273825	1	5273822	5273822	0	3	3	yes	
KSB1_2E	KSB1_2E		no	PASS	98.34	98.16	0.9633	Homo	0.0023	PASS	Klebsiella pneumoniae	ST6935	KL56	Klebsiella pneumoniae	ST6935	KL56	PASS		PASS	standard	clinopore	4	5805273	5389523	4	5805260	5389511	0	13	12	yes	
KSB1_2F	KSB1_2F		no	PASS_PROVISIONAL_CHECK_EXTERNAL	99.84	99.47	0.9693	Homo	0.0022	FAIL	Klebsiella variicola subsp. variicola	ST2594	KL134	Klebsiella variicola subsp. variicola	ST2594	KL134	PASS		PASS	standard	clinopore	2	5526780	5521048	2	5526809	5521077	0	-29	-29	yes	
KSB1_2G	KSB1_2G		no	PASS	98.97	98.81	0.9692	Homo	0.0019	PASS	Klebsiella variicola subsp. variicola	ST205	KL55	Klebsiella variicola subsp. variicola	ST205	KL55	PASS		PASS	standard	clinopore	1	5471630	5471630	1	5471631	5471631	0	-1	-1	yes	
KSB1_2I	KSB1_2I		no	REDO_DECONTAM_ECOLI	99.38	99.01	0.6594	Escherichia	0.2237	FAIL	Klebsiella variicola subsp. variicola	ST2993	KL151	Klebsiella variicola subsp. variicola	ST2993	KL151	PASS		PASS	kraken2_decontam	kraken2 decontam > clinopore	1	5511550	5511550	1	5511558	5511558	0	-8	-8	yes	
KSB1_2J	KSB1_2J		no	PASS	99.98	99.83	0.9636	Escherichia	0.0116	PASS	Klebsiella variicola subsp. variicola	ST355	KL63	Klebsiella variicola subsp. variicola	ST355	KL63	PASS		PASS	standard	clinopore	1	5469579	5469579	1	5469571	5469571	0	8	8	yes	
KSB1_3B	KSB1_3B		no	PASS	99.94	99.64	0.9658	Escherichia	0.0043	PASS	Klebsiella variicola subsp. variicola	ST360	KL53	Klebsiella variicola subsp. variicola	ST360	KL53	PASS		PASS	standard	clinopore	1	5488182	5488182	1	5488174	5488174	0	8	8	yes	
KSB1_3C	KSB1_3C		no	PASS	99.88	99.79	0.9699	Escherichia	0.0019	PASS	Klebsiella variicola subsp. variicola	ST3198	KL103	Klebsiella variicola subsp. variicola	ST3198	KL103	PASS		PASS	standard	clinopore	2	5691267	5509194	2	5691251	5509178	0	16	16	yes	
KSB1_3D	KSB1_3D		no	PASS	98.67	97.87	0.8927	Escherichia	0.0119	PASS	Klebsiella pneumoniae	ST2136	KL102	Klebsiella pneumoniae	ST2136	KL102	PASS		PASS	standard	clinopore	16	5724158	5345372	10	5711650	5345360	6	12508	12	yes	
KSB1_3E	KSB1_3E		no	PASS	97.71	96.92	0.867	Escherichia	0.0145	PASS	Klebsiella pneumoniae	ST6936	KL22	Klebsiella pneumoniae	ST6936	KL22	PASS_REFERENCE_MISMATCH	K locus ambiguous on fragmented reference assembly	PASS	standard	clinopore	10	5789317	5252895	11	5808693	5252894	-1	-19376	1	yes	
KSB1_3F	KSB1_3F		no	PASS	99.92	99.73	0.9776	Escherichia	0.0021	PASS	Klebsiella variicola subsp. variicola	ST2089	KL19	Klebsiella variicola subsp. variicola	ST2089	KL19	PASS		PASS	standard	clinopore	1	5584118	5584118	1	5584098	5584098	0	20	20	yes	
KSB1_3G	KSB1_3G		no	PASS	97.62	97.38	0.9717	Homo	0.0032	PASS	Klebsiella pneumoniae	ST39	KL62	Klebsiella pneumoniae	ST39	KL62	PASS		PASS	standard	clinopore	2	5471431	5336169	3	5491121	5336169	-1	-19690	0	yes	
KSB1_3I	KSB1_3I		no	PASS_PROVISIONAL_CHECK_EXTERNAL	97.67	97.12	0.9415	Escherichia	0.0033	FAIL	Klebsiella quasipneumoniae subsp. similipneumoniae	ST1548	KL170	Klebsiella quasipneumoniae subsp. similipneumoniae	ST1548	KL170	PASS		PASS	standard	clinopore	4	5580290	5194752	4	5580319	5194784	0	-29	-32	yes	
KSB1_3J	KSB1_3J		no	PASS	99.84	99.57	0.9773	Escherichia	0.0023	PASS	Klebsiella pneumoniae	ST152	KL149	Klebsiella pneumoniae	ST152	KL149	PASS		PASS	standard	clinopore	2	5520296	5312862	2	5520306	5312872	0	-10	-10	yes	
KSB1_4A	KSB1_4A		no	PASS	99.97	99.63	0.982	Homo	0.0022	PASS	Klebsiella pneumoniae	ST5142	KL27	Klebsiella pneumoniae	ST5142	KL27	PASS		PASS	standard	clinopore	1	5240084	5240084	1	5240101	5240101	0	-17	-17	yes	
KSB1_4B	KSB1_4B		no	PASS	95.49	95.14	0.9338	Escherichia	0.0067	PASS	Klebsiella pneumoniae	ST2116	KL28	Klebsiella pneumoniae	ST2116	KL28	PASS		PASS	standard	clinopore	2	5632225	5377403	2	5632222	5377402	0	3	1	yes	
KSB1_4C	KSB1_4C		no	PASS	99.81	99.57	0.9673	Xanthomonas	0.0098	PASS	Klebsiella pneumoniae	ST1322	KL139	Klebsiella pneumoniae	ST1322	KL139	PASS		PASS	standard	clinopore	3	5479335	5278695	3	5479330	5278690	0	5	5	yes	
KSB1_4D	KSB1_4D		no	PASS	98.57	98.03	0.9308	Salmonella	0.0265	PASS	Klebsiella pneumoniae	ST6934	KL46	Klebsiella pneumoniae	ST6934	KL46	PASS		PASS	standard	clinopore	3	5541518	5292281	3	5541498	5292264	0	20	17	yes	
KSB1_4G	KSB1_4G		no	PASS	99.97	99.84	0.956	Homo	0.0017	PASS	Klebsiella quasipneumoniae subsp. quasipneumoniae	ST6938	KL6	Klebsiella quasipneumoniae subsp. quasipneumoniae	ST6938	KL6	PASS		PASS	standard	clinopore	1	5289778	5289778	1	5289803	5289803	0	-25	-25	yes	
KSB1_4H	KSB1_4H		no	PASS	99.98	99.76	0.9331	Enterobacter	0.0047	PASS	Klebsiella variicola subsp. variicola	ST4595	KL6	Klebsiella variicola subsp. variicola	ST4595	KL6	PASS		PASS	standard	clinopore	4	5838119	5514675	3	5782090	5514680	1	56029	-5	yes	
KSB1_4J	KSB1_4J		no	PASS	96.52	96.18	0.9007	Escherichia	0.0484	PASS	Klebsiella variicola subsp. variicola	ST208	KL9	Klebsiella variicola subsp. variicola	ST208	KL9	PASS		PASS	standard	clinopore	2	5648185	5538198	2	5648166	5538179	0	19	19	yes	
KSB1_5A	KSB1_5A		no	PASS	99.4	98.94	0.9528	Escherichia	0.006	PASS	Klebsiella pneumoniae	ST2990	KL8	Klebsiella pneumoniae	ST2990	KL8	PASS		PASS	standard	clinopore	3	5595319	5248517	3	5595379	5248557	0	-60	-40	yes	
KSB1_5C	KSB1_5C		no	PASS_BORDERLINE_MAPPING	94.98	93.87	0.9456	Escherichia	0.004	PASS	Klebsiella pneumoniae	ST3169	KL31	Klebsiella pneumoniae	ST3169	KL31	PASS		PASS	standard	clinopore	7	5543040	5050302	7	5543042	5050285	0	-2	17	yes	
KSB1_5E	KSB1_5E		no	PASS	97.38	96.75	0.908	Enterobacter	0.0068	PASS	Klebsiella pneumoniae	ST461	KL51	Klebsiella pneumoniae	ST461	KL51	PASS		PASS	standard	clinopore	6	5772722	5421771	5	5747195	5421731	1	25527	40	yes	
KSB1_5F	KSB1_5F		no	PASS	99.96	99.69	0.9549	Homo	0.0014	PASS	Klebsiella pneumoniae	ST6937	KL36	Klebsiella pneumoniae	ST6937	KL36	PASS		PASS	standard	clinopore	1	5201606	5201606	1	5201585	5201585	0	21	21	yes	
KSB1_6B	KSB1_6B		no	PASS	96.18	93.92	0.9462	Enterobacter	0.0075	PASS	Klebsiella variicola subsp. variicola	ST1599	KL60	Klebsiella variicola subsp. variicola	ST1599	KL60	PASS		PASS	standard	clinopore	4	6151366	5569868	4	6151387	5569847	0	-21	21	yes	
KSB1_6C	KSB1_6C		no	PASS	98.84	98.48	0.9305	Enterobacter	0.0107	PASS	Klebsiella pneumoniae	ST20	KL28	Klebsiella pneumoniae	ST20	KL28	PASS		PASS	standard	clinopore	6	5671922	5259892	4	5690674	5265678	2	-18752	-5786	yes	
KSB1_6D	KSB1_6D_v2		yes	PASS_PROVISIONAL_CHECK_EXTERNAL	99.5	99.13	0.9389	Escherichia	0.0014	FAIL	Klebsiella quasipneumoniae subsp. similipneumoniae	ST414	KL123	Klebsiella quasipneumoniae subsp. similipneumoniae	ST414	KL123	PASS		PASS	standard	flye (03_assembly) > repolish	2	5444368	5223215	2	5444361	5223207	0	7	8	yes	
KSB1_6E	KSB1_6E		no	PASS	99.91	99.7	0.9462	Escherichia	0.0021	PASS	Klebsiella pneumoniae	ST4553	KL14	Klebsiella pneumoniae	ST4553	KL14	PASS		PASS	standard	clinopore	2	5593236	5390486	2	5593205	5390455	0	31	31	yes	
KSB1_6I	KSB1_6I.1	.1	no	PASS	99.11	98.59	0.954	Escherichia	0.0052	PASS	Klebsiella pneumoniae	ST252	KL81	Klebsiella pneumoniae	ST252	KL81	PASS		PASS	standard	clinopore	4	5868466	5422779	4	5868448	5422762	0	18	17	yes	
KSB1_6I	KSB1_6I.2	.2	no	PASS	96.72	96.39	0.9532	Escherichia	0.005	PASS	Klebsiella pneumoniae	ST252	KL81	Klebsiella pneumoniae	ST252	KL81	DROP_VARIANT								3	5851345	5417227				no	duplicate_colony_pick
KSB1_7B	KSB1_7B.1	.1	no	PASS	99.93	97.16	0.9616	Homo	0.0026	PASS	Klebsiella pneumoniae	ST5168	KL21	Klebsiella pneumoniae	ST5168	KL21	PASS		PASS	standard	clinopore	1	5213147	5213147	1	5213139	5213139	0	8	8	yes	
KSB1_7B	KSB1_7B.2	.2	no	FAIL_VARIANT	13.81	9.6	0.0395	Escherichia	0.7641	FAIL	Escherichia coli / Shigella	NON_KPSC	NON_KPSC	Klebsiella pneumoniae	ST5168	KL21									3	5050538	4791233				no	duplicate_colony_pick
KSB1_7C	KSB1_7C		no	PASS	99.97	99.7	0.9463	Escherichia	0.0038	PASS	Klebsiella pneumoniae	ST15	KL24	Klebsiella pneumoniae	ST15	KL24	PASS		PASS	standard	clinopore	3	5512701	5293883	3	5512517	5293888	0	184	-5	yes	
KSB1_7D	KSB1_7D		no	PASS	97.74	96.97	0.9248	Enterobacter	0.0036	PASS	Klebsiella pneumoniae	ST461	KL117	Klebsiella pneumoniae	ST461	KL117	PASS		PASS	standard	clinopore	4	5821033	5514545	4	5821040	5514554	0	-7	-9	yes	
KSB1_7H	KSB1_7H		no	PASS	99.97	99.63	0.9796	Homo	0.0013	PASS	Klebsiella pneumoniae	ST111	KL63	Klebsiella pneumoniae	ST111	KL63	PASS		PASS	standard	clinopore	1	5230277	5230277	1	5230305	5230305	0	-28	-28	yes	
KSB1_8A	KSB1_8A		no	PASS	99.97	99.61	0.9573	Homo	0.002	PASS	Klebsiella pneumoniae	ST2991	KL119	Klebsiella pneumoniae	ST2991	KL119	PASS		PASS	standard	clinopore	2	5454728	5311508	2	5455360	5312140	0	-632	-632	yes	
KSB1_8B	KSB1_8B		no	PASS	97.2	96.72	0.9271	Escherichia	0.0036	PASS	Klebsiella variicola subsp. variicola	ST2388	KL135	Klebsiella variicola subsp. variicola	ST2388	KL135	PASS		PASS	standard	clinopore	3	5778858	5435254	3	5778867	5435262	0	-9	-8	yes	
KSB1_8E	KSB1_8E.1	.1	no	PASS	99.22	98.96	0.9774	Escherichia	0.0066	PASS	Klebsiella variicola subsp. variicola	ST2994	KL35	Klebsiella variicola subsp. variicola	ST2994	KL35	PASS		PASS	standard	clinopore	1	5447806	5447806	1	5447832	5447832	0	-26	-26	yes	
KSB1_8E	KSB1_8E.2	.2	no	FAIL_VARIANT	12.6	8.49	0.0741	Escherichia	0.8689	FAIL	Escherichia coli / Shigella	NON_KPSC	NON_KPSC	Klebsiella variicola subsp. variicola	ST2994	KL35									2	5316289	5172158				no	duplicate_colony_pick
KSB1_8F	KSB1_8F		no	PASS	99.84	99.5	0.9316	Enterobacter	0.0021	PASS	Klebsiella variicola subsp. variicola	ST2992	KL101	Klebsiella variicola subsp. variicola	ST2992	KL101	PASS		PASS	standard	clinopore	4	6010874	5521124	4	6002208	5521140	0	8666	-16	yes	
KSB1_8I	KSB1_8I		no	PASS	99.5	99.17	0.9436	Enterobacter	0.0022	PASS	Klebsiella pneumoniae	ST127	KL30	Klebsiella pneumoniae	ST127	KL30	PASS		PASS	standard	clinopore	4	5523066	5346258	4	5523080	5346272	0	-14	-14	yes	
KSB1_9B	KSB1_9B		no	PASS	99.88	99.83	0.943	Homo	0.0037	PASS	Klebsiella variicola subsp. variicola	ST2996	KL20	Klebsiella variicola subsp. variicola	ST2996	KL20	PASS		PASS	standard	clinopore	2	5634374	5464135	2	5634355	5464118	0	19	17	yes	
KSB1_9E	KSB1_9E		no	PASS	97.56	97.14	0.9406	Enterobacter	0.0064	PASS	Klebsiella pneumoniae	ST359	KL10	Klebsiella pneumoniae	ST359	KL10	PASS		PASS	standard	clinopore	6	5409900	5065026	6	5376990	5065012	0	32910	14	yes	
KSB2_10C	KSB2_10C.1	.1	no	PASS	99.51	99.27	0.9582	Escherichia	0.0026	PASS	Klebsiella pneumoniae	ST661	KL24	Klebsiella pneumoniae	ST661	KL24	PASS		PASS	standard	clinopore	2	5485123	5266441	3	5484763	5260662	-1	360	5779	yes	
KSB2_10C	KSB2_10C.2	.2	no	FAIL_VARIANT	11.79	7.72	0.0066	Escherichia	0.8567	FAIL	Escherichia coli / Shigella	NON_KPSC	NON_KPSC	Klebsiella pneumoniae	ST661	KL24									3	5033183	4865102				no	duplicate_colony_pick
KSB2_1D	KSB2_1D		no	PASS	99.53	99.28	0.9751	Homo	0.0016	PASS	Klebsiella variicola subsp. variicola	ST2995	KL134	Klebsiella variicola subsp. variicola	ST2995	KL134	PASS		PASS	standard	clinopore	1	5416792	5416792	1	5416778	5416778	0	14	14	yes	
KSB2_3B	KSB2_3B		no	PASS	99.97	99.67	0.9517	Escherichia	0.0022	PASS	Klebsiella pneumoniae	ST215	KL16	Klebsiella pneumoniae	ST215	KL16	PASS		PASS	standard	clinopore	2	5431143	5267848	2	5431129	5267834	0	14	14	yes	
KSB2_3C	KSB2_3C		no	PASS	99.95	99.67	0.9697	Enterobacter	0.0028	PASS	Klebsiella pneumoniae	ST310	KL1	Klebsiella pneumoniae	ST310	KL1	PASS		PASS	standard	flye (03_assembly) > repolish	1	5368227	5368227	1	5368211	5368211	0	16	16	yes	
KSB2_4A	KSB2_4A		no	REDO_DECONTAM_ECOLI	98.26	97.71	0.2954	Escherichia	0.5893	FAIL	Klebsiella quasipneumoniae subsp. similipneumoniae	ST1191	KL13	Klebsiella quasipneumoniae subsp. similipneumoniae	ST1191	KL13	PASS		PASS	kraken2_decontam	kraken2 decontam > clinopore	4	5437010	5141367	4	5438495	5141356	0	-1485	11	yes	
KSB2_4B	KSB2_4B		no	PASS	99.54	99.3	0.9625	Homo	0.0016	PASS	Klebsiella pneumoniae	ST1731	KL43	Klebsiella pneumoniae	ST1731	KL43	PASS		PASS	standard	clinopore	2	5237179	5178707	2	5237168	5178696	0	11	11	yes	
KSB2_4D	KSB2_4D		no	PASS	99.2	98.97	0.9402	Escherichia	0.0027	PASS	Klebsiella pneumoniae	ST35	KL22	Klebsiella pneumoniae	ST35	KL22	PASS		PASS	standard	clinopore	1	5436264	5436264	1	5436258	5436258	0	6	6	yes	
KSB2_5D	KSB2_5D_v2		yes	REDO_DECONTAM_KLEBSIELLA	99.18	98.77	0.9429	Escherichia	0.0018	PASS	Klebsiella pneumoniae	ST35	KL53	Klebsiella pneumoniae	ST35-2LV	KL53	DROP_INTERNAL_MISMATCH	ONT and Illumina libraries are different strains							4	5535570	5497193				no	platform_species_discordance
KSB2_6A	KSB2_6A		no	PASS	95.88	95.26	0.9436	Enterobacter	0.0023	PASS	Klebsiella variicola subsp. variicola	ST641	KL60	Klebsiella variicola subsp. variicola	ST641	KL60	PASS		PASS	standard	flye (03_assembly) > repolish	11	6488464	5149818	11	6488575	5149882	0	-111	-64	yes	
KSB2_6B	KSB2_6B.1	.1	no	PASS	99.98	99.79	0.9643	Homo	0.0026	PASS	Klebsiella pneumoniae	ST215	KL16	Klebsiella pneumoniae	ST215	KL16	PASS		PASS	standard	clinopore	4	5467950	5133205	4	5467936	5133195	0	14	10	yes	
KSB2_6B	KSB2_6B.2	.2	no	FAIL_VARIANT	11.69	7.68	0.0667	Escherichia	0.8097	FAIL	Escherichia coli / Shigella	NON_KPSC	NON_KPSC	Klebsiella pneumoniae	ST215	KL16									3	4819632	4757536				no	duplicate_colony_pick
KSB2_6D	KSB2_6D		no	PASS	99.62	99.43	0.9662	Homo	0.0024	PASS	Klebsiella pneumoniae	ST111	KL63	Klebsiella pneumoniae	ST111	KL63	PASS		PASS	standard	clinopore	1	5227717	5227717	1	5227712	5227712	0	5	5	yes	
KSB2_7A	KSB2_7A		no	PASS	99.98	99.42	0.9861	Kluyvera	0.0009	PASS	Klebsiella pneumoniae	ST3692	KL8	Klebsiella pneumoniae	ST3692	KL8	PASS		PASS	standard	clinopore	1	5274360	5274360	1	5274358	5274358	0	2	2	yes	
KSB2_7B	KSB2_7B		no	PASS	99.92	99.63	0.9744	Homo	0.002	PASS	Klebsiella pneumoniae	ST215	KL16	Klebsiella pneumoniae	ST215	KL16	PASS		PASS	standard	clinopore	2	5431144	5267849	2	5431133	5267838	0	11	11	yes	
KSB2_7C	KSB2_7C		no	PASS	99.7	99.44	0.9289	Escherichia	0.0165	PASS	Klebsiella variicola subsp. variicola	ST3573	KL121	Klebsiella variicola subsp. variicola	ST3573	KL121	PASS		PASS	standard	clinopore	2	5516043	5509779	2	5515713	5509730	0	330	49	yes	
KSB2_8A	KSB2_8A		no	PASS	99.06	98.84	0.944	Homo	0.0029	PASS	Klebsiella pneumoniae	ST463	KL117	Klebsiella pneumoniae	ST463	KL117	PASS		PASS	standard	clinopore	3	5493062	5184119	3	5516225	5184105	0	-23163	14	yes	
KSB2_8C	KSB2_8C		no	PASS	99.37	99.16	0.9546	Homo	0.0021	PASS	Klebsiella pneumoniae	ST2267	KL127	Klebsiella pneumoniae	ST2267	KL127	PASS		PASS	standard	clinopore	1	5203645	5203645	1	5203622	5203622	0	23	23	yes	
KSB2_8D	KSB2_8D		no	PASS	99.96	99.66	0.8808	Enterobacter	0.0131	PASS	Klebsiella pneumoniae	ST643	KL38	Klebsiella pneumoniae	ST643	KL38	PASS		PASS	standard	clinopore	7	5660214	5217596	7	5662121	5217587	0	-1907	9	yes	
KSB2_9B	KSB2_9B		no	PASS	99.91	98.34	0.9379	Escherichia	0.0064	PASS	Klebsiella pneumoniae	ST25	KL2	Klebsiella pneumoniae	ST25	KL2	PASS		PASS	standard	clinopore	4	5602715	5276850	5	5609366	5276824	-1	-6651	26	yes	
KSB2_9C	KSB2_9C		no	PASS	99.58	99.36	0.9593	Escherichia	0.0044	PASS	Klebsiella pneumoniae	ST788	KL8	Klebsiella pneumoniae	ST788	KL8	PASS		PASS	standard	clinopore	2	5318211	5184768	2	5318223	5184781	0	-12	-13	yes	
