run_id	flow_cell_id	flow_cell_type	sequencing_kit_header	sampling_rate_hz	protocol_name	sample_id	sequencer_position	sequencer_position_type	device_type	device_id	acquisition_start
KLE02	FAU75969	FLO-MIN112	SQK-NBD112-96	4000	sequencing/sequencing_MIN112_DNA_SQK-Q20EA:FLO-MIN112:SQK-NBD112-96	KLE01_pool	MN24810	minion	minion	MN24810	2022-09-05T12:47:32.100000+00:00
KLE03	FAV99435	FLO-MIN114	SQK-NBD114-24	4000	sequencing/sequencing_MIN114_DNA_e8_2_260T:FLO-MIN114:SQK-NBD114-24:260	KLE03pool	MN24810	minion	minion	MN24810	2023-01-18T11:30:44.215000+00:00
KLE04	FAV99315	FLO-MIN114	SQK-NBD114-24	4000	sequencing/sequencing_MIN114_DNA_e8_2_260T:FLO-MIN114:SQK-NBD114-24:260	pool_KLE04	MN24810	minion	minion	MN24810	2023-01-27T13:55:13.143000+00:00
KLE05	FAV99302	FLO-MIN114	SQK-NBD114-24	4000	sequencing/sequencing_MIN114_DNA_e8_2_260T:FLO-MIN114:SQK-NBD114-24:260	no_sample	MN24810	minion	minion	MN24810	2023-02-14T14:17:15.163000+00:00
KLE06	FAV99091	FLO-MIN114	SQK-NBD114-24	4000	sequencing/sequencing_MIN114_DNA_e8_2_260T:FLO-MIN114:SQK-NBD114-24:260	KLE06_pool	MN24810	minion	minion	MN24810	2023-02-22T09:02:11.429000+00:00
KLE07	FAV99184	FLO-MIN114	SQK-NBD114-24	4000	sequencing/sequencing_MIN114_DNA_e8_2_260T:FLO-MIN114:SQK-NBD114-24:260	KLE07	MN24810	minion	minion	MN24810	2023-02-27T13:21:43.326000+00:00
KLE09	FAV99177	FLO-MIN114	SQK-NBD114-24	4000	sequencing/sequencing_MIN114_DNA_e8_2_260T:FLO-MIN114:SQK-NBD114-24:260	KLE09	MN24810	minion	minion	MN24810	2023-04-17T14:16:15.648000+00:00
KLE11	FAW79646	FLO-MIN114	SQK-NBD114-24	4000	sequencing/sequencing_MIN114_DNA_e8_2_260T:FLO-MIN114:SQK-NBD114-24:260	KLE11	MN24810	minion	minion	MN24810	2023-04-24T11:39:06.423000+00:00
KLE12	FAW74424	FLO-MIN114	SQK-NBD114-24	4000	sequencing/sequencing_MIN114_DNA_e8_2_260T:FLO-MIN114:SQK-NBD114-24:260	KLE12	MN24810	minion	minion	MN24810	2023-05-05T11:28:28.369000+00:00
KLE13	FAW80052	FLO-MIN114	SQK-NBD114-24	4000	sequencing/sequencing_MIN114_DNA_e8_2_260T:FLO-MIN114:SQK-NBD114-24:260	KLE13_PART2	MN24810	minion	minion	MN24810	2023-05-09T07:10:14.153000+00:00
KLE14	FAW73431	FLO-MIN114	SQK-NBD114-24	4000	sequencing/sequencing_MIN114_DNA_e8_2_260T:FLO-MIN114:SQK-NBD114-24:260	KLE14	MN24810	minion	minion	MN24810	2023-05-12T11:30:24.820000+00:00
KLE15	FAW79421	FLO-MIN114	SQK-NBD114-24	4000	sequencing/sequencing_MIN114_DNA_e8_2_260T:FLO-MIN114:SQK-NBD114-24:260	KLE15	MN24810	minion	minion	MN24810	2023-05-16T07:43:33.137000+00:00
KLE16	FAW79683	FLO-MIN114	SQK-NBD114-24	4000	sequencing/sequencing_MIN114_DNA_e8_2_260T:FLO-MIN114:SQK-NBD114-24:260	KLE16	MN24810	minion	minion	MN24810	2023-05-19T11:11:40.657000+00:00
KLE17	FAW79641	FLO-MIN114	SQK-NBD114-24	4000	sequencing/sequencing_MIN114_DNA_e8_2_260T:FLO-MIN114:SQK-NBD114-24:260	KLE17	MN24810	minion	minion	MN24810	2023-05-22T12:19:46.805000+00:00
KLE18	FAW64275	FLO-MIN114	SQK-NBD114-24	4000	sequencing/sequencing_MIN114_DNA_e8_2_260T:FLO-MIN114:SQK-NBD114-24:260	KLE18	MN24810	minion	minion	MN24810	2023-05-26T11:47:02.366000+00:00
KLE19	FAW64257	FLO-MIN114	SQK-NBD114-24	5000	sequencing/sequencing_MIN114_DNA_e8_2_400K:FLO-MIN114:SQK-NBD114-24:400	KLE19	MN24810	minion	minion	MN24810	2023-06-01T16:32:54.611000+00:00
KLE20	FAW64150	FLO-MIN114	SQK-NBD114-24	4000	sequencing/sequencing_MIN114_DNA_e8_2_260T:FLO-MIN114:SQK-NBD114-24:260	KLE20	MINION1C	minion_mk1c	minion_mk1c	MINION1C	2023-06-02T13:12:04.002000+00:00
KLE21	FAW65909	FLO-MIN114	SQK-NBD114-24	5000	sequencing/sequencing_MIN114_DNA_e8_2_400K:FLO-MIN114:SQK-NBD114-24:400	KLE21	MN24810	minion	minion	MN24810	2023-06-12T12:06:24.611000+00:00
KLE22	FAW60524	FLO-MIN114	SQK-NBD114-24	5000	sequencing/sequencing_MIN114_DNA_e8_2_400K:FLO-MIN114:SQK-NBD114-24:400	KLE22	MN24810	minion	minion	MN24810	2023-06-16T18:15:56.679000+00:00
KLE23	FAW64277	FLO-MIN114	SQK-NBD114-24	4000	sequencing/sequencing_MIN114_DNA_e8_2_260T:FLO-MIN114:SQK-NBD114-24:260	KLE23	MINION1C	minion_mk1c	minion_mk1c	MINION1C	2023-06-16T16:55:41.815000+00:00
KLE24	FAW64579	FLO-MIN114	SQK-NBD114-24	5000	sequencing/sequencing_MIN114_DNA_e8_2_400K:FLO-MIN114:SQK-NBD114-24:400	KLE24	MN24810	minion	minion	MN24810	2023-06-21T10:47:31.362000+00:00
KLE25	FAW64515	FLO-MIN114	SQK-NBD114-24	4000	sequencing/sequencing_MIN114_DNA_e8_2_260T:FLO-MIN114:SQK-NBD114-24:260	KLE25	MINION1C	minion_mk1c	minion_mk1c	MINION1C	2023-06-21T10:44:33.162000+00:00
KLE26	FAX15114	FLO-MIN114	SQK-NBD114-24	5000	sequencing/sequencing_MIN114_DNA_e8_2_400K:FLO-MIN114:SQK-NBD114-24:400	KLE26	MN24810	minion	minion	MN24810	2023-07-14T09:02:39.789000+00:00
KLE27	FAX01856	FLO-MIN114	SQK-NBD114-24	4000	sequencing/sequencing_MIN114_DNA_e8_2_260T:FLO-MIN114:SQK-NBD114-24:260	kld27	MINION1C	minion_mk1c	minion_mk1c	MINION1C	2023-07-07T16:19:09.486000+00:00
KLE28	FAX15214	FLO-MIN114	SQK-NBD114-24	5000	sequencing/sequencing_MIN114_DNA_e8_2_400K:FLO-MIN114:SQK-NBD114-24:400	KLE27	MN24810	minion	minion	MN24810	2023-07-07T16:03:48.971000+00:00
KLE29	FAX15127	FLO-MIN114	SQK-NBD114-24	4000	sequencing/sequencing_MIN114_DNA_e8_2_260T:FLO-MIN114:SQK-NBD114-24:260	KLE29	MINION1C	minion_mk1c	minion_mk1c	MINION1C	2023-07-14T09:01:13.813000+00:00
KLE30	FAX15950	FLO-MIN114	SQK-NBD114-24	5000	sequencing/sequencing_MIN114_DNA_e8_2_400K:FLO-MIN114:SQK-NBD114-24:400	KLE30_2	MN24810	minion	minion	MN24810	2023-11-15T07:19:47.711000+00:00
KLE31	FAX15960	FLO-MIN114	SQK-NBD114-24	5000	sequencing/sequencing_MIN114_DNA_e8_2_400K:FLO-MIN114:SQK-NBD114-24:400	KLE31	MN24810	minion	minion	MN24810	2023-12-01T14:05:25.286000+00:00
KLE32	FAX15250	FLO-MIN114	SQK-NBD114-24	5000	sequencing/sequencing_MIN114_DNA_e8_2_400K:FLO-MIN114:SQK-NBD114-24:400	KLE32_REP	MN24810	minion	minion	MN24810	2023-12-11T11:24:14.470000+00:00
RM01	FBG12251	FLO-MIN114	SQK-NBD114-24	5000	sequencing/sequencing_MIN114_DNA_e8_2_400K:FLO-MIN114:SQK-NBD114-24:400	131_RM_pool1	X2	GridION	gridion	X2	2026-05-21T10:08:04.363000+00:00
RM02	FBG12305	FLO-MIN114	SQK-NBD114-24	5000	sequencing/sequencing_MIN114_DNA_e8_2_400K:FLO-MIN114:SQK-NBD114-24:400	131_RM_pool2	X4	GridION	gridion	X4	2026-05-21T10:08:05.357000+00:00
