strain_id,kaspah_id,seq,ont_barcode_map,illumina_accession,collection,data_version,illumina_source,v1_strain_id,v1_illumina_accession
INF001.1,INF001,True,KLE24:NB01,ERR1023737,KASPAH277,v1,SRA,,
INF001.2,INF001,True,KLE24:NB02,ERR1023737,HETEROGENOUS,v1,SRA,,
INF002,INF002,True,KLE02:1,ERR1023738,KASPAH277,v1,SRA,,
INF003,INF003,True,KLE18:NB18,ERR1023739,KASPAH277,v1,SRA,,
INF004,INF004,True,KLE02:2,ERR1023740,KASPAH277,v1,SRA,,
INF005,INF005,True,KLE02:3,ERR1023741,KASPAH277,v1,SRA,,
INF006,INF006,True,KLE09:NB09,ERR1023742,KASPAH277,v1,SRA,,
INF007,INF007,True,KLE02:4,ERR1023743,KASPAH99,v1,SRA,,
INF008,INF008,True,KLE02:5,ERR1023744,KASPAH99,v1,SRA,,
INF011,INF011,True,KLE02:6,ERR1023746,KASPAH277,v1,SRA,,
INF012,INF012,True,KLE02:7,ERR1023747,KASPAH277,v1,SRA,,
INF013,INF013,True,KLE02:8,ERR1023748,KASPAH277,v1,SRA,,
INF014,INF014,True,KLE02:9,ERR1023749,KASPAH99,v1,SRA,,
INF016,INF016,True,KLE02:10,ERR1215608,KASPAH277,v1,SRA,,
INF017,INF017,True,KLE08:NB01|KLE27:NB01|KLE31:NB13,ERR1023750,KASPAH277,v1,SRA,,
INF019,INF019,True,KLE27:NB02|KLE31:NB14,ERR1023752,KASPAH277,v1,SRA,,
INF020,INF020,True,KLE27:NB03,ERR1023753,KASPAH277,v1,SRA,,
INF023,INF023,True,KLE27:NB04,ERR1023756,KASPAH277,v1,SRA,,
INF024,INF024,True,KLE27:NB05,ERR1023757,KASPAH277,v1,SRA,,
INF025,INF025,True,KLE08:NB02|KLE27:NB06,ERR1023758,KASPAH277,v1,SRA,,
INF027,INF027,True,KLE08:NB03|KLE27:NB07|KLE31:NB15,ERR1023760,KASPAH277,v1,SRA,,
INF028,INF028,True,KLE08:NB04|KLE27:NB08,ERR1023761,KASPAH277,v1,SRA,,
INF030,INF030,True,KLE08:NB05|KLE27:NB09,ERR1023763,KASPAH277,v1,SRA,,
INF033,INF033,True,KLE27:NB10,ERR1023766,KASPAH277,v1,SRA,,
INF034_v2,INF034,True,RM01:NB02,INF034_S1,KASPAH277,v2,131_RM,INF034,ERR1023767
INF035_v2,INF035,True,RM01:NB03,INF035_S2,EXCLUDED,v2,131_RM,INF035,ERR1023768
INF036,INF036,True,KLE08:NB07|KLE28:NB01,ERR1023769,KASPAH277,v1,SRA,,
INF038,INF038,True,KLE08:NB08|KLE28:NB02,ERR1023771,KASPAH277,v1,SRA,,
INF039,INF039,True,KLE04:NB13,ERR1023772,KASPAH277,v1,SRA,,
INF040,INF040,True,KLE28:NB03,ERR1023773,KASPAH277,v1,SRA,,
INF041,INF041,True,KLE28:NB04,ERR1023774,KASPAH277,v1,SRA,,
INF045,INF045,True,KLE08:NB09|KLE28:NB05,ERR1023778,KASPAH277,v1,SRA,,
INF046,INF046,True,KLE08:NB10|KLE28:NB06,ERR1023779,KASPAH277,v1,SRA,,
INF047,INF047,True,KLE28:NB07,ERR1023780,KASPAH277,v1,SRA,,
INF048,INF048,True,KLE04:NB14,ERR1023781,KASPAH277,v1,SRA,,
INF050,INF050,True,KLE04:NB15,ERR1023783,KASPAH277,v1,SRA,,
INF051,INF051,True,KLE04:NB16,ERR1023784,KASPAH277,v1,SRA,,
INF052,INF052,True,KLE08:NB11|KLE28:NB08,ERR1023785,KASPAH277,v1,SRA,,
INF053,INF053,True,KLE28:NB09,ERR1023786,KASPAH277,v1,SRA,,
INF054,INF054,True,KLE04:NB17,ERR1023787,KASPAH277,v1,SRA,,
INF055,INF055,True,KLE04:NB18,ERR1023788,KASPAH277,v1,SRA,,
INF056,INF056,True,KLE04:NB19,ERR1023789,KASPAH277,v1,SRA,,
INF057,INF057,True,KLE04:NB20,ERR1023790,KASPAH277,v1,SRA,,
INF060,INF060,True,KLE28:NB10,ERR1023793,KASPAH277,v1,SRA,,
INF062,INF062,True,KLE04:NB21,ERR1023794,KASPAH277,v1,SRA,,
INF063,INF063,True,KLE04:NB22,ERR1023795,KASPAH277,v1,SRA,,
INF066,INF066,True,KLE28:NB11,ERR1215610,KASPAH277,v1,SRA,,
INF067,INF067,True,KLE08:NB12|KLE28:NB12,ERR1023797,KASPAH277,v1,SRA,,
INF068,INF068,True,KLE04:NB23,ERR1008628,KASPAH277,v1,SRA,,
INF070,INF070,True,KLE13:NB13,ERR1008629,KASPAH277,v1,SRA,,
INF071.1,INF071,True,KLE29:NB23,ERR1008630,KASPAH277,v1,SRA,,
INF071.2,INF071,True,KLE24:NB03,ERR1008630,HETEROGENOUS,v1,SRA,,
INF072,INF072,True,KLE04:NB24,ERR1008631,KASPAH99,v1,SRA,,
INF074,INF074,True,KLE13:NB14|KLE30:NB01,ERR1008633,EXCLUDED,v1,SRA,,
INF077_v2,INF077,True,RM01:NB04,INF077_S3,EXCLUDED,v2,131_RM,INF077,ERR1008636
INF080,INF080,True,KLE13:NB16,ERR1008639,KASPAH277,v1,SRA,,
INF081,INF081,True,KLE13:NB17,ERR1008640,KASPAH277,v1,SRA,,
INF082,INF082,True,KLE13:NB18,ERR1008641,KASPAH277,v1,SRA,,
INF083,INF083,True,KLE22:NB01,ERR1008642,KASPAH277,v1,SRA,,
INF084_v2,INF084,True,RM01:NB05,INF084_S4,KASPAH277,v2,131_RM,INF084,ERR1008643
INF087,INF087,True,KLE13:NB20,ERR1008646,KASPAH277,v1,SRA,,
INF088,INF088,True,KLE13:NB21,ERR1008647,KASPAH277,v1,SRA,,
INF089,INF089,True,KLE13:NB22,ERR1008648,KASPAH277,v1,SRA,,
INF090,INF090,True,KLE13:NB23,ERR1008649,KASPAH277,v1,SRA,,
INF091.1,INF091,True,KLE25:NB21,ERR1008650,KASPAH277,v1,SRA,,
INF091.2,INF091,True,KLE25:NB22,ERR1008650,HETEROGENOUS,v1,SRA,,
INF092.1,INF092,True,KLE24:NB04|KLE32:NB13,ERR1008651,KASPAH277,v1,SRA,,
INF092.2,INF092,True,KLE29:NB21,ERR1008651,HETEROGENOUS,v1,SRA,,
INF093.1,INF093,True,KLE24:NB05,ERR1008652,KASPAH277,v1,SRA,,
INF093.2,INF093,True,KLE24:NB06,ERR1008652,HETEROGENOUS,v1,SRA,,
INF096,INF096,True,KLE03:NB01|KLE30:NB04,ERR1008655,EXCLUDED,v1,SRA,,
INF097,INF097,True,KLE03:NB02,ERR1008656,KASPAH277,v1,SRA,,
INF098,INF098,True,KLE03:NB03,ERR1008657,KASPAH277,v1,SRA,,
INF099,INF099,True,KLE22:NB02,ERR1008658,KASPAH277,v1,SRA,,
INF100,INF100,True,KLE03:NB04,ERR1008659,KASPAH277,v1,SRA,,
INF101,INF101,True,KLE03:NB05,ERR1008660,KASPAH277,v1,SRA,,
INF103,INF103,True,KLE03:NB06,ERR1008662,KASPAH277,v1,SRA,,
INF104.1,INF104,True,KLE24:NB07,ERR1008663,KASPAH277,v1,SRA,,
INF104.2,INF104,True,KLE25:NB24,ERR1008663,HETEROGENOUS,v1,SRA,,
INF106,INF106,True,KLE03:NB07,ERR1008665,KASPAH277,v1,SRA,,
INF107,INF107,True,KLE03:NB08,ERR1008666,KASPAH277,v1,SRA,,
INF108,INF108,True,KLE03:NB09,ERR1008667,KASPAH277,v1,SRA,,
INF109,INF109,True,KLE13:NB24,ERR1008668,KASPAH277,v1,SRA,,
INF110,INF110,True,KLE03:NB10,ERR1008669,KASPAH277,v1,SRA,,
INF112,INF112,True,KLE03:NB11,ERR1008671,KASPAH277,v1,SRA,,
INF113,INF113,True,KLE03:NB12,ERR1008672,KASPAH277,v1,SRA,,
INF114,INF114,True,KLE05:NB01,ERR1008673,KASPAH277,v1,SRA,,
INF117.1,INF117,True,KLE24:NB08,ERR1008676,KASPAH277,v1,SRA,,
INF117.2,INF117,True,KLE25:NB13,ERR1008676,HETEROGENOUS,v1,SRA,,
INF118,INF118,True,KLE05:NB02,ERR1008677,KASPAH277,v1,SRA,,
INF120,INF120,True,KLE05:NB03,ERR1008679,KASPAH277,v1,SRA,,
INF123,INF123,True,KLE05:NB04,ERR1008682,KASPAH277,v1,SRA,,
INF126,INF126,True,KLE05:NB05,ERR1008685,KASPAH277,v1,SRA,,
INF128,INF128,True,KLE05:NB06,ERR1008687,KASPAH277,v1,SRA,,
INF129,INF129,True,KLE05:NB07,ERR1008688,KASPAH277,v1,SRA,,
INF130,INF130,True,KLE05:NB08,ERR1008689,KASPAH277,v1,SRA,,
INF131_v2,INF131,True,RM01:NB06,INF131_S5,EXCLUDED,v2,131_RM,INF131,ERR1008690
INF132,INF132,True,KLE05:NB10,ERR1008691,KASPAH277,v1,SRA,,
INF136.1,INF136,True,KLE25:NB14,ERR1008695,KASPAH277,v1,SRA,,
INF136.2,INF136,True,KLE25:NB15,ERR1008695,HETEROGENOUS,v1,SRA,,
INF137,INF137,True,KLE05:NB11,ERR1215612,KASPAH277,v1,SRA,,
INF138,INF138,True,KLE14:NB13|KLE31:NB20,ERR1008696,KASPAH277,v1,SRA,,
INF139,INF139,True,KLE05:NB12,ERR1008697,KASPAH277,v1,SRA,,
INF143,INF143,True,KLE06:NB01,SRR5082458,KASPAH277,v1,SRA,,
INF147,INF147,True,KLE06:NB02,ERR1008704,KASPAH277,v1,SRA,,
INF149,INF149,True,KLE06:NB03,ERR1008706,KASPAH277,v1,SRA,,
INF150,INF150,True,KLE21:NB11,ERR1008707,KASPAH277,v1,SRA,,
INF152,INF152,True,KLE14:NB14,ERR1008709,KASPAH277,v1,SRA,,
INF153,INF153,True,KLE14:NB15,ERR1008710,KASPAH277,v1,SRA,,
INF155,INF155,True,KLE06:NB04,ERR1023798,KASPAH277,v1,SRA,,
INF159,INF159,True,KLE06:NB05,ERR1023802,KASPAH277,v1,SRA,,
INF160,INF160,True,KLE14:NB16,ERR1023803,KASPAH277,v1,SRA,,
INF162,INF162,True,KLE14:NB17,ERR1035979,KASPAH277,v1,SRA,,
INF165,INF165,True,KLE06:NB06,ERR1035980,KASPAH277,v1,SRA,,
INF166,INF166,True,KLE14:NB18,ERR1023805,KASPAH277,v1,SRA,,
INF167_v2,INF167,True,RM01:NB07,INF167_S6,KASPAH277,v2,131_RM,INF167,ERR1023806
INF169,INF169,True,KLE06:NB07,ERR1023716,KASPAH277,v1,SRA,,
INF170,INF170,True,KLE14:NB20,ERR1023808,KASPAH277,v1,SRA,,
INF172,INF172,True,KLE14:NB21,ERR1023810,KASPAH277,v1,SRA,,
INF173,INF173,True,KLE06:NB08,ERR1023811,KASPAH277,v1,SRA,,
INF175,INF175,True,KLE22:NB03,ERR1023813,KASPAH277,v1,SRA,,
INF176,INF176,True,KLE22:NB04,ERR1023814,KASPAH277,v1,SRA,,
INF180,INF180,True,KLE22:NB05,ERR1023818,KASPAH277,v1,SRA,,
INF181,INF181,True,KLE22:NB06,ERR1023819,KASPAH277,v1,SRA,,
INF183,INF183,True,KLE14:NB22,ERR1023821,KASPAH277,v1,SRA,,
INF184,INF184,True,KLE14:NB23,ERR1023822,KASPAH277,v1,SRA,,
INF186,INF186,True,KLE14:NB24|KLE30:NB06,ERR1023833,EXCLUDED,v1,SRA,,
INF187_v2,INF187,True,RM01:NB08,INF187_S7,KASPAH277,v2,131_RM,INF187,ERR1023824
INF189,INF189,True,KLE22:NB08,ERR1023826,KASPAH277,v1,SRA,,
INF191,INF191,True,KLE21:NB01,ERR1023828,KASPAH277,v1,SRA,,
INF193,INF193,True,KLE15:NB13,ERR1023830,KASPAH277,v1,SRA,,
INF195,INF195,True,KLE15:NB14,ERR1023832,KASPAH277,v1,SRA,,
INF196,INF196,True,KLE15:NB15,ERR1023717,KASPAH277,v1,SRA,,
INF197,INF197,True,KLE06:NB09,ERR1023834,KASPAH277,v1,SRA,,
INF198,INF198,True,KLE22:NB09,ERR1023835,KASPAH277,v1,SRA,,
INF199,INF199,True,KLE15:NB16,ERR1023836,KASPAH277,v1,SRA,,
INF200,INF200,True,KLE15:NB17,ERR1023837,KASPAH277,v1,SRA,,
INF202_v2,INF202,True,RM01:NB09,INF202_S8,KASPAH277,v2,131_RM,INF202,ERR1023839
INF203,INF203,True,KLE06:NB10,ERR1023840,KASPAH277,v1,SRA,,
INF204,INF204,True,KLE21:NB02,ERR1023841,KASPAH277,v1,SRA,,
INF205,INF205,True,KLE15:NB19,ERR1023842,EXCLUDED,v1,SRA,,
INF207,INF207,True,KLE06:NB11,ERR1023844,KASPAH277,v1,SRA,,
INF209,INF209,True,KLE15:NB20,ERR1023846,KASPAH277,v1,SRA,,
INF211,INF211,True,KLE06:NB12,ERR1023848,KASPAH277,v1,SRA,,
INF212,INF212,True,KLE15:NB21,ERR1023849,KASPAH277,v1,SRA,,
INF213,INF213,True,KLE21:NB03,ERR1023850,KASPAH277,v1,SRA,,
INF216,INF216,True,KLE15:NB22|KLE30:NB07,ERR1023853,EXCLUDED,v1,SRA,,
INF217,INF217,True,KLE15:NB23,ERR1023854,KASPAH277,v1,SRA,,
INF218,INF218,True,KLE15:NB24,ERR1023855,KASPAH277,v1,SRA,,
INF219,INF219,True,KLE16:NB01,ERR1023856,KASPAH277,v1,SRA,,
INF220,INF220,True,KLE16:NB02,ERR1023857,KASPAH277,v1,SRA,,
INF221,INF221,True,KLE16:NB03,ERR1023858,KASPAH277,v1,SRA,,
INF224,INF224,True,KLE16:NB04,ERR1023861,KASPAH277,v1,SRA,,
INF225,INF225,True,KLE16:NB05,ERR1023862,KASPAH277,v1,SRA,,
INF226_v2,INF226,True,RM01:NB10,INF226_S9,KASPAH277,v2,131_RM,INF226,ERR1023863
INF227_v2,INF227,True,RM01:NB11,INF227_S10,KASPAH277,v2,131_RM,INF227,ERR1023864
INF229_v2,INF229,True,RM01:NB12,INF229_S11,KASPAH277,v2,131_RM,INF229,ERR1023718
INF230,INF230,True,KLE16:NB08,ERR1023865,KASPAH277,v1,SRA,,
INF233,INF233,True,KLE07:NB14,ERR1023868,KASPAH277,v1,SRA,,
INF234,INF234,True,KLE16:NB09,ERR1023869,KASPAH277,v1,SRA,,
INF238,INF238,True,KLE07:NB15,ERR1035984,KASPAH277,v1,SRA,,
INF239,INF239,True,KLE16:NB10,ERR1035985,KASPAH277,v1,SRA,,
INF241,INF241,True,KLE07:NB16,ERR1035987,KASPAH277,v1,SRA,,
INF243,INF243,True,KLE16:NB11,ERR1035989,KASPAH277,v1,SRA,,
INF244,INF244,True,KLE16:NB12,SRR5082455,KASPAH277,v1,SRA,,
INF245,INF245,True,KLE21:NB04,ERR1035990,KASPAH277,v1,SRA,,
INF246,INF246,True,KLE07:NB17,ERR1035991,KASPAH277,v1,SRA,,
INF248,INF248,True,KLE17:NB13,ERR1008713,KASPAH277,v1,SRA,,
INF251_v2,INF251,True,RM02:NB13,INF251_S12,KASPAH277,v2,131_RM,INF251,ERR1008716
INF252,INF252,True,KLE17:NB15,ERR1008717,KASPAH277,v1,SRA,,
INF253,INF253,True,KLE17:NB16,ERR1008718,KASPAH277,v1,SRA,,
INF254.1,INF254,True,KLE25:NB16,ERR1215614,KASPAH277,v1,SRA,,
INF254.2,INF254,True,KLE29:NB22,ERR1215614,HETEROGENOUS,v1,SRA,,
INF255.1_v2,INF255,True,RM02:NB14,INF255_1_S13,KASPAH277,v2,131_RM,INF255,SRR5082485
INF255.2_v2,INF255,True,RM02:NB15,INF255_2_S14,KASPAH277,v2,131_RM,INF255,SRR5082485
INF256,INF256,True,KLE17:NB18,ERR1008719,KASPAH277,v1,SRA,,
INF257.1_v2,INF257,True,RM02:NB16,INF257_1_S15,EXCLUDED,v2,131_RM,INF257,ERR1008720
INF257.2_v2,INF257,True,RM02:NB17,INF257_2_S16,EXCLUDED,v2,131_RM,INF257,ERR1008720
INF258,INF258,True,KLE17:NB20,ERR1008721,KASPAH277,v1,SRA,,
INF259,INF259,True,KLE17:NB21,ERR1008722,KASPAH277,v1,SRA,,
INF260,INF260,True,KLE17:NB22,ERR1008723,KASPAH277,v1,SRA,,
INF261,INF261,True,KLE17:NB23,ERR1008724,KASPAH277,v1,SRA,,
INF262_v2,INF262,True,RM02:NB18,INF262_S17,KASPAH277,v2,131_RM,INF262,ERR1008725
INF264,INF264,True,KLE18:NB13,ERR1008726,KASPAH277,v1,SRA,,
INF265,INF265,True,KLE22:NB10,ERR1008727,KASPAH277,v1,SRA,,
INF267,INF267,True,KLE18:NB14,ERR1023720,KASPAH277,v1,SRA,,
INF268,INF268,True,KLE21:NB05,ERR1008729,KASPAH277,v1,SRA,,
INF269,INF269,True,KLE18:NB15,ERR1008730,KASPAH277,v1,SRA,,
INF271,INF271,True,KLE22:NB11,ERR1008732,KASPAH277,v1,SRA,,
INF273,INF273,True,KLE22:NB12,ERR1008734,KASPAH277,v1,SRA,,
INF275,INF275,True,KLE23:NB13,SRR5082447,KASPAH277,v1,SRA,,
INF280,INF280,True,KLE23:NB14,ERR1215615,KASPAH277,v1,SRA,,
INF282,INF282,True,KLE18:NB16,ERR1008740,KASPAH277,v1,SRA,,
INF283,INF283,True,KLE18:NB17,ERR1008741,KASPAH277,v1,SRA,,
INF284,INF284,True,KLE23:NB15|KLE32:NB14,ERR1008742,KASPAH277,v1,SRA,,
INF286,INF286,True,KLE21:NB06,ERR1008744,KASPAH277,v1,SRA,,
INF287,INF287,True,KLE07:NB18,ERR1008745,KASPAH277,v1,SRA,,
INF288,INF288,True,KLE07:NB19,ERR1008746,KASPAH277,v1,SRA,,
INF289,INF289,True,KLE18:NB19,ERR1008747,KASPAH277,v1,SRA,,
INF292,INF292,True,KLE07:NB20,ERR1008750,KASPAH277,v1,SRA,,
INF293,INF293,True,KLE07:NB21,SRR5082445,KASPAH277,v1,SRA,,
INF294,INF294,True,KLE18:NB20,ERR1008751,EXCLUDED,v1,SRA,,
INF295,INF295,True,KLE19:NB12,ERR1008752,KASPAH277,v1,SRA,,
INF297,INF297,True,KLE07:NB22,ERR1008754,KASPAH277,v1,SRA,,
INF301,INF301,True,KLE07:NB23,ERR1008757,KASPAH277,v1,SRA,,
INF303,INF303,True,KLE07:NB24,ERR1008759,KASPAH277,v1,SRA,,
INF306,INF306,True,KLE18:NB21,ERR1008761,KASPAH277,v1,SRA,,
INF307,INF307,True,KLE18:NB22,ERR1008762,KASPAH277,v1,SRA,,
INF308,INF308,True,KLE18:NB23,ERR1008763,KASPAH277,v1,SRA,,
INF309.1,INF309,True,KLE29:NB15,ERR1008764,KASPAH277,v1,SRA,,
INF309.2,INF309,True,KLE29:NB16,ERR1008764,HETEROGENOUS,v1,SRA,,
INF311,INF311,True,KLE09:NB01,SRR5082461,KASPAH277,v1,SRA,,
INF312,INF312,True,KLE18:NB24,SRR5082449,KASPAH277,v1,SRA,,
INF314,INF314,True,KLE19:NB01,ERR1008767,KASPAH277,v1,SRA,,
INF315.1,INF315,True,KLE24:NB09,ERR1008768,KASPAH277,v1,SRA,,
INF315.2,INF315,True,KLE24:NB10,ERR1008768,HETEROGENOUS,v1,SRA,,
INF317,INF317,True,KLE09:NB02,ERR1008770,KASPAH277,v1,SRA,,
INF318,INF318,True,KLE09:NB03,ERR1008771,KASPAH277,v1,SRA,,
INF320,INF320,True,KLE19:NB02,ERR1008773,KASPAH277,v1,SRA,,
INF324,INF324,True,KLE09:NB04,ERR1008777,KASPAH277,v1,SRA,,
INF325,INF325,True,KLE09:NB05,ERR1008778,KASPAH277,v1,SRA,,
INF326,INF326,True,KLE19:NB03,SRR5082453,KASPAH277,v1,SRA,,
INF328,INF328,True,KLE09:NB06,ERR1008780,KASPAH277,v1,SRA,,
INF330,INF330,True,KLE19:NB04,ERR1008782,KASPAH277,v1,SRA,,
INF332_v2,INF332,True,RM02:NB19,INF332_S18,KASPAH277,v2,131_RM,INF332,SRR5082464
INF336_v2,INF336,True,RM02:NB20,INF336_S19,KASPAH99,v2,131_RM,INF336,ERR1008786
INF337,INF337,True,KLE19:NB06,ERR1008787,KASPAH277,v1,SRA,,
INF338,INF338,True,KLE19:NB07,ERR1008788,KASPAH277,v1,SRA,,
INF339,INF339,True,KLE19:NB08,SRR5082465,KASPAH277,v1,SRA,,
INF340,INF340,True,KLE19:NB09,ERR1008789,KASPAH277,v1,SRA,,
INF342,INF342,True,KLE21:NB07,ERR1023721,KASPAH277,v1,SRA,,
INF347,INF347,True,KLE09:NB07,ERR1008794,KASPAH277,v1,SRA,,
INF349,INF349,True,KLE09:NB08|KLE19:NB10,ERR1015282,KASPAH277,v1,SRA,,
INF351,INF351,True,KLE21:NB08,ERR1015284,KASPAH277,v1,SRA,,
INF353,INF353,True,KLE19:NB11,ERR1015286,KASPAH277,v1,SRA,,
INF356,INF356,True,KLE29:NB13,ERR1015289,KASPAH277,v1,SRA,,
INF360,INF360,True,KLE21:NB12|KLE32:NB15,ERR1015292,KASPAH277,v1,SRA,,
KSB1_10A_v2,KSB1_10A,True,RM02:NB21,KSB1_10A_S20,KASPAH277,v2,131_RM,KSB1_10A,ERR1015301
KSB1_10C,KSB1_10C,True,KLE20:NB13,ERR1015314,KASPAH277,v1,SRA,,
KSB1_10D,KSB1_10D,True,KLE20:NB14,ERR1215620,KASPAH277,v1,SRA,,
KSB1_10F,KSB1_10F,True,KLE20:NB15,ERR1023643,KASPAH277,v1,SRA,,
KSB1_10G,KSB1_10G,True,KLE20:NB16,ERR1023652,KASPAH277,v1,SRA,,
KSB1_10H,KSB1_10H,True,KLE21:NB09,ERR1023659,KASPAH277,v1,SRA,,
KSB1_1A,KSB1_1A,True,KLE29:NB24,ERR1015295,KASPAH277,v1,SRA,,
KSB1_1C,KSB1_1C,True,KLE31:NB21,ERR1015307,KASPAH277,v1,SRA,,
KSB1_1D,KSB1_1D,True,KLE31:NB22,ERR1015315,KASPAH277,v1,SRA,,
KSB1_1E_v2,KSB1_1E,True,RM01:NB01,ERR1215621,KASPAH277,v2,SRA,KSB1_1E,
KSB1_1F,KSB1_1F,True,KLE09:NB10,ERR1023635,KASPAH277,v1,SRA,,
KSB1_1G,KSB1_1G,True,KLE20:NB17,ERR1023644,KASPAH277,v1,SRA,,
KSB1_2A,KSB1_2A,True,KLE23:NB17,ERR1015296,KASPAH277,v1,SRA,,
KSB1_2C,KSB1_2C,True,KLE09:NB11,ERR1215618,KASPAH277,v1,SRA,,
KSB1_2D,KSB1_2D,True,KLE23:NB18,ERR1015316,KASPAH277,v1,SRA,,
KSB1_2E,KSB1_2E,True,KLE23:NB19,ERR1015322,KASPAH277,v1,SRA,,
KSB1_2F,KSB1_2F,True,KLE20:NB18,ERR1023636,KASPAH277,v1,SRA,,
KSB1_2G,KSB1_2G,True,KLE20:NB19,ERR1023645,KASPAH277,v1,SRA,,
KSB1_2I,KSB1_2I,True,KLE09:NB12,ERR1023661,KASPAH277,v1,SRA,,
KSB1_2J,KSB1_2J,True,KLE10:NB01|KLE26:NB13|KLE32:NB20,ERR1023668,KASPAH277,v1,SRA,,
KSB1_3B,KSB1_3B,True,KLE10:NB02|KLE26:NB14|KLE32:NB21,ERR1015303,KASPAH277,v1,SRA,,
KSB1_3C,KSB1_3C,True,KLE10:NB03|KLE26:NB15|KLE32:NB22,ERR1215619,KASPAH277,v1,SRA,,
KSB1_3D,KSB1_3D,True,KLE10:NB04|KLE26:NB16,ERR1015317,EXCLUDED,v1,SRA,,
KSB1_3E,KSB1_3E,True,KLE20:NB20,ERR1015323,EXCLUDED,v1,SRA,,
KSB1_3F,KSB1_3F,True,KLE10:NB05|KLE26:NB17|KLE32:NB23,ERR1023637,KASPAH277,v1,SRA,,
KSB1_3G,KSB1_3G,True,KLE10:NB06|KLE26:NB18|KLE32:NB24,ERR1023646,KASPAH277,v1,SRA,,
KSB1_3I,KSB1_3I,True,KLE10:NB07|KLE26:NB19,ERR1023662,KASPAH277,v1,SRA,,
KSB1_3J,KSB1_3J,True,KLE10:NB08|KLE26:NB20,ERR1023669,KASPAH277,v1,SRA,,
KSB1_4A,KSB1_4A,True,KLE10:NB09|KLE26:NB21,ERR1015297,KASPAH277,v1,SRA,,
KSB1_4B,KSB1_4B,True,KLE10:NB10|KLE26:NB22,ERR1015304,KASPAH277,v1,SRA,,
KSB1_4C,KSB1_4C,True,KLE10:NB11|KLE26:NB23,ERR1015308,KASPAH277,v1,SRA,,
KSB1_4D,KSB1_4D,True,KLE10:NB12|KLE26:NB24,ERR1015318,KASPAH277,v1,SRA,,
KSB1_4G,KSB1_4G,True,KLE11:NB01,ERR1023647,KASPAH277,v1,SRA,,
KSB1_4H,KSB1_4H,True,KLE29:NB14,ERR1023654,KASPAH277,v1,SRA,,
KSB1_4J,KSB1_4J,True,KLE11:NB02,ERR1023670,KASPAH277,v1,SRA,,
KSB1_5A,KSB1_5A,True,KLE11:NB03,ERR1015298,KASPAH277,v1,SRA,,
KSB1_5C,KSB1_5C,True,KLE11:NB04,ERR1015309,KASPAH277,v1,SRA,,
KSB1_5E,KSB1_5E,True,KLE11:NB05,ERR1023629,KASPAH277,v1,SRA,,
KSB1_5F,KSB1_5F,True,KLE11:NB06,ERR1023639,KASPAH277,v1,SRA,,
KSB1_6B,KSB1_6B,True,KLE11:NB07,SRR5082490,KASPAH277,v1,SRA,,
KSB1_6C,KSB1_6C,True,KLE11:NB08,ERR1015310,KASPAH277,v1,SRA,,
KSB1_6D_v2,KSB1_6D,True,RM02:NB22,KSB1_6D_S21,KASPAH277,v2,131_RM,KSB1_6D,ERR1015319
KSB1_6E,KSB1_6E,True,KLE11:NB10,ERR1023630,KASPAH277,v1,SRA,,
KSB1_6I.1,KSB1_6I,True,KLE24:NB11,ERR1023664,KASPAH277,v1,SRA,,
KSB1_6I.2,KSB1_6I,True,KLE24:NB12,ERR1023664,HETEROGENOUS,v1,SRA,,
KSB1_7B.1,KSB1_7B,True,KLE25:NB19,SRR5082468,KASPAH277,v1,SRA,,
KSB1_7B.2,KSB1_7B,True,KLE25:NB20,SRR5082468,HETEROGENOUS,v1,SRA,,
KSB1_7C,KSB1_7C,True,KLE11:NB11,ERR1015311,KASPAH277,v1,SRA,,
KSB1_7D,KSB1_7D,True,KLE11:NB12,ERR1015320,KASPAH277,v1,SRA,,
KSB1_7H,KSB1_7H,True,KLE23:NB20,ERR1023656,KASPAH277,v1,SRA,,
KSB1_8A,KSB1_8A,True,KLE12:NB01,ERR1015300,KASPAH277,v1,SRA,,
KSB1_8B,KSB1_8B,True,KLE12:NB02,ERR1015305,KASPAH277,v1,SRA,,
KSB1_8E.1,KSB1_8E,True,KLE29:NB17,ERR1023632,KASPAH277,v1,SRA,,
KSB1_8E.2,KSB1_8E,True,KLE29:NB18,ERR1023632,HETEROGENOUS,v1,SRA,,
KSB1_8F,KSB1_8F,True,KLE12:NB03,ERR1023641,KASPAH277,v1,SRA,,
KSB1_8I,KSB1_8I,True,KLE12:NB04,ERR1023665,KASPAH277,v1,SRA,,
KSB1_9B,KSB1_9B,True,KLE12:NB05,ERR1023724,KASPAH277,v1,SRA,,
KSB1_9E,KSB1_9E,True,KLE20:NB21,ERR1023633,KASPAH277,v1,SRA,,
KSB2_10C.1,KSB2_10C,True,KLE29:NB19,ERR1023699,KASPAH277,v1,SRA,,
KSB2_10C.2,KSB2_10C,True,KLE25:NB23,ERR1023699,HETEROGENOUS,v1,SRA,,
KSB2_1D,KSB2_1D,True,KLE20:NB22,ERR1023700,KASPAH277,v1,SRA,,
KSB2_3B,KSB2_3B,True,KLE12:NB06,ERR1023687,KASPAH277,v1,SRA,,
KSB2_3C,KSB2_3C,True,KLE23:NB21,ERR1023694,KASPAH277,v1,SRA,,
KSB2_4A,KSB2_4A,True,KLE12:NB07,ERR1023678,EXCLUDED,v1,SRA,,
KSB2_4B,KSB2_4B,True,KLE23:NB22,ERR1023688,KASPAH277,v1,SRA,,
KSB2_4D,KSB2_4D,True,KLE12:NB08,ERR1023703,EXCLUDED,v1,SRA,,
KSB2_5D_v2,KSB2_5D,True,RM02:NB23,KSB2_5D_S22,KASPAH277,v2,131_RM,KSB2_5D,ERR1215633
KSB2_6A,KSB2_6A,True,KLE23:NB23,ERR1023680,EXCLUDED,v1,SRA,,
KSB2_6B.1,KSB2_6B,True,KLE25:NB17,ERR1023689,KASPAH277,v1,SRA,,
KSB2_6B.2,KSB2_6B,True,KLE25:NB18,ERR1023689,HETEROGENOUS,v1,SRA,,
KSB2_6D,KSB2_6D,True,KLE23:NB24,ERR1023704,KASPAH277,v1,SRA,,
KSB2_7A,KSB2_7A,True,KLE29:NB20,ERR1023681,KASPAH277,v1,SRA,,
KSB2_7B,KSB2_7B,True,KLE20:NB23,ERR1023690,KASPAH277,v1,SRA,,
KSB2_7C,KSB2_7C,True,KLE12:NB10,ERR1023696,KASPAH277,v1,SRA,,
KSB2_8A,KSB2_8A,True,KLE12:NB11,ERR1023682,KASPAH277,v1,SRA,,
KSB2_8C,KSB2_8C,True,KLE12:NB12,ERR1023697,KASPAH277,v1,SRA,,
KSB2_8D,KSB2_8D,True,KLE20:NB24,ERR1215634,KASPAH277,v1,SRA,,
KSB2_9B,KSB2_9B,True,KLE02:12,SRR5082486,KASPAH99,v1,SRA,,
KSB2_9C,KSB2_9C,True,KLE21:NB10,ERR1023698,KASPAH277,v1,SRA,,
