run_id,model,kit,batch_size
KLE02,dna_r10.4.1_e8.2_260bps_sup@v4.0.0,SQK-NBD112-96,2000
KLE03,dna_r10.4.1_e8.2_260bps_sup@v4.0.0,SQK-NBD114-24,2000
KLE04,dna_r10.4.1_e8.2_260bps_sup@v4.0.0,SQK-NBD114-24,2000
KLE05,dna_r10.4.1_e8.2_260bps_sup@v4.0.0,SQK-NBD114-24,2000
KLE06,dna_r10.4.1_e8.2_260bps_sup@v4.0.0,SQK-NBD114-24,2000
KLE07,dna_r10.4.1_e8.2_260bps_sup@v4.0.0,SQK-NBD114-24,2000
KLE09,dna_r10.4.1_e8.2_260bps_sup@v4.0.0,SQK-NBD114-24,2000
KLE11,dna_r10.4.1_e8.2_260bps_sup@v4.0.0,SQK-NBD114-24,2000
KLE12,dna_r10.4.1_e8.2_260bps_sup@v4.0.0,SQK-NBD114-24,2000
KLE13,dna_r10.4.1_e8.2_260bps_sup@v4.0.0,SQK-NBD114-24,2000
KLE14,dna_r10.4.1_e8.2_260bps_sup@v4.0.0,SQK-NBD114-24,2000
KLE15,dna_r10.4.1_e8.2_260bps_sup@v4.0.0,SQK-NBD114-24,2000
KLE16,dna_r10.4.1_e8.2_260bps_sup@v4.0.0,SQK-NBD114-24,2000
KLE17,dna_r10.4.1_e8.2_260bps_sup@v4.0.0,SQK-NBD114-24,2000
KLE18,dna_r10.4.1_e8.2_260bps_sup@v4.0.0,SQK-NBD114-24,2000
KLE19,dna_r10.4.1_e8.2_400bps_sup@v4.3.0,SQK-NBD114-24,2000
KLE20,dna_r10.4.1_e8.2_260bps_sup@v4.0.0,SQK-NBD114-24,2000
KLE21,dna_r10.4.1_e8.2_400bps_sup@v4.3.0,SQK-NBD114-24,2000
KLE22,dna_r10.4.1_e8.2_400bps_sup@v4.3.0,SQK-NBD114-24,2000
KLE23,dna_r10.4.1_e8.2_260bps_sup@v4.0.0,SQK-NBD114-24,2000
KLE24,dna_r10.4.1_e8.2_400bps_sup@v4.3.0,SQK-NBD114-24,2000
KLE25,dna_r10.4.1_e8.2_260bps_sup@v4.0.0,SQK-NBD114-24,2000
KLE26,dna_r10.4.1_e8.2_400bps_sup@v4.3.0,SQK-NBD114-24,2000
KLE27,dna_r10.4.1_e8.2_260bps_sup@v4.0.0,SQK-NBD114-24,2000
KLE28,dna_r10.4.1_e8.2_400bps_sup@v4.3.0,SQK-NBD114-24,2000
KLE29,dna_r10.4.1_e8.2_260bps_sup@v4.0.0,SQK-NBD114-24,2000
KLE30,dna_r10.4.1_e8.2_400bps_sup@v4.3.0,SQK-NBD114-24,2000
KLE31,dna_r10.4.1_e8.2_400bps_sup@v4.3.0,SQK-NBD114-24,2000
KLE32,dna_r10.4.1_e8.2_400bps_sup@v4.3.0,SQK-NBD114-24,2000
RM01,dna_r10.4.1_e8.2_400bps_sup@v4.3.0,SQK-NBD114-24,2000
RM02,dna_r10.4.1_e8.2_400bps_sup@v4.3.0,SQK-NBD114-24,2000
