metric	mean	median	min	max	std
ont_reads	76576.9	66579.5	4734.0	567129.0	54620.5
ont_bases	914341838.7	841306147.0	76639141.0	3922231034.0	517733755.9
ont_mean_read_len	12955.7	13134.4	3873.0	22252.3	2852.6
ont_read_n50	18214.9	18325.0	4467.0	36230.0	4762.7
ont_mean_qual	16.8	17.0	9.6	19.8	1.4
ont_q20_pct	85.9	87.0	42.0	92.0	5.4
ont_depth	165.3	151.0	14.1	661.0	92.1
illumina_read_pairs	2742364.0	2578010.0	1167252.0	7795268.0	816889.2
illumina_bases	702425993.9	649082381.0	290303978.0	2136559112.0	232421353.1
illumina_read_len	127.3	124.0	124.0	281.0	17.8
illumina_q30_pct	93.1	94.1	76.5	100.0	2.7
illumina_pct_reads_kept	97.4	97.5	86.8	99.3	1.4
illumina_depth	127.3	118.6	55.7	375.5	43.0
contigs	2.8	2.0	1.0	16.0	1.9
mean_contig_len	2682123.2	2644416.2	357759.9	5584118.0	1461769.7
total_len	5529506.9	5519564.5	5095397.0	6488464.0	204365.8
chromosome_len	5318718.5	5307218.0	5031183.0	5660135.0	124937.4
chromosome_gc_pct	57.5	57.5	57.1	58.3	0.2
plasmid_contigs	1.8	1.0	0.0	15.0	1.9
